legacy_codigo,cnpj,fonte,metodo
000000,20110809000000,BdGeral.mdb:Tabelas,scan_celula:DATA
000001,75030700000128,BdGeral.mdb:Geral,colunas_nomeadas
000002,79348207000101,BdGeral.mdb:Geral,colunas_nomeadas
000003,75030700000209,BdGeral.mdb:Geral,colunas_nomeadas
000004,79348207000292,BdGeral.mdb:Geral,colunas_nomeadas
000005,79191706000138,BdGeral.mdb:Geral,colunas_nomeadas
000006,20100601000000,BdGeral.mdb:Tabelas,scan_celula:DATA
000007,20100601000000,BdGeral.mdb:Tabelas,scan_celula:DATA
000008,20040826000000,BdGeral.mdb:Contatos,scan_celula:DATA
000009,20100601000000,BdGeral.mdb:Tabelas,scan_celula:DATA
000017,20000928000000,BdGeral.mdb:Icms,scan_celula:DATA
000024,03192722000183,BdGeral.mdb:Geral,colunas_nomeadas
000025,90810706002589,BdGeral.mdb:Icms,scan_celula:OBNF
000026,77985042000153,BdGeral.mdb:Geral,colunas_nomeadas
000027,92189695000543,BdGeral.mdb:Geral,colunas_nomeadas
000029,01331730000138,BdGeral.mdb:Geral,colunas_nomeadas
000039,20060210000000,BdGeral.mdb:Icms,scan_celula:DATA
000040,30046296000142,BdGeral.mdb:Icms,scan_celula:OBNF
000066,20080814000000,BdGeral.mdb:Icms,scan_celula:DATA
000069,20090227000000,BdGeral.mdb:Icms,scan_celula:DATA
000072,20100305000000,BdGeral.mdb:Icms,scan_celula:DATA
000073,20100305000000,BdGeral.mdb:Icms,scan_celula:DATA
000081,20110412000000,BdGeral.mdb:Icms,scan_celula:DATA
000099,20100601000000,BdGeral.mdb:Tabelas,scan_celula:DATA
00010004,20011203000000,BdGeral.mdb:Produtos,scan_celula:DATA
000132,20100601000000,BdGeral.mdb:Tabelas,scan_celula:DATA
000175,20100601000000,BdGeral.mdb:Tabelas,scan_celula:DATA
000210,84871011000137,BdGeral.mdb:Geral,colunas_nomeadas
000211,00457320000175,BdGeral.mdb:Geral,colunas_nomeadas
000214,01676697000188,BdGeral.mdb:Geral,colunas_nomeadas
000218,79132478000125,BdGeral.mdb:Geral,colunas_nomeadas
000221,85038347000186,BdGeral.mdb:Geral,colunas_nomeadas
000222,82268905000101,BdGeral.mdb:Geral,colunas_nomeadas
000223,81719213000170,BdGeral.mdb:Geral,colunas_nomeadas
000224,79045134000189,BdGeral.mdb:Geral,colunas_nomeadas
000225,00613904000192,BdGeral.mdb:Geral,colunas_nomeadas
000227,04739282000102,BdGeral.mdb:Geral,colunas_nomeadas
000228,03430585000178,BdGeral.mdb:Geral,colunas_nomeadas
000230,78433703000109,BdGeral.mdb:Geral,colunas_nomeadas
000231,08653132000124,BdGeral.mdb:Geral,colunas_nomeadas
000232,85042885000144,BdGeral.mdb:Geral,colunas_nomeadas
000233,81213134000192,BdGeral.mdb:Geral,colunas_nomeadas
000234,79582755000100,BdGeral.mdb:Geral,colunas_nomeadas
000235,01125486000157,BdGeral.mdb:Geral,colunas_nomeadas
000236,63000376000116,BdGeral.mdb:Geral,colunas_nomeadas
000237,00278768000121,BdGeral.mdb:Geral,colunas_nomeadas
000238,82471582000159,BdGeral.mdb:Geral,colunas_nomeadas
000239,76457902000113,BdGeral.mdb:Geral,colunas_nomeadas
000241,00674149000156,BdGeral.mdb:Geral,colunas_nomeadas
000242,80593049000134,BdGeral.mdb:Geral,colunas_nomeadas
000243,01340849000177,BdGeral.mdb:Geral,colunas_nomeadas
000244,01343481000109,BdGeral.mdb:Geral,colunas_nomeadas
000245,04655784000147,BdGeral.mdb:Geral,colunas_nomeadas
000246,77456382000197,BdGeral.mdb:Geral,colunas_nomeadas
000247,81709974000140,BdGeral.mdb:Geral,colunas_nomeadas
000248,68762038000135,BdGeral.mdb:Geral,colunas_nomeadas
000249,77279495000164,BdGeral.mdb:Geral,colunas_nomeadas
000250,00737039000196,BdGeral.mdb:Geral,colunas_nomeadas
000251,01547787000179,BdGeral.mdb:Geral,colunas_nomeadas
000252,82306283000169,BdGeral.mdb:Geral,colunas_nomeadas
000253,73460453000174,BdGeral.mdb:Geral,colunas_nomeadas
000254,82468646000162,BdGeral.mdb:Geral,colunas_nomeadas
000255,02044874000176,BdGeral.mdb:Geral,colunas_nomeadas
000256,03170899000189,BdGeral.mdb:Geral,colunas_nomeadas
000257,85511301000132,BdGeral.mdb:Geral,colunas_nomeadas
000258,79597571000105,BdGeral.mdb:Geral,colunas_nomeadas
000259,79558607000141,BdGeral.mdb:Geral,colunas_nomeadas
000260,79790929000111,BdGeral.mdb:Geral,colunas_nomeadas
000261,02472122000106,BdGeral.mdb:Geral,colunas_nomeadas
000262,02921108000142,BdGeral.mdb:Geral,colunas_nomeadas
000263,02146940000119,BdGeral.mdb:Geral,colunas_nomeadas
000264,47111562000176,BdGeral.mdb:Geral,colunas_nomeadas
000265,03047596000173,BdGeral.mdb:Geral,colunas_nomeadas
000266,01413056000130,BdGeral.mdb:Geral,colunas_nomeadas
000267,01600066000185,BdGeral.mdb:Geral,colunas_nomeadas
000268,02937292000119,BdGeral.mdb:Geral,colunas_nomeadas
000269,02140970000118,BdGeral.mdb:Geral,colunas_nomeadas
000270,00722521000152,BdGeral.mdb:Geral,colunas_nomeadas
000271,00660239000198,BdGeral.mdb:Geral,colunas_nomeadas
000272,00069677000186,BdGeral.mdb:Geral,colunas_nomeadas
000273,00056055000113,BdGeral.mdb:Geral,colunas_nomeadas
000274,67550004000114,BdGeral.mdb:Geral,colunas_nomeadas
000275,85093433000191,BdGeral.mdb:Geral,colunas_nomeadas
000276,84811686000190,BdGeral.mdb:Geral,colunas_nomeadas
000277,82338740000105,BdGeral.mdb:Geral,colunas_nomeadas
000278,01319493000190,BdGeral.mdb:Geral,colunas_nomeadas
000279,79734117000159,BdGeral.mdb:Geral,colunas_nomeadas
000280,81075558000138,BdGeral.mdb:Geral,colunas_nomeadas
000281,00681581000174,BdGeral.mdb:Geral,colunas_nomeadas
000282,01058127000124,BdGeral.mdb:Geral,colunas_nomeadas
000283,00465394000153,BdGeral.mdb:Geral,colunas_nomeadas
000285,79568994000105,BdGeral.mdb:Geral,colunas_nomeadas
000286,03418592000154,BdGeral.mdb:Geral,colunas_nomeadas
000287,04717191000168,BdGeral.mdb:Geral,colunas_nomeadas
000288,73517302000105,BdGeral.mdb:Geral,colunas_nomeadas
000289,76352848000141,BdGeral.mdb:Geral,colunas_nomeadas
000290,84850635000178,BdGeral.mdb:Geral,colunas_nomeadas
000291,04635175000126,BdGeral.mdb:Geral,colunas_nomeadas
000292,03940067000102,BdGeral.mdb:Geral,colunas_nomeadas
000293,02142592000101,BdGeral.mdb:Geral,colunas_nomeadas
000294,01326195000127,BdGeral.mdb:Geral,colunas_nomeadas
000295,77335149000156,BdGeral.mdb:Geral,colunas_nomeadas
000296,01722785000179,BdGeral.mdb:Geral,colunas_nomeadas
000297,77258382000182,BdGeral.mdb:Geral,colunas_nomeadas
000298,03405524000150,BdGeral.mdb:Geral,colunas_nomeadas
000299,75274423000280,BdGeral.mdb:Geral,colunas_nomeadas
000310,20100601000000,BdGeral.mdb:Tabelas,scan_celula:DATA
000370,20100601000000,BdGeral.mdb:Tabelas,scan_celula:DATA
000400,20100601000000,BdGeral.mdb:Tabelas,scan_celula:DATA
000418,20100601000000,BdGeral.mdb:Tabelas,scan_celula:DATA
000434,20100601000000,BdGeral.mdb:Tabelas,scan_celula:DATA
000477,20100601000000,BdGeral.mdb:Tabelas,scan_celula:DATA
000531,20100601000000,BdGeral.mdb:Tabelas,scan_celula:DATA
000590,20100601000000,BdGeral.mdb:Tabelas,scan_celula:DATA
000639,20100601000000,BdGeral.mdb:Tabelas,scan_celula:DATA
000647,20100601000000,BdGeral.mdb:Tabelas,scan_celula:DATA
000655,20100601000000,BdGeral.mdb:Tabelas,scan_celula:DATA
000698,20100601000000,BdGeral.mdb:Tabelas,scan_celula:DATA
000728,20100601000000,BdGeral.mdb:Tabelas,scan_celula:DATA
000736,20100601000000,BdGeral.mdb:Tabelas,scan_celula:DATA
000779,20100601000000,BdGeral.mdb:Tabelas,scan_celula:DATA
00080014,20200331000000,BdGeral.mdb:Produtos,scan_celula:DATA
000809,20100601000000,BdGeral.mdb:Tabelas,scan_celula:DATA
000817,20100601000000,BdGeral.mdb:Tabelas,scan_celula:DATA
000833,20100601000000,BdGeral.mdb:Tabelas,scan_celula:DATA
000850,20100601000000,BdGeral.mdb:Tabelas,scan_celula:DATA
000876,20100601000000,BdGeral.mdb:Tabelas,scan_celula:DATA
000884,20100601000000,BdGeral.mdb:Tabelas,scan_celula:DATA
000906,20100601000000,BdGeral.mdb:Tabelas,scan_celula:DATA
000930,20100601000000,BdGeral.mdb:Tabelas,scan_celula:DATA
000973,20100601000000,BdGeral.mdb:Tabelas,scan_celula:DATA
000981,20100601000000,BdGeral.mdb:Tabelas,scan_celula:DATA
001015,20100601000000,BdGeral.mdb:Tabelas,scan_celula:DATA
001058,20100601000000,BdGeral.mdb:Tabelas,scan_celula:DATA
001082,20100601000000,BdGeral.mdb:Tabelas,scan_celula:DATA
001112,20100601000000,BdGeral.mdb:Tabelas,scan_celula:DATA
001155,20100601000000,BdGeral.mdb:Tabelas,scan_celula:DATA
001198,20100601000000,BdGeral.mdb:Tabelas,scan_celula:DATA
001279,20100601000000,BdGeral.mdb:Tabelas,scan_celula:DATA
001376,20100601000000,BdGeral.mdb:Tabelas,scan_celula:DATA
001414,20100601000000,BdGeral.mdb:Tabelas,scan_celula:DATA
001457,20100601000000,BdGeral.mdb:Tabelas,scan_celula:DATA
001490,20100601000000,BdGeral.mdb:Tabelas,scan_celula:DATA
00150310,34274001121520,Movime2.mdb:SegurosItens,scan_celula:VLRS
001504,20100601000000,BdGeral.mdb:Tabelas,scan_celula:DATA
00150710,20100504000000,Movime2.mdb:Seguros,scan_celula:DATA
00150810,20100504000000,Movime2.mdb:Seguros,scan_celula:DATA
001511,20100601000000,BdGeral.mdb:Tabelas,scan_celula:DATA
00151610,34274001121520,Movime2.mdb:SegurosItens,scan_celula:VLRS
00152310,04343999922275,Movime2.mdb:SegurosItens,scan_celula:VLRS
00152910,04343999922275,Movime2.mdb:SegurosItens,scan_celula:VLRS
00153510,20100520000000,Movime2.mdb:Seguros,scan_celula:DATA
00153610,20100520000000,Movime2.mdb:Seguros,scan_celula:DATA
001538,20100601000000,BdGeral.mdb:Tabelas,scan_celula:DATA
00154110,34274001121520,Movime2.mdb:SegurosItens,scan_celula:VLRS
001546,20100601000000,BdGeral.mdb:Tabelas,scan_celula:DATA
00155410,20100601000000,Movime2.mdb:Seguros,scan_celula:DATA
00155510,20100601000000,Movime2.mdb:Seguros,scan_celula:DATA
00155810,04343999922275,Movime2.mdb:SegurosItens,scan_celula:VLRS
00157110,34274001121520,Movime2.mdb:SegurosItens,scan_celula:VLRS
00158810,34274001121520,Movime2.mdb:SegurosItens,scan_celula:VLRS
001589,20100601000000,BdGeral.mdb:Tabelas,scan_celula:DATA
001600,20100601000000,BdGeral.mdb:Tabelas,scan_celula:DATA
00160210,20448000431060,Movime2.mdb:SegurosItens,scan_celula:VLRS
00160410,34274001121520,Movime2.mdb:SegurosItens,scan_celula:VLRS
001619,20100601000000,BdGeral.mdb:Tabelas,scan_celula:DATA
00161910,34274001121520,Movime2.mdb:SegurosItens,scan_celula:VLRS
001635,20100601000000,BdGeral.mdb:Tabelas,scan_celula:DATA
001651,20100601000000,BdGeral.mdb:Tabelas,scan_celula:DATA
001694,20100601000000,BdGeral.mdb:Tabelas,scan_celula:DATA
001732,20100601000000,BdGeral.mdb:Tabelas,scan_celula:DATA
001775,20100601000000,BdGeral.mdb:Tabelas,scan_celula:DATA
001830,20100601000000,BdGeral.mdb:Tabelas,scan_celula:DATA
001872,20100601000000,BdGeral.mdb:Tabelas,scan_celula:DATA
001902,20100601000000,BdGeral.mdb:Tabelas,scan_celula:DATA
001937,20100601000000,BdGeral.mdb:Tabelas,scan_celula:DATA
001953,20100601000000,BdGeral.mdb:Tabelas,scan_celula:DATA
001961,20100601000000,BdGeral.mdb:Tabelas,scan_celula:DATA
001988,20100601000000,BdGeral.mdb:Tabelas,scan_celula:DATA
001996,20100601000000,BdGeral.mdb:Tabelas,scan_celula:DATA
002100,15534019000195,BdGeral.mdb:Geral,colunas_nomeadas
002101,79783957000101,BdGeral.mdb:Geral,colunas_nomeadas
002102,01730560000164,BdGeral.mdb:Geral,colunas_nomeadas
002103,02126989000100,BdGeral.mdb:Geral,colunas_nomeadas
002104,00211405000179,BdGeral.mdb:Geral,colunas_nomeadas
002105,85495133000139,BdGeral.mdb:Geral,colunas_nomeadas
002106,58818345000137,BdGeral.mdb:Geral,colunas_nomeadas
002107,01231928000140,BdGeral.mdb:Geral,colunas_nomeadas
002108,00203386000139,BdGeral.mdb:Geral,colunas_nomeadas
002109,79089421000190,BdGeral.mdb:Geral,colunas_nomeadas
002110,01941964000105,BdGeral.mdb:Geral,colunas_nomeadas
002111,78737202000108,BdGeral.mdb:Geral,colunas_nomeadas
002112,01846616000140,BdGeral.mdb:Geral,colunas_nomeadas
002113,76525054000132,BdGeral.mdb:Geral,colunas_nomeadas
002114,00114920000130,BdGeral.mdb:Geral,colunas_nomeadas
002115,75007187000154,BdGeral.mdb:Geral,colunas_nomeadas
002118,85495133000139,BdGeral.mdb:Geral,colunas_nomeadas
002119,02016412000145,BdGeral.mdb:Geral,colunas_nomeadas
002120,02210115000136,BdGeral.mdb:Geral,colunas_nomeadas
002121,00251784000120,BdGeral.mdb:Geral,colunas_nomeadas
002122,79114450012503,BdGeral.mdb:Geral,colunas_nomeadas
002123,00148695000153,BdGeral.mdb:Geral,colunas_nomeadas
002124,82349234000103,BdGeral.mdb:Geral,colunas_nomeadas
002125,73371882000175,BdGeral.mdb:Geral,colunas_nomeadas
002127,77524312000129,BdGeral.mdb:Geral,colunas_nomeadas
002128,04587742000116,BdGeral.mdb:Geral,colunas_nomeadas
002129,02050630000104,BdGeral.mdb:Geral,colunas_nomeadas
002131,83298349000189,BdGeral.mdb:Geral,colunas_nomeadas
002132,01693642000186,BdGeral.mdb:Geral,colunas_nomeadas
002134,75589192000112,BdGeral.mdb:Geral,colunas_nomeadas
002135,82033077000122,BdGeral.mdb:Geral,colunas_nomeadas
002136,03567757000150,BdGeral.mdb:Geral,colunas_nomeadas
002137,14975171000140,BdGeral.mdb:Geral,colunas_nomeadas
002138,01617287000166,BdGeral.mdb:Geral,colunas_nomeadas
002139,01319731000167,BdGeral.mdb:Geral,colunas_nomeadas
002140,03770258000165,BdGeral.mdb:Geral,colunas_nomeadas
002141,79102026000109,BdGeral.mdb:Geral,colunas_nomeadas
002142,75474007000144,BdGeral.mdb:Geral,colunas_nomeadas
002143,04758077000186,BdGeral.mdb:Geral,colunas_nomeadas
002144,77549244000152,BdGeral.mdb:Geral,colunas_nomeadas
002145,95447363000186,BdGeral.mdb:Geral,colunas_nomeadas
002146,80170525000104,BdGeral.mdb:Geral,colunas_nomeadas
002147,77914422000105,BdGeral.mdb:Geral,colunas_nomeadas
002148,79051850000179,BdGeral.mdb:Geral,colunas_nomeadas
002149,81264830000128,BdGeral.mdb:Geral,colunas_nomeadas
002150,01370297000140,BdGeral.mdb:Geral,colunas_nomeadas
002151,02288636000106,BdGeral.mdb:Geral,colunas_nomeadas
002152,04190137000107,BdGeral.mdb:Geral,colunas_nomeadas
002153,01602914000195,BdGeral.mdb:Geral,colunas_nomeadas
002154,80559842000206,BdGeral.mdb:Geral,colunas_nomeadas
002155,00738100000110,BdGeral.mdb:Geral,colunas_nomeadas
002156,80026545000106,BdGeral.mdb:Geral,colunas_nomeadas
002157,04773678000168,BdGeral.mdb:Geral,colunas_nomeadas
002159,02432626000100,BdGeral.mdb:Geral,colunas_nomeadas
002160,65615361000198,BdGeral.mdb:Geral,colunas_nomeadas
002161,01557318000130,BdGeral.mdb:Geral,colunas_nomeadas
002162,01647554000148,BdGeral.mdb:Geral,colunas_nomeadas
002163,02777844000179,BdGeral.mdb:Geral,colunas_nomeadas
002164,03118694000154,BdGeral.mdb:Geral,colunas_nomeadas
002165,03439471000199,BdGeral.mdb:Geral,colunas_nomeadas
002166,02531498000144,BdGeral.mdb:Geral,colunas_nomeadas
002167,72106487000100,BdGeral.mdb:Geral,colunas_nomeadas
002168,86864691000197,BdGeral.mdb:Geral,colunas_nomeadas
002169,62740345000139,BdGeral.mdb:Geral,colunas_nomeadas
002170,76480383000104,BdGeral.mdb:Geral,colunas_nomeadas
002171,81713489000140,BdGeral.mdb:Geral,colunas_nomeadas
002172,83568451000157,BdGeral.mdb:Geral,colunas_nomeadas
002173,54519012000156,BdGeral.mdb:Geral,colunas_nomeadas
002174,77976678000139,BdGeral.mdb:Geral,colunas_nomeadas
002175,01673445000103,BdGeral.mdb:Geral,colunas_nomeadas
002176,73653826000123,BdGeral.mdb:Geral,colunas_nomeadas
002177,01702287000164,BdGeral.mdb:Geral,colunas_nomeadas
002178,85074680000140,BdGeral.mdb:Geral,colunas_nomeadas
002179,77807246000102,BdGeral.mdb:Geral,colunas_nomeadas
002180,82451378000176,BdGeral.mdb:Geral,colunas_nomeadas
002181,00681307000103,BdGeral.mdb:Geral,colunas_nomeadas
002182,82505074000144,BdGeral.mdb:Geral,colunas_nomeadas
002183,02969174000192,BdGeral.mdb:Geral,colunas_nomeadas
002184,01656935000193,BdGeral.mdb:Geral,colunas_nomeadas
002185,77437309000178,BdGeral.mdb:Geral,colunas_nomeadas
002186,01996435000109,BdGeral.mdb:Geral,colunas_nomeadas
002187,82977570000109,BdGeral.mdb:Geral,colunas_nomeadas
002189,02611907000112,BdGeral.mdb:Geral,colunas_nomeadas
002190,78131612000100,BdGeral.mdb:Geral,colunas_nomeadas
002191,01701299000174,BdGeral.mdb:Geral,colunas_nomeadas
002192,75084871000130,BdGeral.mdb:Geral,colunas_nomeadas
002193,03747371000120,BdGeral.mdb:Geral,colunas_nomeadas
002194,02983230001387,BdGeral.mdb:Geral,colunas_nomeadas
002195,80866197000185,BdGeral.mdb:Geral,colunas_nomeadas
002196,82240722000188,BdGeral.mdb:Geral,colunas_nomeadas
002197,75628602000197,BdGeral.mdb:Geral,colunas_nomeadas
002198,82353822000110,BdGeral.mdb:Geral,colunas_nomeadas
002199,01629755000112,BdGeral.mdb:Geral,colunas_nomeadas
002200,79119491000144,BdGeral.mdb:Geral,colunas_nomeadas
002201,02983230000577,BdGeral.mdb:Geral,colunas_nomeadas
002203,85009355000102,BdGeral.mdb:Geral,colunas_nomeadas
002204,72532278000110,BdGeral.mdb:Geral,colunas_nomeadas
002205,75233874000198,BdGeral.mdb:Geral,colunas_nomeadas
002206,79595880000146,BdGeral.mdb:Geral,colunas_nomeadas
002207,03420292000100,BdGeral.mdb:Geral,colunas_nomeadas
002208,02864348000152,BdGeral.mdb:Geral,colunas_nomeadas
002209,74394156000130,BdGeral.mdb:Geral,colunas_nomeadas
002210,78570454000195,BdGeral.mdb:Geral,colunas_nomeadas
002211,77941227000166,BdGeral.mdb:Geral,colunas_nomeadas
002212,85095701000104,BdGeral.mdb:Geral,colunas_nomeadas
002213,78691763000113,BdGeral.mdb:Geral,colunas_nomeadas
002214,01261670000124,BdGeral.mdb:Geral,colunas_nomeadas
002215,02265562000192,BdGeral.mdb:Geral,colunas_nomeadas
002216,81822801000134,BdGeral.mdb:Geral,colunas_nomeadas
002217,83169821000183,BdGeral.mdb:Geral,colunas_nomeadas
002218,76159748000101,BdGeral.mdb:Geral,colunas_nomeadas
002219,00378019000176,BdGeral.mdb:Geral,colunas_nomeadas
002220,72261043000131,BdGeral.mdb:Geral,colunas_nomeadas
002221,81431595000131,BdGeral.mdb:Geral,colunas_nomeadas
002222,76043850000139,BdGeral.mdb:Geral,colunas_nomeadas
002223,79735551000153,BdGeral.mdb:Geral,colunas_nomeadas
002224,76951839000177,BdGeral.mdb:Geral,colunas_nomeadas
002225,81897068000117,BdGeral.mdb:Geral,colunas_nomeadas
002226,76604875000164,BdGeral.mdb:Geral,colunas_nomeadas
002227,82655093000157,BdGeral.mdb:Geral,colunas_nomeadas
002228,75690081000106,BdGeral.mdb:Geral,colunas_nomeadas
002229,72560097000106,BdGeral.mdb:Geral,colunas_nomeadas
002230,85483238000178,BdGeral.mdb:Geral,colunas_nomeadas
002231,72444904000117,BdGeral.mdb:Geral,colunas_nomeadas
002232,77143402000170,BdGeral.mdb:Geral,colunas_nomeadas
002233,77143402000501,BdGeral.mdb:Geral,colunas_nomeadas
002234,77143402000927,BdGeral.mdb:Geral,colunas_nomeadas
002235,78924776000195,BdGeral.mdb:Geral,colunas_nomeadas
002236,76766039000186,BdGeral.mdb:Geral,colunas_nomeadas
002237,94221215000186,BdGeral.mdb:Geral,colunas_nomeadas
002238,85129484000630,BdGeral.mdb:Geral,colunas_nomeadas
002239,78357969000101,BdGeral.mdb:Geral,colunas_nomeadas
002240,79451720000123,BdGeral.mdb:Geral,colunas_nomeadas
002241,02540412000140,BdGeral.mdb:Geral,colunas_nomeadas
002242,95769105000116,BdGeral.mdb:Geral,colunas_nomeadas
002243,81541930000154,BdGeral.mdb:Geral,colunas_nomeadas
002244,81897092000156,BdGeral.mdb:Geral,colunas_nomeadas
002245,01179921000126,BdGeral.mdb:Geral,colunas_nomeadas
002246,78752961000301,BdGeral.mdb:Geral,colunas_nomeadas
002247,00149978000110,BdGeral.mdb:Geral,colunas_nomeadas
002248,82340498000104,BdGeral.mdb:Geral,colunas_nomeadas
002249,01431971000159,BdGeral.mdb:Geral,colunas_nomeadas
002250,02142239000121,BdGeral.mdb:Geral,colunas_nomeadas
002251,00159189000160,BdGeral.mdb:Geral,colunas_nomeadas
002252,50466879000130,BdGeral.mdb:Geral,colunas_nomeadas
002254,76074830000125,BdGeral.mdb:Geral,colunas_nomeadas
002255,63052906000170,BdGeral.mdb:Geral,colunas_nomeadas
002256,84864479000102,BdGeral.mdb:Geral,colunas_nomeadas
002257,01087711000108,BdGeral.mdb:Geral,colunas_nomeadas
002258,61125654000136,BdGeral.mdb:Geral,colunas_nomeadas
002259,04154915000102,BdGeral.mdb:Geral,colunas_nomeadas
002260,77335149000156,BdGeral.mdb:Geral,colunas_nomeadas
002261,80920465000280,BdGeral.mdb:Geral,colunas_nomeadas
002262,43683101000206,BdGeral.mdb:Geral,colunas_nomeadas
002263,43683101000540,BdGeral.mdb:Geral,colunas_nomeadas
002264,56057557000113,BdGeral.mdb:Geral,colunas_nomeadas
002265,01148664000165,BdGeral.mdb:Geral,colunas_nomeadas
002266,01538663000127,BdGeral.mdb:Geral,colunas_nomeadas
002267,00952538000104,BdGeral.mdb:Geral,colunas_nomeadas
002268,02142127000170,BdGeral.mdb:Geral,colunas_nomeadas
002269,02326109000149,BdGeral.mdb:Geral,colunas_nomeadas
002270,01149461000193,BdGeral.mdb:Geral,colunas_nomeadas
002271,00418955000163,BdGeral.mdb:Geral,colunas_nomeadas
002272,80816556000190,BdGeral.mdb:Geral,colunas_nomeadas
002273,82270810000122,BdGeral.mdb:Geral,colunas_nomeadas
002274,81043010000106,BdGeral.mdb:Geral,colunas_nomeadas
002275,73762734000181,BdGeral.mdb:Geral,colunas_nomeadas
002276,61619276000147,BdGeral.mdb:Geral,colunas_nomeadas
002277,00497277000171,BdGeral.mdb:Geral,colunas_nomeadas
002278,04780475000107,BdGeral.mdb:Geral,colunas_nomeadas
002279,75571190000104,BdGeral.mdb:Geral,colunas_nomeadas
002280,01693614000169,BdGeral.mdb:Geral,colunas_nomeadas
002281,00947976000176,BdGeral.mdb:Geral,colunas_nomeadas
002282,00344920000127,BdGeral.mdb:Geral,colunas_nomeadas
002283,02390455000196,BdGeral.mdb:Geral,colunas_nomeadas
002284,01062826000148,BdGeral.mdb:Geral,colunas_nomeadas
002285,80262272000107,BdGeral.mdb:Geral,colunas_nomeadas
002286,78073798000199,BdGeral.mdb:Geral,colunas_nomeadas
002288,02794247000152,BdGeral.mdb:Geral,colunas_nomeadas
002289,76780014000137,BdGeral.mdb:Geral,colunas_nomeadas
002290,00821626000169,BdGeral.mdb:Geral,colunas_nomeadas
002291,85242006000128,BdGeral.mdb:Geral,colunas_nomeadas
002293,83647750000691,BdGeral.mdb:Geral,colunas_nomeadas
002294,03695366000110,BdGeral.mdb:Geral,colunas_nomeadas
002295,95451720000180,BdGeral.mdb:Geral,colunas_nomeadas
002296,81718769000141,BdGeral.mdb:Geral,colunas_nomeadas
002297,80807712000156,BdGeral.mdb:Geral,colunas_nomeadas
002298,75263400000199,BdGeral.mdb:Geral,colunas_nomeadas
002299,73284218000199,BdGeral.mdb:Geral,colunas_nomeadas
002300,72489602000165,BdGeral.mdb:Geral,colunas_nomeadas
002301,81065922000260,BdGeral.mdb:Geral,colunas_nomeadas
002302,86998572000127,BdGeral.mdb:Geral,colunas_nomeadas
002303,79733986000169,BdGeral.mdb:Geral,colunas_nomeadas
002304,84928373000117,BdGeral.mdb:Geral,colunas_nomeadas
002305,43218445000155,BdGeral.mdb:Geral,colunas_nomeadas
002306,04589337000137,BdGeral.mdb:Geral,colunas_nomeadas
002307,37201308000105,BdGeral.mdb:Geral,colunas_nomeadas
002308,81355844000157,BdGeral.mdb:Geral,colunas_nomeadas
002309,91035378000186,BdGeral.mdb:Geral,colunas_nomeadas
002310,82878851000104,BdGeral.mdb:Geral,colunas_nomeadas
002311,83550145000193,BdGeral.mdb:Geral,colunas_nomeadas
002312,01501288000140,BdGeral.mdb:Geral,colunas_nomeadas
002313,79128195000533,BdGeral.mdb:Geral,colunas_nomeadas
002314,75457713000188,BdGeral.mdb:Geral,colunas_nomeadas
002315,77446797000260,BdGeral.mdb:Geral,colunas_nomeadas
002316,76771005000180,BdGeral.mdb:Geral,colunas_nomeadas
002317,78638061000338,BdGeral.mdb:Geral,colunas_nomeadas
002318,73511164000157,BdGeral.mdb:Geral,colunas_nomeadas
002319,72038771000189,BdGeral.mdb:Geral,colunas_nomeadas
002320,00221795000168,BdGeral.mdb:Geral,colunas_nomeadas
002321,82287780000167,BdGeral.mdb:Geral,colunas_nomeadas
002322,82414194000136,BdGeral.mdb:Geral,colunas_nomeadas
002323,02141747000195,BdGeral.mdb:Geral,colunas_nomeadas
002324,81177586000166,BdGeral.mdb:Geral,colunas_nomeadas
002325,00239501000125,BdGeral.mdb:Geral,colunas_nomeadas
002326,80334568000188,BdGeral.mdb:Geral,colunas_nomeadas
002327,75256479000120,BdGeral.mdb:Geral,colunas_nomeadas
002328,78763588000122,BdGeral.mdb:Geral,colunas_nomeadas
002329,01211409000110,BdGeral.mdb:Geral,colunas_nomeadas
002330,82206103000177,BdGeral.mdb:Geral,colunas_nomeadas
002331,04780323000104,BdGeral.mdb:Geral,colunas_nomeadas
002332,04507409000150,BdGeral.mdb:Geral,colunas_nomeadas
002333,01102093000128,BdGeral.mdb:Geral,colunas_nomeadas
002334,01883050000127,BdGeral.mdb:Geral,colunas_nomeadas
002335,15375991000164,BdGeral.mdb:Geral,colunas_nomeadas
002336,73264897000134,BdGeral.mdb:Geral,colunas_nomeadas
002337,72088537000166,BdGeral.mdb:Geral,colunas_nomeadas
002338,02201709000180,BdGeral.mdb:Geral,colunas_nomeadas
002339,77894863000184,BdGeral.mdb:Geral,colunas_nomeadas
002340,94646247000123,BdGeral.mdb:Geral,colunas_nomeadas
002341,78943925000163,BdGeral.mdb:Geral,colunas_nomeadas
002342,03952029000161,BdGeral.mdb:Geral,colunas_nomeadas
002343,00287418000121,BdGeral.mdb:Geral,colunas_nomeadas
002344,01002845000189,BdGeral.mdb:Geral,colunas_nomeadas
002345,76462845000160,BdGeral.mdb:Geral,colunas_nomeadas
002346,78082294000135,BdGeral.mdb:Geral,colunas_nomeadas
002347,26760926000179,BdGeral.mdb:Geral,colunas_nomeadas
002348,82072422000137,BdGeral.mdb:Geral,colunas_nomeadas
002349,84429810001200,BdGeral.mdb:Geral,colunas_nomeadas
002350,04753387000108,BdGeral.mdb:Geral,colunas_nomeadas
002351,71858955000122,BdGeral.mdb:Geral,colunas_nomeadas
002352,00153718000118,BdGeral.mdb:Geral,colunas_nomeadas
002353,01456297000167,BdGeral.mdb:Geral,colunas_nomeadas
002354,01304468000132,BdGeral.mdb:Geral,colunas_nomeadas
002355,01617436000197,BdGeral.mdb:Geral,colunas_nomeadas
002356,78467107000131,BdGeral.mdb:Geral,colunas_nomeadas
002357,00146845000190,BdGeral.mdb:Geral,colunas_nomeadas
002358,16008401000128,BdGeral.mdb:Geral,colunas_nomeadas
002359,01661395000136,BdGeral.mdb:Geral,colunas_nomeadas
002360,43962539000134,BdGeral.mdb:Geral,colunas_nomeadas
002361,03217090000165,BdGeral.mdb:Geral,colunas_nomeadas
002362,01864272000100,BdGeral.mdb:Geral,colunas_nomeadas
002363,33325135000186,BdGeral.mdb:Geral,colunas_nomeadas
002364,46040593000625,BdGeral.mdb:Geral,colunas_nomeadas
002365,76365824000127,BdGeral.mdb:Geral,colunas_nomeadas
002366,00760571000124,BdGeral.mdb:Geral,colunas_nomeadas
002367,45652518000148,BdGeral.mdb:Geral,colunas_nomeadas
002368,26901793000103,BdGeral.mdb:Geral,colunas_nomeadas
002369,00069846000188,BdGeral.mdb:Geral,colunas_nomeadas
002370,00683635000130,BdGeral.mdb:Geral,colunas_nomeadas
002371,02175289000105,BdGeral.mdb:Geral,colunas_nomeadas
002372,01718711000169,BdGeral.mdb:Geral,colunas_nomeadas
002373,01128560000199,BdGeral.mdb:Geral,colunas_nomeadas
002374,01319895000194,BdGeral.mdb:Geral,colunas_nomeadas
002375,24781155000170,BdGeral.mdb:Geral,colunas_nomeadas
002376,02136298000197,BdGeral.mdb:Geral,colunas_nomeadas
002377,37822913000101,BdGeral.mdb:Geral,colunas_nomeadas
002378,00769570000140,BdGeral.mdb:Geral,colunas_nomeadas
002379,52065471000181,BdGeral.mdb:Geral,colunas_nomeadas
002380,00909655000187,BdGeral.mdb:Geral,colunas_nomeadas
002381,02302164000107,BdGeral.mdb:Geral,colunas_nomeadas
002382,48133730000197,BdGeral.mdb:Geral,colunas_nomeadas
002383,86550464000197,BdGeral.mdb:Geral,colunas_nomeadas
002384,67475558000102,BdGeral.mdb:Geral,colunas_nomeadas
002385,04071929000162,BdGeral.mdb:Geral,colunas_nomeadas
002386,74184607000105,BdGeral.mdb:Geral,colunas_nomeadas
002387,26723056000168,BdGeral.mdb:Geral,colunas_nomeadas
002388,04484443000156,BdGeral.mdb:Geral,colunas_nomeadas
002389,76547470000131,BdGeral.mdb:Geral,colunas_nomeadas
002390,25431008000133,BdGeral.mdb:Geral,colunas_nomeadas
002391,37401825000128,BdGeral.mdb:Geral,colunas_nomeadas
002392,01765154000137,BdGeral.mdb:Geral,colunas_nomeadas
002393,36851376000157,BdGeral.mdb:Geral,colunas_nomeadas
002394,33287970000179,BdGeral.mdb:Geral,colunas_nomeadas
002395,15975345000138,BdGeral.mdb:Geral,colunas_nomeadas
002396,03877222000185,BdGeral.mdb:Geral,colunas_nomeadas
002397,00553041000105,BdGeral.mdb:Geral,colunas_nomeadas
002398,81562696000141,BdGeral.mdb:Geral,colunas_nomeadas
002399,00641700000165,BdGeral.mdb:Geral,colunas_nomeadas
002400,75779082000113,BdGeral.mdb:Geral,colunas_nomeadas
002401,95848610000156,BdGeral.mdb:Geral,colunas_nomeadas
002402,82153842000148,BdGeral.mdb:Geral,colunas_nomeadas
002403,93993756000160,BdGeral.mdb:Geral,colunas_nomeadas
002404,46558789000100,BdGeral.mdb:Geral,colunas_nomeadas
002405,79647640000148,BdGeral.mdb:Geral,colunas_nomeadas
002406,79863247000191,BdGeral.mdb:Geral,colunas_nomeadas
002407,85338622000187,BdGeral.mdb:Geral,colunas_nomeadas
002408,01922875000103,BdGeral.mdb:Geral,colunas_nomeadas
002409,85405074000160,BdGeral.mdb:Geral,colunas_nomeadas
002410,75779082000202,BdGeral.mdb:Geral,colunas_nomeadas
002411,00092394000155,BdGeral.mdb:Geral,colunas_nomeadas
002412,01864947000103,BdGeral.mdb:Geral,colunas_nomeadas
002413,79227534000105,BdGeral.mdb:Geral,colunas_nomeadas
002414,00899154000167,BdGeral.mdb:Geral,colunas_nomeadas
002415,00269458000140,BdGeral.mdb:Geral,colunas_nomeadas
002416,00897000000136,BdGeral.mdb:Geral,colunas_nomeadas
002417,00089757000101,BdGeral.mdb:Geral,colunas_nomeadas
002418,01791806000108,BdGeral.mdb:Geral,colunas_nomeadas
002419,79690566000142,BdGeral.mdb:Geral,colunas_nomeadas
002420,00521115000121,BdGeral.mdb:Geral,colunas_nomeadas
002421,83061630000101,BdGeral.mdb:Geral,colunas_nomeadas
002422,00109606000160,BdGeral.mdb:Geral,colunas_nomeadas
002423,85262194000156,BdGeral.mdb:Geral,colunas_nomeadas
002424,81844698000123,BdGeral.mdb:Geral,colunas_nomeadas
002425,79276937000144,BdGeral.mdb:Geral,colunas_nomeadas
002426,85140986000158,BdGeral.mdb:Geral,colunas_nomeadas
002427,75415620000190,BdGeral.mdb:Geral,colunas_nomeadas
002428,97498489000105,BdGeral.mdb:Geral,colunas_nomeadas
002429,75357384000101,BdGeral.mdb:Geral,colunas_nomeadas
002430,74169871000170,BdGeral.mdb:Geral,colunas_nomeadas
002431,81571168000159,BdGeral.mdb:Geral,colunas_nomeadas
002432,75801209000153,BdGeral.mdb:Geral,colunas_nomeadas
002433,80750490000182,BdGeral.mdb:Geral,colunas_nomeadas
002434,83491191000169,BdGeral.mdb:Geral,colunas_nomeadas
002435,60979614000199,BdGeral.mdb:Geral,colunas_nomeadas
002436,80675911000158,BdGeral.mdb:Geral,colunas_nomeadas
002437,85288157000117,BdGeral.mdb:Geral,colunas_nomeadas
002438,76812957000102,BdGeral.mdb:Geral,colunas_nomeadas
002439,85102184000153,BdGeral.mdb:Geral,colunas_nomeadas
002440,83101337000112,BdGeral.mdb:Geral,colunas_nomeadas
002441,00694297000132,BdGeral.mdb:Geral,colunas_nomeadas
002442,82103342000100,BdGeral.mdb:Geral,colunas_nomeadas
002443,86749793000161,BdGeral.mdb:Geral,colunas_nomeadas
002444,85311298000103,BdGeral.mdb:Geral,colunas_nomeadas
002445,00603627000137,BdGeral.mdb:Geral,colunas_nomeadas
002446,73866949000142,BdGeral.mdb:Geral,colunas_nomeadas
002447,02417393000169,BdGeral.mdb:Geral,colunas_nomeadas
002448,78117025000167,BdGeral.mdb:Geral,colunas_nomeadas
002449,75905380000102,BdGeral.mdb:Geral,colunas_nomeadas
002450,82221102000100,BdGeral.mdb:Geral,colunas_nomeadas
002451,82500034000100,BdGeral.mdb:Geral,colunas_nomeadas
002452,00523056000120,BdGeral.mdb:Geral,colunas_nomeadas
002453,76062538000192,BdGeral.mdb:Geral,colunas_nomeadas
002454,76062488000496,BdGeral.mdb:Geral,colunas_nomeadas
002455,76489483000100,BdGeral.mdb:Geral,colunas_nomeadas
002456,04488242000127,BdGeral.mdb:Geral,colunas_nomeadas
002457,79451720000204,BdGeral.mdb:Geral,colunas_nomeadas
002458,81562084000159,BdGeral.mdb:Geral,colunas_nomeadas
002459,04216252000103,BdGeral.mdb:Geral,colunas_nomeadas
002460,04042028000142,BdGeral.mdb:Geral,colunas_nomeadas
002461,82455742000176,BdGeral.mdb:Geral,colunas_nomeadas
002462,86717600000190,BdGeral.mdb:Geral,colunas_nomeadas
002463,78456191000198,BdGeral.mdb:Geral,colunas_nomeadas
002464,00633090000158,BdGeral.mdb:Geral,colunas_nomeadas
002465,65784969000146,BdGeral.mdb:Geral,colunas_nomeadas
002466,01227000000191,BdGeral.mdb:Geral,colunas_nomeadas
002467,67087700000136,BdGeral.mdb:Geral,colunas_nomeadas
002468,73196396000168,BdGeral.mdb:Geral,colunas_nomeadas
002469,02009429000175,BdGeral.mdb:Geral,colunas_nomeadas
002470,00325600000120,BdGeral.mdb:Geral,colunas_nomeadas
002471,46578480000173,BdGeral.mdb:Geral,colunas_nomeadas
002472,02966134000197,BdGeral.mdb:Geral,colunas_nomeadas
002473,67468462000109,BdGeral.mdb:Geral,colunas_nomeadas
002474,46224820000168,BdGeral.mdb:Geral,colunas_nomeadas
002475,60495850000130,BdGeral.mdb:Geral,colunas_nomeadas
002476,54177423000100,BdGeral.mdb:Geral,colunas_nomeadas
002477,81905267000120,BdGeral.mdb:Geral,colunas_nomeadas
002478,81236242000180,BdGeral.mdb:Geral,colunas_nomeadas
002479,75136267000100,BdGeral.mdb:Geral,colunas_nomeadas
002480,01305609000131,BdGeral.mdb:Geral,colunas_nomeadas
002481,02983230000143,BdGeral.mdb:Geral,colunas_nomeadas
002482,77153476000197,BdGeral.mdb:Geral,colunas_nomeadas
002483,02144973000120,BdGeral.mdb:Geral,colunas_nomeadas
002484,80529605000103,BdGeral.mdb:Geral,colunas_nomeadas
002485,00482800000196,BdGeral.mdb:Geral,colunas_nomeadas
002486,02008496000175,BdGeral.mdb:Geral,colunas_nomeadas
002487,01988980000145,BdGeral.mdb:Geral,colunas_nomeadas
002488,81636615000100,BdGeral.mdb:Geral,colunas_nomeadas
002489,01880117000170,BdGeral.mdb:Geral,colunas_nomeadas
002490,84834571000111,BdGeral.mdb:Geral,colunas_nomeadas
002491,73907941000187,BdGeral.mdb:Geral,colunas_nomeadas
002492,80351182000184,BdGeral.mdb:Geral,colunas_nomeadas
002493,00987227000172,BdGeral.mdb:Geral,colunas_nomeadas
002494,77396240000181,BdGeral.mdb:Geral,colunas_nomeadas
002496,00597084000192,BdGeral.mdb:Geral,colunas_nomeadas
002497,78919859000196,BdGeral.mdb:Geral,colunas_nomeadas
002498,79114450003008,BdGeral.mdb:Geral,colunas_nomeadas
002499,79114450001560,BdGeral.mdb:Geral,colunas_nomeadas
002500,79114450003423,BdGeral.mdb:Geral,colunas_nomeadas
002501,79114450002532,BdGeral.mdb:Geral,colunas_nomeadas
002502,79114450001137,BdGeral.mdb:Geral,colunas_nomeadas
002503,79114450001056,BdGeral.mdb:Geral,colunas_nomeadas
002504,79114450002028,BdGeral.mdb:Geral,colunas_nomeadas
002505,79114450001480,BdGeral.mdb:Geral,colunas_nomeadas
002506,00853881000193,BdGeral.mdb:Geral,colunas_nomeadas
002507,79114450012333,BdGeral.mdb:Geral,colunas_nomeadas
002508,79114450004071,BdGeral.mdb:Geral,colunas_nomeadas
002509,79114450002370,BdGeral.mdb:Geral,colunas_nomeadas
002510,79114450002613,BdGeral.mdb:Geral,colunas_nomeadas
002511,79114450001641,BdGeral.mdb:Geral,colunas_nomeadas
002512,79114450000750,BdGeral.mdb:Geral,colunas_nomeadas
002513,79114450003180,BdGeral.mdb:Geral,colunas_nomeadas
002514,79114450012414,BdGeral.mdb:Geral,colunas_nomeadas
002516,44804888000190,BdGeral.mdb:Geral,colunas_nomeadas
002517,00574224000107,BdGeral.mdb:Geral,colunas_nomeadas
002518,01533665000123,BdGeral.mdb:Geral,colunas_nomeadas
002519,00305541000128,BdGeral.mdb:Geral,colunas_nomeadas
002520,03255711000103,BdGeral.mdb:Geral,colunas_nomeadas
002521,02347899000149,BdGeral.mdb:Geral,colunas_nomeadas
002522,77759843000362,BdGeral.mdb:Geral,colunas_nomeadas
002523,03080731000182,BdGeral.mdb:Geral,colunas_nomeadas
002524,44889756000109,BdGeral.mdb:Geral,colunas_nomeadas
002525,56255557000128,BdGeral.mdb:Geral,colunas_nomeadas
002526,77873289000188,BdGeral.mdb:Geral,colunas_nomeadas
002527,78288404000624,BdGeral.mdb:Geral,colunas_nomeadas
002528,74297078000156,BdGeral.mdb:Geral,colunas_nomeadas
002530,02289499000124,BdGeral.mdb:Geral,colunas_nomeadas
002531,55173793000132,BdGeral.mdb:Geral,colunas_nomeadas
002532,74295908000106,BdGeral.mdb:Geral,colunas_nomeadas
002533,57821944000147,BdGeral.mdb:Geral,colunas_nomeadas
002534,72884109000140,BdGeral.mdb:Geral,colunas_nomeadas
002535,61468823000130,BdGeral.mdb:Geral,colunas_nomeadas
002536,52726759000150,BdGeral.mdb:Geral,colunas_nomeadas
002537,66170374000163,BdGeral.mdb:Geral,colunas_nomeadas
002538,00424215000130,BdGeral.mdb:Geral,colunas_nomeadas
002539,01851197000135,BdGeral.mdb:Geral,colunas_nomeadas
002540,02143845000161,BdGeral.mdb:Geral,colunas_nomeadas
002541,46211090000160,BdGeral.mdb:Geral,colunas_nomeadas
002542,74431362000173,BdGeral.mdb:Geral,colunas_nomeadas
002543,04883520000140,BdGeral.mdb:Geral,colunas_nomeadas
002544,50535616000135,BdGeral.mdb:Geral,colunas_nomeadas
002545,04193318000197,BdGeral.mdb:Geral,colunas_nomeadas
002546,47772793000120,BdGeral.mdb:Geral,colunas_nomeadas
002547,74297086000100,BdGeral.mdb:Geral,colunas_nomeadas
002548,71818165000113,BdGeral.mdb:Geral,colunas_nomeadas
002549,62529219000130,BdGeral.mdb:Geral,colunas_nomeadas
002550,66626433000165,BdGeral.mdb:Geral,colunas_nomeadas
002551,01071656000168,BdGeral.mdb:Geral,colunas_nomeadas
002552,00297907000164,BdGeral.mdb:Geral,colunas_nomeadas
002553,74244682000114,BdGeral.mdb:Geral,colunas_nomeadas
002555,01416796000120,BdGeral.mdb:Geral,colunas_nomeadas
002556,85135796000223,BdGeral.mdb:Geral,colunas_nomeadas
002557,56582596000130,BdGeral.mdb:Geral,colunas_nomeadas
002558,79805685000101,BdGeral.mdb:Geral,colunas_nomeadas
002559,86999562000106,BdGeral.mdb:Geral,colunas_nomeadas
002560,01919175000160,BdGeral.mdb:Geral,colunas_nomeadas
002561,02177909000145,BdGeral.mdb:Geral,colunas_nomeadas
002562,01972321000110,BdGeral.mdb:Geral,colunas_nomeadas
002563,79762514000134,BdGeral.mdb:Geral,colunas_nomeadas
002564,00433384000136,BdGeral.mdb:Geral,colunas_nomeadas
002565,79453742000122,BdGeral.mdb:Geral,colunas_nomeadas
002566,80302904000100,BdGeral.mdb:Geral,colunas_nomeadas
002568,00825796000111,BdGeral.mdb:Geral,colunas_nomeadas
002569,01396650000160,BdGeral.mdb:Geral,colunas_nomeadas
002570,80779374000196,BdGeral.mdb:Geral,colunas_nomeadas
002571,82516857000123,BdGeral.mdb:Geral,colunas_nomeadas
002575,02238751000176,BdGeral.mdb:Geral,colunas_nomeadas
002576,00277453000160,BdGeral.mdb:Geral,colunas_nomeadas
002577,77371383000139,BdGeral.mdb:Geral,colunas_nomeadas
002580,00397937000142,BdGeral.mdb:Geral,colunas_nomeadas
002581,82504705000100,BdGeral.mdb:Geral,colunas_nomeadas
002582,02350501000123,BdGeral.mdb:Geral,colunas_nomeadas
002584,00941847000170,BdGeral.mdb:Geral,colunas_nomeadas
002585,02983230000224,BdGeral.mdb:Geral,colunas_nomeadas
002586,81406175000103,BdGeral.mdb:Geral,colunas_nomeadas
002587,80478993000140,BdGeral.mdb:Geral,colunas_nomeadas
002588,77889988000116,BdGeral.mdb:Geral,colunas_nomeadas
002589,80745755000154,BdGeral.mdb:Geral,colunas_nomeadas
002590,86548682000197,BdGeral.mdb:Geral,colunas_nomeadas
002591,02431035000100,BdGeral.mdb:Geral,colunas_nomeadas
002592,00967563000153,BdGeral.mdb:Geral,colunas_nomeadas
002593,81888935000158,BdGeral.mdb:Geral,colunas_nomeadas
002594,03883360000177,BdGeral.mdb:Geral,colunas_nomeadas
002595,00535185000139,BdGeral.mdb:Geral,colunas_nomeadas
002596,02381476000145,BdGeral.mdb:Geral,colunas_nomeadas
002597,57259392000125,BdGeral.mdb:Geral,colunas_nomeadas
002599,48698880000148,BdGeral.mdb:Geral,colunas_nomeadas
002600,81753774000195,BdGeral.mdb:Geral,colunas_nomeadas
002603,82552803000113,BdGeral.mdb:Geral,colunas_nomeadas
002604,77351153000108,BdGeral.mdb:Geral,colunas_nomeadas
002605,00192481000184,BdGeral.mdb:Geral,colunas_nomeadas
002606,58040106000107,BdGeral.mdb:Geral,colunas_nomeadas
002607,02451319000169,BdGeral.mdb:Geral,colunas_nomeadas
002608,04207578000174,BdGeral.mdb:Geral,colunas_nomeadas
002609,02408803000105,BdGeral.mdb:Geral,colunas_nomeadas
002610,00458949000130,BdGeral.mdb:Geral,colunas_nomeadas
002611,72419831000103,BdGeral.mdb:Geral,colunas_nomeadas
002612,82322991000193,BdGeral.mdb:Geral,colunas_nomeadas
002613,78357969000705,BdGeral.mdb:Geral,colunas_nomeadas
002614,82074279000112,BdGeral.mdb:Geral,colunas_nomeadas
002615,76777648000130,BdGeral.mdb:Geral,colunas_nomeadas
002617,79347571000157,BdGeral.mdb:Geral,colunas_nomeadas
002619,01795682000139,BdGeral.mdb:Geral,colunas_nomeadas
002620,01762220000115,BdGeral.mdb:Geral,colunas_nomeadas
002621,86916954000164,BdGeral.mdb:Geral,colunas_nomeadas
002622,02297625000192,BdGeral.mdb:Geral,colunas_nomeadas
002623,79128195000967,BdGeral.mdb:Geral,colunas_nomeadas
002624,79114450008816,BdGeral.mdb:Geral,colunas_nomeadas
002625,75905380000293,BdGeral.mdb:Geral,colunas_nomeadas
002626,81645590000101,BdGeral.mdb:Geral,colunas_nomeadas
002627,67491373000183,BdGeral.mdb:Geral,colunas_nomeadas
002628,01562450000130,BdGeral.mdb:Geral,colunas_nomeadas
002629,02508400000138,BdGeral.mdb:Geral,colunas_nomeadas
002632,76062538001164,BdGeral.mdb:Geral,colunas_nomeadas
002633,79780672000117,BdGeral.mdb:Geral,colunas_nomeadas
002634,79534178000172,BdGeral.mdb:Geral,colunas_nomeadas
002636,88301155005500,BdGeral.mdb:Geral,colunas_nomeadas
002637,88301155005410,BdGeral.mdb:Geral,colunas_nomeadas
002638,43465145002386,BdGeral.mdb:Geral,colunas_nomeadas
002639,43465145002467,BdGeral.mdb:Geral,colunas_nomeadas
002640,88301155005178,BdGeral.mdb:Geral,colunas_nomeadas
002641,02170319000190,BdGeral.mdb:Geral,colunas_nomeadas
002642,73538282000159,BdGeral.mdb:Geral,colunas_nomeadas
002643,72384902000180,BdGeral.mdb:Geral,colunas_nomeadas
002644,02574645000163,BdGeral.mdb:Geral,colunas_nomeadas
002645,82331240000133,BdGeral.mdb:Geral,colunas_nomeadas
002646,02705847000105,BdGeral.mdb:Geral,colunas_nomeadas
002647,01965957000135,BdGeral.mdb:Geral,colunas_nomeadas
002648,80973944000184,BdGeral.mdb:Geral,colunas_nomeadas
002649,02144537000150,BdGeral.mdb:Geral,colunas_nomeadas
002650,75072165000178,BdGeral.mdb:Geral,colunas_nomeadas
002651,84876093000102,BdGeral.mdb:Geral,colunas_nomeadas
002652,73426140000108,BdGeral.mdb:Geral,colunas_nomeadas
002653,02003970000176,BdGeral.mdb:Geral,colunas_nomeadas
002654,01877713000109,BdGeral.mdb:Geral,colunas_nomeadas
002656,01654371000150,BdGeral.mdb:Geral,colunas_nomeadas
002657,93677979000118,BdGeral.mdb:Geral,colunas_nomeadas
002658,66002106000132,BdGeral.mdb:Geral,colunas_nomeadas
002659,02505225000125,BdGeral.mdb:Geral,colunas_nomeadas
002660,76043850000210,BdGeral.mdb:Geral,colunas_nomeadas
002662,75138172000206,BdGeral.mdb:Geral,colunas_nomeadas
002663,02601691000104,BdGeral.mdb:Geral,colunas_nomeadas
002664,26989350002321,BdGeral.mdb:Geral,colunas_nomeadas
002665,02120851000101,BdGeral.mdb:Geral,colunas_nomeadas
002666,95441515000133,BdGeral.mdb:Geral,colunas_nomeadas
002667,82083106000160,BdGeral.mdb:Geral,colunas_nomeadas
002668,02618675000124,BdGeral.mdb:Geral,colunas_nomeadas
002669,02623433000129,BdGeral.mdb:Geral,colunas_nomeadas
002670,96251665000147,BdGeral.mdb:Geral,colunas_nomeadas
002671,91334474000125,BdGeral.mdb:Geral,colunas_nomeadas
002672,72363757000150,BdGeral.mdb:Geral,colunas_nomeadas
002673,68364306000160,BdGeral.mdb:Geral,colunas_nomeadas
002674,57767113000134,BdGeral.mdb:Geral,colunas_nomeadas
002676,02937054000103,BdGeral.mdb:Geral,colunas_nomeadas
002677,62559893000167,BdGeral.mdb:Geral,colunas_nomeadas
002679,72260433000197,BdGeral.mdb:Geral,colunas_nomeadas
002680,78776341000140,BdGeral.mdb:Geral,colunas_nomeadas
002681,73334500000133,BdGeral.mdb:Geral,colunas_nomeadas
002682,81589590000301,BdGeral.mdb:Geral,colunas_nomeadas
002683,58572652000180,BdGeral.mdb:Geral,colunas_nomeadas
002684,59863571000100,BdGeral.mdb:Geral,colunas_nomeadas
002685,46351656000150,BdGeral.mdb:Geral,colunas_nomeadas
002686,01001640000189,BdGeral.mdb:Geral,colunas_nomeadas
002687,01106340000164,BdGeral.mdb:Geral,colunas_nomeadas
002689,00262401000110,BdGeral.mdb:Geral,colunas_nomeadas
002690,00912197000135,BdGeral.mdb:Geral,colunas_nomeadas
002691,01826136000118,BdGeral.mdb:Geral,colunas_nomeadas
002692,73637928000155,BdGeral.mdb:Geral,colunas_nomeadas
002693,01847955000141,BdGeral.mdb:Geral,colunas_nomeadas
002694,80531882000150,BdGeral.mdb:Geral,colunas_nomeadas
002696,53267126000193,BdGeral.mdb:Geral,colunas_nomeadas
002697,82282518000120,BdGeral.mdb:Geral,colunas_nomeadas
002700,00502121000131,BdGeral.mdb:Geral,colunas_nomeadas
002701,01013103000159,BdGeral.mdb:Geral,colunas_nomeadas
002703,02600408000120,BdGeral.mdb:Geral,colunas_nomeadas
002704,75138172000125,BdGeral.mdb:Geral,colunas_nomeadas
002706,02645750000146,BdGeral.mdb:Geral,colunas_nomeadas
002707,61974200000130,BdGeral.mdb:Geral,colunas_nomeadas
002708,48604615000153,BdGeral.mdb:Geral,colunas_nomeadas
002709,02029475000136,BdGeral.mdb:Geral,colunas_nomeadas
002710,60348877000108,BdGeral.mdb:Geral,colunas_nomeadas
002711,53669578000100,BdGeral.mdb:Geral,colunas_nomeadas
002712,59657650000157,BdGeral.mdb:Geral,colunas_nomeadas
002714,79565115000183,BdGeral.mdb:Geral,colunas_nomeadas
002715,01963186000147,BdGeral.mdb:Geral,colunas_nomeadas
002718,65405698000170,BdGeral.mdb:Geral,colunas_nomeadas
002719,56748437000162,BdGeral.mdb:Geral,colunas_nomeadas
002720,02700092000148,BdGeral.mdb:Geral,colunas_nomeadas
002722,02643384000196,BdGeral.mdb:Geral,colunas_nomeadas
002723,72876832000187,BdGeral.mdb:Geral,colunas_nomeadas
002725,00610464000110,BdGeral.mdb:Geral,colunas_nomeadas
002726,02148452000140,BdGeral.mdb:Geral,colunas_nomeadas
002727,83537274000141,BdGeral.mdb:Geral,colunas_nomeadas
002728,00532657000108,BdGeral.mdb:Geral,colunas_nomeadas
002729,00334258000124,BdGeral.mdb:Geral,colunas_nomeadas
002730,85188340000140,BdGeral.mdb:Geral,colunas_nomeadas
002732,68839562000167,BdGeral.mdb:Geral,colunas_nomeadas
002733,01396577000127,BdGeral.mdb:Geral,colunas_nomeadas
002734,79114450004314,BdGeral.mdb:Geral,colunas_nomeadas
002735,76778018000180,BdGeral.mdb:Geral,colunas_nomeadas
002736,02772321000130,BdGeral.mdb:Geral,colunas_nomeadas
002738,77399590000100,BdGeral.mdb:Geral,colunas_nomeadas
002739,02630765000130,BdGeral.mdb:Geral,colunas_nomeadas
002740,78434032000192,BdGeral.mdb:Geral,colunas_nomeadas
002742,79868907000127,BdGeral.mdb:Geral,colunas_nomeadas
002743,00937337000120,BdGeral.mdb:Geral,colunas_nomeadas
002744,09170562000158,BdGeral.mdb:Geral,colunas_nomeadas
002746,02788244000106,BdGeral.mdb:Geral,colunas_nomeadas
002750,00008642000137,BdGeral.mdb:Geral,colunas_nomeadas
002751,00675730000192,BdGeral.mdb:Geral,colunas_nomeadas
002752,72216666000192,BdGeral.mdb:Geral,colunas_nomeadas
002753,74675356000161,BdGeral.mdb:Geral,colunas_nomeadas
002755,75274423000107,BdGeral.mdb:Geral,colunas_nomeadas
002756,85379212000184,BdGeral.mdb:Geral,colunas_nomeadas
002757,83201244000160,BdGeral.mdb:Geral,colunas_nomeadas
002758,65564569000125,BdGeral.mdb:Geral,colunas_nomeadas
002759,82551342000164,BdGeral.mdb:Geral,colunas_nomeadas
002760,01367784000153,BdGeral.mdb:Geral,colunas_nomeadas
002762,02777014000141,BdGeral.mdb:Geral,colunas_nomeadas
002763,76369156000106,BdGeral.mdb:Geral,colunas_nomeadas
002765,02688822000132,BdGeral.mdb:Geral,colunas_nomeadas
002766,02598231000174,BdGeral.mdb:Geral,colunas_nomeadas
002767,02450505000183,BdGeral.mdb:Geral,colunas_nomeadas
002768,01652580000164,BdGeral.mdb:Geral,colunas_nomeadas
002769,01720508000127,BdGeral.mdb:Geral,colunas_nomeadas
002770,00259892000140,BdGeral.mdb:Geral,colunas_nomeadas
002772,95835377000177,BdGeral.mdb:Geral,colunas_nomeadas
002773,80339989000100,BdGeral.mdb:Geral,colunas_nomeadas
002774,01985419000102,BdGeral.mdb:Geral,colunas_nomeadas
002775,02788244000378,BdGeral.mdb:Geral,colunas_nomeadas
002776,79114450013224,BdGeral.mdb:Geral,colunas_nomeadas
002777,77177475000182,BdGeral.mdb:Geral,colunas_nomeadas
002778,00737412000109,BdGeral.mdb:Geral,colunas_nomeadas
002779,02797974000173,BdGeral.mdb:Geral,colunas_nomeadas
002780,82282567000162,BdGeral.mdb:Geral,colunas_nomeadas
002781,02350215000168,BdGeral.mdb:Geral,colunas_nomeadas
002783,49524184000188,BdGeral.mdb:Geral,colunas_nomeadas
002784,00927847000116,BdGeral.mdb:Geral,colunas_nomeadas
002785,02401378000122,BdGeral.mdb:Geral,colunas_nomeadas
002788,04368898000106,BdGeral.mdb:Geral,colunas_nomeadas
002789,01967054000193,BdGeral.mdb:Geral,colunas_nomeadas
002790,02663612000190,BdGeral.mdb:Geral,colunas_nomeadas
002791,75209445000428,BdGeral.mdb:Geral,colunas_nomeadas
002792,02456718000112,BdGeral.mdb:Geral,colunas_nomeadas
002793,82671132000100,BdGeral.mdb:Geral,colunas_nomeadas
002794,52789419000178,BdGeral.mdb:Geral,colunas_nomeadas
002795,02301842000109,BdGeral.mdb:Geral,colunas_nomeadas
002796,01731845000110,BdGeral.mdb:Geral,colunas_nomeadas
002797,01742177000126,BdGeral.mdb:Geral,colunas_nomeadas
002799,82683681000102,BdGeral.mdb:Geral,colunas_nomeadas
002800,80730211000119,BdGeral.mdb:Geral,colunas_nomeadas
002801,80730211000208,BdGeral.mdb:Geral,colunas_nomeadas
002802,84933118002610,BdGeral.mdb:Geral,colunas_nomeadas
002803,59682583000554,BdGeral.mdb:Geral,colunas_nomeadas
002804,00466613000119,BdGeral.mdb:Geral,colunas_nomeadas
002806,03720859000163,BdGeral.mdb:Geral,colunas_nomeadas
002807,01383580000106,BdGeral.mdb:Geral,colunas_nomeadas
002808,76271147000420,BdGeral.mdb:Geral,colunas_nomeadas
002809,02278671000144,BdGeral.mdb:Geral,colunas_nomeadas
002810,38873337000186,BdGeral.mdb:Geral,colunas_nomeadas
002811,59682583000473,BdGeral.mdb:Geral,colunas_nomeadas
002814,81676124000193,BdGeral.mdb:Geral,colunas_nomeadas
002815,75138172000478,BdGeral.mdb:Geral,colunas_nomeadas
002816,02878181000189,BdGeral.mdb:Geral,colunas_nomeadas
002818,59151886000117,BdGeral.mdb:Geral,colunas_nomeadas
002819,00729245000154,BdGeral.mdb:Geral,colunas_nomeadas
002820,00888280000116,BdGeral.mdb:Geral,colunas_nomeadas
002821,80321789000111,BdGeral.mdb:Geral,colunas_nomeadas
002822,00308789000142,BdGeral.mdb:Geral,colunas_nomeadas
002823,03928571000189,BdGeral.mdb:Geral,colunas_nomeadas
002824,83033035000154,BdGeral.mdb:Geral,colunas_nomeadas
002825,74376823000152,BdGeral.mdb:Geral,colunas_nomeadas
002826,01166333000158,BdGeral.mdb:Geral,colunas_nomeadas
002827,71920110000110,BdGeral.mdb:Geral,colunas_nomeadas
002829,62956057000116,BdGeral.mdb:Geral,colunas_nomeadas
002830,02756094000159,BdGeral.mdb:Geral,colunas_nomeadas
002831,79038790000154,BdGeral.mdb:Geral,colunas_nomeadas
002834,58473745000409,BdGeral.mdb:Geral,colunas_nomeadas
002835,00453941000180,BdGeral.mdb:Geral,colunas_nomeadas
002836,60471372000128,BdGeral.mdb:Geral,colunas_nomeadas
002837,96423249000189,BdGeral.mdb:Geral,colunas_nomeadas
002838,02985979000120,BdGeral.mdb:Geral,colunas_nomeadas
002839,02458598000192,BdGeral.mdb:Geral,colunas_nomeadas
002840,01912340000151,BdGeral.mdb:Geral,colunas_nomeadas
002841,04872958000123,BdGeral.mdb:Geral,colunas_nomeadas
002844,00752671000109,BdGeral.mdb:Geral,colunas_nomeadas
002845,00162044000118,BdGeral.mdb:Geral,colunas_nomeadas
002846,72226954000128,BdGeral.mdb:Geral,colunas_nomeadas
002847,82146614000140,BdGeral.mdb:Geral,colunas_nomeadas
002848,02844642000100,BdGeral.mdb:Geral,colunas_nomeadas
002849,76263029000128,BdGeral.mdb:Geral,colunas_nomeadas
002852,85332559000171,BdGeral.mdb:Geral,colunas_nomeadas
002853,01703504000130,BdGeral.mdb:Geral,colunas_nomeadas
002854,73327298000112,BdGeral.mdb:Geral,colunas_nomeadas
002855,00329545000146,BdGeral.mdb:Geral,colunas_nomeadas
002856,95849410000118,BdGeral.mdb:Geral,colunas_nomeadas
002857,66610957000168,BdGeral.mdb:Geral,colunas_nomeadas
002858,54505607000152,BdGeral.mdb:Geral,colunas_nomeadas
002859,64668221000115,BdGeral.mdb:Geral,colunas_nomeadas
002860,67827139000184,BdGeral.mdb:Geral,colunas_nomeadas
002861,81494544000159,BdGeral.mdb:Geral,colunas_nomeadas
002862,02131906000170,BdGeral.mdb:Geral,colunas_nomeadas
002863,76938224000100,BdGeral.mdb:Geral,colunas_nomeadas
002864,80734189000185,BdGeral.mdb:Geral,colunas_nomeadas
002865,02939546000138,BdGeral.mdb:Geral,colunas_nomeadas
002866,83251397000111,BdGeral.mdb:Geral,colunas_nomeadas
002867,67959429000181,BdGeral.mdb:Geral,colunas_nomeadas
002868,68375773000196,BdGeral.mdb:Geral,colunas_nomeadas
002869,76567874000197,BdGeral.mdb:Geral,colunas_nomeadas
002870,01081548000176,BdGeral.mdb:Geral,colunas_nomeadas
002871,02568597000109,BdGeral.mdb:Geral,colunas_nomeadas
002874,02806888000180,BdGeral.mdb:Geral,colunas_nomeadas
002877,00668472000117,BdGeral.mdb:Geral,colunas_nomeadas
002878,00257124000157,BdGeral.mdb:Geral,colunas_nomeadas
002879,03022363000116,BdGeral.mdb:Geral,colunas_nomeadas
002881,71599724000141,BdGeral.mdb:Geral,colunas_nomeadas
002882,03043654000190,BdGeral.mdb:Geral,colunas_nomeadas
002883,04030627000146,BdGeral.mdb:Geral,colunas_nomeadas
002885,57542623000103,BdGeral.mdb:Geral,colunas_nomeadas
002886,03049036000158,BdGeral.mdb:Geral,colunas_nomeadas
002888,02792566000129,BdGeral.mdb:Geral,colunas_nomeadas
002889,00229364000148,BdGeral.mdb:Geral,colunas_nomeadas
002890,62599071000100,BdGeral.mdb:Geral,colunas_nomeadas
002891,75031054000113,BdGeral.mdb:Geral,colunas_nomeadas
002894,02108996000189,BdGeral.mdb:Geral,colunas_nomeadas
002895,03053418000155,BdGeral.mdb:Geral,colunas_nomeadas
002896,68402072000107,BdGeral.mdb:Geral,colunas_nomeadas
002897,79456943000183,BdGeral.mdb:Geral,colunas_nomeadas
002898,03034943000123,BdGeral.mdb:Geral,colunas_nomeadas
002899,79114450009707,BdGeral.mdb:Geral,colunas_nomeadas
002900,03159923000189,BdGeral.mdb:Geral,colunas_nomeadas
002901,00335574000110,BdGeral.mdb:Geral,colunas_nomeadas
002903,03100255000114,BdGeral.mdb:Geral,colunas_nomeadas
002904,53548533000179,BdGeral.mdb:Geral,colunas_nomeadas
002905,85208239000104,BdGeral.mdb:Geral,colunas_nomeadas
002906,01743200000105,BdGeral.mdb:Geral,colunas_nomeadas
002907,02392822000190,BdGeral.mdb:Geral,colunas_nomeadas
002908,88208988000120,BdGeral.mdb:Geral,colunas_nomeadas
002910,00093420000160,BdGeral.mdb:Geral,colunas_nomeadas
002911,74010059000105,BdGeral.mdb:Geral,colunas_nomeadas
002912,03076516000108,BdGeral.mdb:Geral,colunas_nomeadas
002913,02943994000105,BdGeral.mdb:Geral,colunas_nomeadas
002914,03158116000141,BdGeral.mdb:Geral,colunas_nomeadas
002915,00677984000140,BdGeral.mdb:Geral,colunas_nomeadas
002916,02310049000176,BdGeral.mdb:Geral,colunas_nomeadas
002917,01968665000156,BdGeral.mdb:Geral,colunas_nomeadas
002918,03181220000157,BdGeral.mdb:Geral,colunas_nomeadas
002919,03253137000146,BdGeral.mdb:Geral,colunas_nomeadas
002920,03092465000108,BdGeral.mdb:Geral,colunas_nomeadas
002922,95827440000123,BdGeral.mdb:Geral,colunas_nomeadas
002923,80007909000372,BdGeral.mdb:Geral,colunas_nomeadas
002924,02515857000170,BdGeral.mdb:Geral,colunas_nomeadas
002925,00000779000145,BdGeral.mdb:Geral,colunas_nomeadas
002927,02265834000154,BdGeral.mdb:Geral,colunas_nomeadas
002928,80463151000115,BdGeral.mdb:Geral,colunas_nomeadas
002930,64976715000167,BdGeral.mdb:Geral,colunas_nomeadas
002931,03153334000193,BdGeral.mdb:Geral,colunas_nomeadas
002932,03575860000141,BdGeral.mdb:Geral,colunas_nomeadas
002933,19990727000000,BdGeral.mdb:Geral,scan_celula:DATA
002935,02951392000108,BdGeral.mdb:Geral,colunas_nomeadas
002936,78293321000119,BdGeral.mdb:Geral,colunas_nomeadas
002937,02714324000117,BdGeral.mdb:Geral,colunas_nomeadas
002939,45141546000109,BdGeral.mdb:Geral,colunas_nomeadas
002940,03105607000124,BdGeral.mdb:Geral,colunas_nomeadas
002943,03261359000100,BdGeral.mdb:Geral,colunas_nomeadas
002944,78790896000147,BdGeral.mdb:Geral,colunas_nomeadas
002945,03134267000160,BdGeral.mdb:Geral,colunas_nomeadas
002946,19990817000000,BdGeral.mdb:Geral,scan_celula:DATA
002947,03330737000160,BdGeral.mdb:Geral,colunas_nomeadas
002948,43938927000180,BdGeral.mdb:Geral,colunas_nomeadas
002949,57601270000175,BdGeral.mdb:Geral,colunas_nomeadas
002950,79209482000144,BdGeral.mdb:Geral,colunas_nomeadas
002951,03104995000129,BdGeral.mdb:Geral,colunas_nomeadas
002952,00855490000108,BdGeral.mdb:Geral,colunas_nomeadas
002954,03214437000116,BdGeral.mdb:Geral,colunas_nomeadas
002955,80399116000184,BdGeral.mdb:Geral,colunas_nomeadas
002957,86744422000197,BdGeral.mdb:Geral,colunas_nomeadas
002958,47776307000142,BdGeral.mdb:Geral,colunas_nomeadas
002959,00343480000193,BdGeral.mdb:Geral,colunas_nomeadas
002960,60382512000191,BdGeral.mdb:Geral,colunas_nomeadas
002961,75410696000123,BdGeral.mdb:Geral,colunas_nomeadas
002962,01489973000107,BdGeral.mdb:Geral,colunas_nomeadas
002963,01618528000191,BdGeral.mdb:Geral,colunas_nomeadas
002964,02373731000108,BdGeral.mdb:Geral,colunas_nomeadas
002965,68757418000181,BdGeral.mdb:Geral,colunas_nomeadas
002966,02707056000106,BdGeral.mdb:Geral,colunas_nomeadas
002967,02492710000101,BdGeral.mdb:Geral,colunas_nomeadas
002968,81357147000216,BdGeral.mdb:Geral,colunas_nomeadas
002969,78754009000185,BdGeral.mdb:Geral,colunas_nomeadas
002972,76193713000180,BdGeral.mdb:Geral,colunas_nomeadas
002973,03298459000101,BdGeral.mdb:Geral,colunas_nomeadas
002974,84824101000177,BdGeral.mdb:Geral,colunas_nomeadas
002975,02295407000119,BdGeral.mdb:Geral,colunas_nomeadas
002976,89962914000147,BdGeral.mdb:Geral,colunas_nomeadas
002977,57259392000125,BdGeral.mdb:Geral,colunas_nomeadas
002978,72498637000160,BdGeral.mdb:Geral,colunas_nomeadas
002979,85010437000169,BdGeral.mdb:Geral,colunas_nomeadas
002980,85120517000177,BdGeral.mdb:Geral,colunas_nomeadas
002981,02168773000107,BdGeral.mdb:Geral,colunas_nomeadas
002982,01887122000104,BdGeral.mdb:Geral,colunas_nomeadas
002983,53503652000105,BdGeral.mdb:Geral,colunas_nomeadas
002984,56837610000280,BdGeral.mdb:Geral,colunas_nomeadas
002985,78162161000179,BdGeral.mdb:Geral,colunas_nomeadas
002986,73567547000147,BdGeral.mdb:Geral,colunas_nomeadas
002987,03354565000165,BdGeral.mdb:Geral,colunas_nomeadas
002989,76527951000185,BdGeral.mdb:Geral,colunas_nomeadas
002990,83493148000132,BdGeral.mdb:Geral,colunas_nomeadas
002991,36934230000175,BdGeral.mdb:Geral,colunas_nomeadas
002994,02350266000190,BdGeral.mdb:Geral,colunas_nomeadas
002996,77501856000175,BdGeral.mdb:Geral,colunas_nomeadas
003018,20100601000000,BdGeral.mdb:Tabelas,scan_celula:DATA
003050,20100601000000,BdGeral.mdb:Tabelas,scan_celula:DATA
003093,20100601000000,BdGeral.mdb:Tabelas,scan_celula:DATA
003131,20100601000000,BdGeral.mdb:Tabelas,scan_celula:DATA
003174,20100601000000,BdGeral.mdb:Tabelas,scan_celula:DATA
003255,20100601000000,BdGeral.mdb:Tabelas,scan_celula:DATA
003298,20100601000000,BdGeral.mdb:Tabelas,scan_celula:DATA
003310,20100601000000,BdGeral.mdb:Tabelas,scan_celula:DATA
003344,20100601000000,BdGeral.mdb:Tabelas,scan_celula:DATA
003379,20100601000000,BdGeral.mdb:Tabelas,scan_celula:DATA
003417,20100601000000,BdGeral.mdb:Tabelas,scan_celula:DATA
003450,20100601000000,BdGeral.mdb:Tabelas,scan_celula:DATA
003514,20100601000000,BdGeral.mdb:Tabelas,scan_celula:DATA
003557,20100601000000,BdGeral.mdb:Tabelas,scan_celula:DATA
003573,20100601000000,BdGeral.mdb:Tabelas,scan_celula:DATA
003595,20100601000000,BdGeral.mdb:Tabelas,scan_celula:DATA
003611,20100601000000,BdGeral.mdb:Tabelas,scan_celula:DATA
003654,20100601000000,BdGeral.mdb:Tabelas,scan_celula:DATA
003697,20100601000000,BdGeral.mdb:Tabelas,scan_celula:DATA
003727,20100601000000,BdGeral.mdb:Tabelas,scan_celula:DATA
003751,20100601000000,BdGeral.mdb:Tabelas,scan_celula:DATA
003794,20100601000000,BdGeral.mdb:Tabelas,scan_celula:DATA
003832,20100601000000,BdGeral.mdb:Tabelas,scan_celula:DATA
003867,20100601000000,BdGeral.mdb:Tabelas,scan_celula:DATA
003883,20100601000000,BdGeral.mdb:Tabelas,scan_celula:DATA
003913,20100601000000,BdGeral.mdb:Tabelas,scan_celula:DATA
003964,20100601000000,BdGeral.mdb:Tabelas,scan_celula:DATA
003999,20100601000000,BdGeral.mdb:Tabelas,scan_celula:DATA
004030,20100601000000,BdGeral.mdb:Tabelas,scan_celula:DATA
004111,20100601000000,BdGeral.mdb:Tabelas,scan_celula:DATA
004200,20100601000000,BdGeral.mdb:Tabelas,scan_celula:DATA
004235,20100601000000,BdGeral.mdb:Tabelas,scan_celula:DATA
004260,20100601000000,BdGeral.mdb:Tabelas,scan_celula:DATA
004278,20100601000000,BdGeral.mdb:Tabelas,scan_celula:DATA
004316,20100601000000,BdGeral.mdb:Tabelas,scan_celula:DATA
004340,20100601000000,BdGeral.mdb:Tabelas,scan_celula:DATA
004383,20100601000000,BdGeral.mdb:Tabelas,scan_celula:DATA
004405,20100601000000,BdGeral.mdb:Tabelas,scan_celula:DATA
004421,20100601000000,BdGeral.mdb:Tabelas,scan_celula:DATA
004456,20100601000000,BdGeral.mdb:Tabelas,scan_celula:DATA
004472,20100601000000,BdGeral.mdb:Tabelas,scan_celula:DATA
004499,20100601000000,BdGeral.mdb:Tabelas,scan_celula:DATA
004502,20100601000000,BdGeral.mdb:Tabelas,scan_celula:DATA
004525,20100601000000,BdGeral.mdb:Tabelas,scan_celula:DATA
004553,20100601000000,BdGeral.mdb:Tabelas,scan_celula:DATA
004588,20100601000000,BdGeral.mdb:Tabelas,scan_celula:DATA
004618,20100601000000,BdGeral.mdb:Tabelas,scan_celula:DATA
004642,20100601000000,BdGeral.mdb:Tabelas,scan_celula:DATA
004677,20100601000000,BdGeral.mdb:Tabelas,scan_celula:DATA
004723,20100601000000,BdGeral.mdb:Tabelas,scan_celula:DATA
004740,20100601000000,BdGeral.mdb:Tabelas,scan_celula:DATA
004766,20100601000000,BdGeral.mdb:Tabelas,scan_celula:DATA
004774,20100601000000,BdGeral.mdb:Tabelas,scan_celula:DATA
004855,20100601000000,BdGeral.mdb:Tabelas,scan_celula:DATA
004880,20100601000000,BdGeral.mdb:Tabelas,scan_celula:DATA
004901,20100601000000,BdGeral.mdb:Tabelas,scan_celula:DATA
004936,20100601000000,BdGeral.mdb:Tabelas,scan_celula:DATA
004944,20100601000000,BdGeral.mdb:Tabelas,scan_celula:DATA
004952,20100601000000,BdGeral.mdb:Tabelas,scan_celula:DATA
004979,20100601000000,BdGeral.mdb:Tabelas,scan_celula:DATA
004995,20100601000000,BdGeral.mdb:Tabelas,scan_celula:DATA
005010,20100601000000,BdGeral.mdb:Tabelas,scan_celula:DATA
005053,20100601000000,BdGeral.mdb:Tabelas,scan_celula:DATA
005070,20100601000000,BdGeral.mdb:Tabelas,scan_celula:DATA
005088,20100601000000,BdGeral.mdb:Tabelas,scan_celula:DATA
005118,20100601000000,BdGeral.mdb:Tabelas,scan_celula:DATA
005177,20100601000000,BdGeral.mdb:Tabelas,scan_celula:DATA
005215,20100601000000,BdGeral.mdb:Tabelas,scan_celula:DATA
005258,20100601000000,BdGeral.mdb:Tabelas,scan_celula:DATA
005282,20100601000000,BdGeral.mdb:Tabelas,scan_celula:DATA
005312,20100601000000,BdGeral.mdb:Tabelas,scan_celula:DATA
005355,20100601000000,BdGeral.mdb:Tabelas,scan_celula:DATA
005380,20100601000000,BdGeral.mdb:Tabelas,scan_celula:DATA
005428,20100601000000,BdGeral.mdb:Tabelas,scan_celula:DATA
005452,20100601000000,BdGeral.mdb:Tabelas,scan_celula:DATA
005487,20100601000000,BdGeral.mdb:Tabelas,scan_celula:DATA
005517,20100601000000,BdGeral.mdb:Tabelas,scan_celula:DATA
005568,20100601000000,BdGeral.mdb:Tabelas,scan_celula:DATA
005738,20100601000000,BdGeral.mdb:Tabelas,scan_celula:DATA
005754,20100601000000,BdGeral.mdb:Tabelas,scan_celula:DATA
005762,20100601000000,BdGeral.mdb:Tabelas,scan_celula:DATA
005800,20100601000000,BdGeral.mdb:Tabelas,scan_celula:DATA
005860,20100601000000,BdGeral.mdb:Tabelas,scan_celula:DATA
005894,20100601000000,BdGeral.mdb:Tabelas,scan_celula:DATA
005932,20100601000000,BdGeral.mdb:Tabelas,scan_celula:DATA
005991,20100601000000,BdGeral.mdb:Tabelas,scan_celula:DATA
006033,20100601000000,BdGeral.mdb:Tabelas,scan_celula:DATA
006076,20100601000000,BdGeral.mdb:Tabelas,scan_celula:DATA
006114,20100601000000,BdGeral.mdb:Tabelas,scan_celula:DATA
006238,20100601000000,BdGeral.mdb:Tabelas,scan_celula:DATA
006254,20100601000000,BdGeral.mdb:Tabelas,scan_celula:DATA
006289,20100601000000,BdGeral.mdb:Tabelas,scan_celula:DATA
006408,20100601000000,BdGeral.mdb:Tabelas,scan_celula:DATA
006475,20100601000000,BdGeral.mdb:Tabelas,scan_celula:DATA
006602,20100601000000,BdGeral.mdb:Tabelas,scan_celula:DATA
006653,20100601000000,BdGeral.mdb:Tabelas,scan_celula:DATA
006700,20100601000000,BdGeral.mdb:Tabelas,scan_celula:DATA
006750,20100601000000,BdGeral.mdb:Tabelas,scan_celula:DATA
006769,20100601000000,BdGeral.mdb:Tabelas,scan_celula:DATA
006777,20100601000000,BdGeral.mdb:Tabelas,scan_celula:DATA
006858,20100601000000,BdGeral.mdb:Tabelas,scan_celula:DATA
006874,20100601000000,BdGeral.mdb:Tabelas,scan_celula:DATA
006904,20100601000000,BdGeral.mdb:Tabelas,scan_celula:DATA
006912,20100601000000,BdGeral.mdb:Tabelas,scan_celula:DATA
006955,20100601000000,BdGeral.mdb:Tabelas,scan_celula:DATA
006971,20100601000000,BdGeral.mdb:Tabelas,scan_celula:DATA
007005,20100601000000,BdGeral.mdb:Tabelas,scan_celula:DATA
007056,20100601000000,BdGeral.mdb:Tabelas,scan_celula:DATA
007102,20100601000000,BdGeral.mdb:Tabelas,scan_celula:DATA
007153,20100601000000,BdGeral.mdb:Tabelas,scan_celula:DATA
007200,20100601000000,BdGeral.mdb:Tabelas,scan_celula:DATA
007285,20100601000000,BdGeral.mdb:Tabelas,scan_celula:DATA
007315,20100601000000,BdGeral.mdb:Tabelas,scan_celula:DATA
007358,20100601000000,BdGeral.mdb:Tabelas,scan_celula:DATA
007412,20100601000000,BdGeral.mdb:Tabelas,scan_celula:DATA
007447,20100601000000,BdGeral.mdb:Tabelas,scan_celula:DATA
007480,20100601000000,BdGeral.mdb:Tabelas,scan_celula:DATA
007501,20100601000000,BdGeral.mdb:Tabelas,scan_celula:DATA
007544,20100601000000,BdGeral.mdb:Tabelas,scan_celula:DATA
007560,20100601000000,BdGeral.mdb:Tabelas,scan_celula:DATA
007595,20100601000000,BdGeral.mdb:Tabelas,scan_celula:DATA
007641,20100601000000,BdGeral.mdb:Tabelas,scan_celula:DATA
007676,20100601000000,BdGeral.mdb:Tabelas,scan_celula:DATA
007706,20100601000000,BdGeral.mdb:Tabelas,scan_celula:DATA
007722,20100601000000,BdGeral.mdb:Tabelas,scan_celula:DATA
007765,20100601000000,BdGeral.mdb:Tabelas,scan_celula:DATA
007803,20100601000000,BdGeral.mdb:Tabelas,scan_celula:DATA
007820,20100601000000,BdGeral.mdb:Tabelas,scan_celula:DATA
007838,20100601000000,BdGeral.mdb:Tabelas,scan_celula:DATA
007889,20100601000000,BdGeral.mdb:Tabelas,scan_celula:DATA
007919,20100601000000,BdGeral.mdb:Tabelas,scan_celula:DATA
007951,20100601000000,BdGeral.mdb:Tabelas,scan_celula:DATA
008001,20100601000000,BdGeral.mdb:Tabelas,scan_celula:DATA
008052,20100601000000,BdGeral.mdb:Tabelas,scan_celula:DATA
008109,20100601000000,BdGeral.mdb:Tabelas,scan_celula:DATA
008150,20100601000000,BdGeral.mdb:Tabelas,scan_celula:DATA
008206,20100601000000,BdGeral.mdb:Tabelas,scan_celula:DATA
008230,20100601000000,BdGeral.mdb:Tabelas,scan_celula:DATA
008249,20100601000000,BdGeral.mdb:Tabelas,scan_celula:DATA
008273,20100601000000,BdGeral.mdb:Tabelas,scan_celula:DATA
008281,20100601000000,BdGeral.mdb:Tabelas,scan_celula:DATA
008311,20100601000000,BdGeral.mdb:Tabelas,scan_celula:DATA
008338,20100601000000,BdGeral.mdb:Tabelas,scan_celula:DATA
008451,20100601000000,BdGeral.mdb:Tabelas,scan_celula:DATA
008478,20100601000000,BdGeral.mdb:Tabelas,scan_celula:DATA
008486,20100601000000,BdGeral.mdb:Tabelas,scan_celula:DATA
008508,20100601000000,BdGeral.mdb:Tabelas,scan_celula:DATA
008583,20100601000000,BdGeral.mdb:Tabelas,scan_celula:DATA
008630,20100601000000,BdGeral.mdb:Tabelas,scan_celula:DATA
008664,20100601000000,BdGeral.mdb:Tabelas,scan_celula:DATA
008702,20100601000000,BdGeral.mdb:Tabelas,scan_celula:DATA
008737,20100601000000,BdGeral.mdb:Tabelas,scan_celula:DATA
008753,20100601000000,BdGeral.mdb:Tabelas,scan_celula:DATA
008885,20100601000000,BdGeral.mdb:Tabelas,scan_celula:DATA
008907,20100601000000,BdGeral.mdb:Tabelas,scan_celula:DATA
008958,20100601000000,BdGeral.mdb:Tabelas,scan_celula:DATA
021001,66736778000171,BdGeral.mdb:Geral,colunas_nomeadas
021002,01687138000173,BdGeral.mdb:Geral,colunas_nomeadas
021003,60033537000180,BdGeral.mdb:Geral,colunas_nomeadas
021004,02123447000183,BdGeral.mdb:Geral,colunas_nomeadas
021005,02461995000113,BdGeral.mdb:Geral,colunas_nomeadas
021006,81430167000194,BdGeral.mdb:Geral,colunas_nomeadas
021007,03423568000103,BdGeral.mdb:Geral,colunas_nomeadas
021008,84969625000156,BdGeral.mdb:Geral,colunas_nomeadas
021010,02870451000105,BdGeral.mdb:Geral,colunas_nomeadas
021011,53840708000117,BdGeral.mdb:Geral,colunas_nomeadas
021012,36937134000180,BdGeral.mdb:Geral,colunas_nomeadas
021013,01764251000105,BdGeral.mdb:Geral,colunas_nomeadas
021014,82982125000129,BdGeral.mdb:Geral,colunas_nomeadas
021015,82222688000119,BdGeral.mdb:Geral,colunas_nomeadas
021017,01364455000159,BdGeral.mdb:Geral,colunas_nomeadas
021019,81030124000111,BdGeral.mdb:Geral,colunas_nomeadas
021021,79804241000143,BdGeral.mdb:Geral,colunas_nomeadas
021022,00468239000190,BdGeral.mdb:Geral,colunas_nomeadas
021025,82356270000102,BdGeral.mdb:Geral,colunas_nomeadas
021026,03443671000115,BdGeral.mdb:Geral,colunas_nomeadas
021027,03308594000190,BdGeral.mdb:Geral,colunas_nomeadas
021029,03400428000110,BdGeral.mdb:Geral,colunas_nomeadas
021030,79057626000194,BdGeral.mdb:Geral,colunas_nomeadas
021031,66125592000186,BdGeral.mdb:Geral,colunas_nomeadas
021032,02766598000150,BdGeral.mdb:Geral,colunas_nomeadas
021033,79674297000120,BdGeral.mdb:Geral,colunas_nomeadas
021034,82769282000150,BdGeral.mdb:Geral,colunas_nomeadas
021035,80321649000143,BdGeral.mdb:Geral,colunas_nomeadas
021036,78786258000152,BdGeral.mdb:Geral,colunas_nomeadas
021037,03452447000190,BdGeral.mdb:Geral,colunas_nomeadas
021038,82624420000103,BdGeral.mdb:Geral,colunas_nomeadas
021039,50772441000260,BdGeral.mdb:Geral,colunas_nomeadas
021040,03420655000107,BdGeral.mdb:Geral,colunas_nomeadas
021042,02507712000127,BdGeral.mdb:Geral,colunas_nomeadas
021043,66701079000196,BdGeral.mdb:Geral,colunas_nomeadas
021044,52138997000144,BdGeral.mdb:Geral,colunas_nomeadas
021045,02288120000161,BdGeral.mdb:Geral,colunas_nomeadas
021047,02901260000163,BdGeral.mdb:Geral,colunas_nomeadas
021048,01791806000108,BdGeral.mdb:Geral,colunas_nomeadas
021049,03494249000199,BdGeral.mdb:Geral,colunas_nomeadas
021050,02850220000130,BdGeral.mdb:Geral,colunas_nomeadas
021051,79203956000140,BdGeral.mdb:Geral,colunas_nomeadas
021052,95855193000179,BdGeral.mdb:Geral,colunas_nomeadas
021053,02590823000140,BdGeral.mdb:Geral,colunas_nomeadas
021054,02526506000164,BdGeral.mdb:Geral,colunas_nomeadas
021055,03535493000152,BdGeral.mdb:Geral,colunas_nomeadas
021056,02680969000186,BdGeral.mdb:Geral,colunas_nomeadas
021057,02665353000136,BdGeral.mdb:Geral,colunas_nomeadas
021058,01718260000160,BdGeral.mdb:Geral,colunas_nomeadas
021059,03312249000120,BdGeral.mdb:Geral,colunas_nomeadas
021060,02361607000122,BdGeral.mdb:Geral,colunas_nomeadas
021061,03313784000104,BdGeral.mdb:Geral,colunas_nomeadas
021062,03530076000117,BdGeral.mdb:Geral,colunas_nomeadas
021063,84823541000100,BdGeral.mdb:Geral,colunas_nomeadas
021064,02621231000148,BdGeral.mdb:Geral,colunas_nomeadas
021065,02828700000102,BdGeral.mdb:Geral,colunas_nomeadas
021066,03417768000153,BdGeral.mdb:Geral,colunas_nomeadas
021067,78865169000100,BdGeral.mdb:Geral,colunas_nomeadas
021068,76062652000112,BdGeral.mdb:Geral,colunas_nomeadas
021069,82762865000150,BdGeral.mdb:Geral,colunas_nomeadas
021070,78288404000381,BdGeral.mdb:Geral,colunas_nomeadas
021071,03367850000110,BdGeral.mdb:Geral,colunas_nomeadas
021072,01617623000170,BdGeral.mdb:Geral,colunas_nomeadas
021073,79451720000395,BdGeral.mdb:Geral,colunas_nomeadas
021074,03535521000131,BdGeral.mdb:Geral,colunas_nomeadas
021075,75688887000151,BdGeral.mdb:Geral,colunas_nomeadas
021076,02891126000129,BdGeral.mdb:Geral,colunas_nomeadas
021077,03585405000127,BdGeral.mdb:Geral,colunas_nomeadas
021078,73301129000103,BdGeral.mdb:Geral,colunas_nomeadas
021079,66681370000140,BdGeral.mdb:Geral,colunas_nomeadas
021081,02713725000152,BdGeral.mdb:Geral,colunas_nomeadas
021083,02789106000141,BdGeral.mdb:Geral,colunas_nomeadas
021084,03447486000107,BdGeral.mdb:Geral,colunas_nomeadas
021085,79608915000134,BdGeral.mdb:Geral,colunas_nomeadas
021086,03662714000153,BdGeral.mdb:Geral,colunas_nomeadas
021087,01776951000110,BdGeral.mdb:Geral,colunas_nomeadas
021088,03568785000191,BdGeral.mdb:Geral,colunas_nomeadas
021089,65814725000169,BdGeral.mdb:Geral,colunas_nomeadas
021090,78765740000106,BdGeral.mdb:Geral,colunas_nomeadas
021092,03653624000104,BdGeral.mdb:Geral,colunas_nomeadas
021093,03595062000181,BdGeral.mdb:Geral,colunas_nomeadas
021094,95591723002162,BdGeral.mdb:Geral,colunas_nomeadas
021095,64132236000598,BdGeral.mdb:Geral,colunas_nomeadas
021096,64132236000830,BdGeral.mdb:Geral,colunas_nomeadas
021097,64132236000750,BdGeral.mdb:Geral,colunas_nomeadas
021098,74045691000186,BdGeral.mdb:Geral,colunas_nomeadas
021099,02151742000143,BdGeral.mdb:Geral,colunas_nomeadas
021100,00726964000111,BdGeral.mdb:Geral,colunas_nomeadas
021101,03373194000169,BdGeral.mdb:Geral,colunas_nomeadas
021102,03187074000177,BdGeral.mdb:Geral,colunas_nomeadas
021103,81524910000175,BdGeral.mdb:Geral,colunas_nomeadas
021104,03695505000106,BdGeral.mdb:Geral,colunas_nomeadas
021105,03490892000144,BdGeral.mdb:Geral,colunas_nomeadas
021106,03608571000100,BdGeral.mdb:Geral,colunas_nomeadas
021107,02786647000116,BdGeral.mdb:Geral,colunas_nomeadas
021109,03498655000120,BdGeral.mdb:Geral,colunas_nomeadas
021110,03389837000162,BdGeral.mdb:Geral,colunas_nomeadas
021112,85358331000150,BdGeral.mdb:Geral,colunas_nomeadas
021113,03388117000182,BdGeral.mdb:Geral,colunas_nomeadas
021115,78442886000110,BdGeral.mdb:Geral,colunas_nomeadas
021116,03565293000142,BdGeral.mdb:Geral,colunas_nomeadas
021117,03317175000115,BdGeral.mdb:Geral,colunas_nomeadas
021118,03716035000110,BdGeral.mdb:Geral,colunas_nomeadas
021120,03764769000174,BdGeral.mdb:Geral,colunas_nomeadas
021121,03653663000101,BdGeral.mdb:Geral,colunas_nomeadas
021122,88772017000108,BdGeral.mdb:Geral,colunas_nomeadas
021123,03749804000186,BdGeral.mdb:Geral,colunas_nomeadas
021124,79310439000251,BdGeral.mdb:Geral,colunas_nomeadas
021125,76736446000140,BdGeral.mdb:Geral,colunas_nomeadas
021127,79600755000187,BdGeral.mdb:Geral,colunas_nomeadas
021128,76043850000309,BdGeral.mdb:Geral,colunas_nomeadas
021129,03742788000108,BdGeral.mdb:Geral,colunas_nomeadas
021130,03477906000190,BdGeral.mdb:Geral,colunas_nomeadas
021132,76659820000313,BdGeral.mdb:Geral,colunas_nomeadas
021133,03589337000174,BdGeral.mdb:Geral,colunas_nomeadas
021134,03637173000103,BdGeral.mdb:Geral,colunas_nomeadas
021135,03640548000194,BdGeral.mdb:Geral,colunas_nomeadas
021136,03776388000105,BdGeral.mdb:Geral,colunas_nomeadas
021137,37365665000109,BdGeral.mdb:Geral,colunas_nomeadas
021139,33317249012433,BdGeral.mdb:Geral,colunas_nomeadas
021140,03490555000157,BdGeral.mdb:Geral,colunas_nomeadas
021141,02939948000132,BdGeral.mdb:Geral,colunas_nomeadas
021142,01592985000154,BdGeral.mdb:Geral,colunas_nomeadas
021143,00078792000117,BdGeral.mdb:Geral,colunas_nomeadas
021144,48682330000130,BdGeral.mdb:Geral,colunas_nomeadas
021145,03900178000187,BdGeral.mdb:Geral,colunas_nomeadas
021146,62235726000241,BdGeral.mdb:Geral,colunas_nomeadas
021147,80257652000145,BdGeral.mdb:Geral,colunas_nomeadas
021148,81513533000179,BdGeral.mdb:Geral,colunas_nomeadas
021149,03666883000161,BdGeral.mdb:Geral,colunas_nomeadas
021150,62671748000173,BdGeral.mdb:Geral,colunas_nomeadas
021151,03855349000101,BdGeral.mdb:Geral,colunas_nomeadas
021152,03604486000165,BdGeral.mdb:Geral,colunas_nomeadas
021153,79480059000184,BdGeral.mdb:Geral,colunas_nomeadas
021154,03101309000166,BdGeral.mdb:Geral,colunas_nomeadas
021155,02752411000169,BdGeral.mdb:Geral,colunas_nomeadas
021156,79803599000151,BdGeral.mdb:Geral,colunas_nomeadas
021157,02079824000124,BdGeral.mdb:Geral,colunas_nomeadas
021158,78237203000193,BdGeral.mdb:Geral,colunas_nomeadas
021159,55844229000102,BdGeral.mdb:Geral,colunas_nomeadas
021160,73848897000181,BdGeral.mdb:Geral,colunas_nomeadas
021161,03303467000107,BdGeral.mdb:Geral,colunas_nomeadas
021162,02994121000121,BdGeral.mdb:Geral,colunas_nomeadas
021163,03585868000199,BdGeral.mdb:Geral,colunas_nomeadas
021164,03609052000158,BdGeral.mdb:Geral,colunas_nomeadas
021165,03752525000171,BdGeral.mdb:Geral,colunas_nomeadas
021166,83540799000136,BdGeral.mdb:Geral,colunas_nomeadas
021167,89968127000102,BdGeral.mdb:Geral,colunas_nomeadas
021168,78952082000161,BdGeral.mdb:Geral,colunas_nomeadas
021169,03047858000108,BdGeral.mdb:Geral,colunas_nomeadas
021170,66092065000112,BdGeral.mdb:Geral,colunas_nomeadas
021171,64772981000178,BdGeral.mdb:Geral,colunas_nomeadas
021172,02528551000158,BdGeral.mdb:Geral,colunas_nomeadas
021173,02579750000195,BdGeral.mdb:Geral,colunas_nomeadas
021174,02545669000194,BdGeral.mdb:Geral,colunas_nomeadas
021175,03215345000150,BdGeral.mdb:Geral,colunas_nomeadas
021176,03099550000106,BdGeral.mdb:Geral,colunas_nomeadas
021177,58779141000134,BdGeral.mdb:Geral,colunas_nomeadas
021178,79328233000178,BdGeral.mdb:Geral,colunas_nomeadas
021179,03669526000157,BdGeral.mdb:Geral,colunas_nomeadas
021180,02303885000123,BdGeral.mdb:Geral,colunas_nomeadas
021181,59804443000188,BdGeral.mdb:Geral,colunas_nomeadas
021183,00446918000320,BdGeral.mdb:Geral,colunas_nomeadas
021184,79309407000155,BdGeral.mdb:Geral,colunas_nomeadas
021185,43683101000460,BdGeral.mdb:Geral,colunas_nomeadas
021186,82137472000155,BdGeral.mdb:Geral,colunas_nomeadas
021187,03945682000101,BdGeral.mdb:Geral,colunas_nomeadas
021188,01852230000141,BdGeral.mdb:Geral,colunas_nomeadas
021189,75726265000170,BdGeral.mdb:Geral,colunas_nomeadas
021190,01471185000185,BdGeral.mdb:Geral,colunas_nomeadas
021191,01419913000100,BdGeral.mdb:Geral,colunas_nomeadas
021192,04020626000110,BdGeral.mdb:Geral,colunas_nomeadas
021193,76519958000155,BdGeral.mdb:Geral,colunas_nomeadas
021194,03920585000156,BdGeral.mdb:Geral,colunas_nomeadas
021195,79114450013739,BdGeral.mdb:Geral,colunas_nomeadas
021196,00080671000100,BdGeral.mdb:Geral,colunas_nomeadas
021197,00080671001343,BdGeral.mdb:Geral,colunas_nomeadas
021198,80300247000162,BdGeral.mdb:Geral,colunas_nomeadas
021199,73391930000197,BdGeral.mdb:Geral,colunas_nomeadas
021200,78281383000100,BdGeral.mdb:Geral,colunas_nomeadas
021201,03348635000172,BdGeral.mdb:Geral,colunas_nomeadas
021202,64144827000151,BdGeral.mdb:Geral,colunas_nomeadas
021206,03271468000109,BdGeral.mdb:Geral,colunas_nomeadas
021207,00353948000120,BdGeral.mdb:Geral,colunas_nomeadas
021208,73274383000160,BdGeral.mdb:Geral,colunas_nomeadas
021209,00641699000179,BdGeral.mdb:Geral,colunas_nomeadas
021210,61080735002704,BdGeral.mdb:Geral,colunas_nomeadas
021211,82026832000141,BdGeral.mdb:Geral,colunas_nomeadas
021212,49251754000103,BdGeral.mdb:Geral,colunas_nomeadas
021213,03128099000108,BdGeral.mdb:Geral,colunas_nomeadas
021214,61156501000822,BdGeral.mdb:Geral,colunas_nomeadas
021215,00217788000192,BdGeral.mdb:Geral,colunas_nomeadas
021218,50868652000110,BdGeral.mdb:Geral,colunas_nomeadas
021219,48130025000136,BdGeral.mdb:Geral,colunas_nomeadas
021220,77419497000101,BdGeral.mdb:Geral,colunas_nomeadas
021221,04020615000130,BdGeral.mdb:Geral,colunas_nomeadas
021222,03585993000107,BdGeral.mdb:Geral,colunas_nomeadas
021224,04099674000146,BdGeral.mdb:Geral,colunas_nomeadas
021225,03125881000165,BdGeral.mdb:Geral,colunas_nomeadas
021227,02120809000182,BdGeral.mdb:Geral,colunas_nomeadas
021228,03747371000120,BdGeral.mdb:Geral,colunas_nomeadas
021229,76062488001115,BdGeral.mdb:Geral,colunas_nomeadas
021230,45471869000152,BdGeral.mdb:Geral,colunas_nomeadas
021232,46884672000108,BdGeral.mdb:Geral,colunas_nomeadas
021233,02700806000118,BdGeral.mdb:Geral,colunas_nomeadas
021234,03392134000193,BdGeral.mdb:Geral,colunas_nomeadas
021235,64703101000101,BdGeral.mdb:Geral,colunas_nomeadas
021236,68207505000165,BdGeral.mdb:Geral,colunas_nomeadas
021237,20001221000000,BdGeral.mdb:Geral,scan_celula:DATA
021238,01631022000112,BdGeral.mdb:Geral,colunas_nomeadas
021239,04746086000157,BdGeral.mdb:Geral,colunas_nomeadas
021240,67703041000115,BdGeral.mdb:Geral,colunas_nomeadas
021241,02284286000100,BdGeral.mdb:Geral,colunas_nomeadas
021242,03456188000175,BdGeral.mdb:Geral,colunas_nomeadas
021243,00550763000106,BdGeral.mdb:Geral,colunas_nomeadas
021244,78790896000309,BdGeral.mdb:Geral,colunas_nomeadas
021245,04129654000170,BdGeral.mdb:Geral,colunas_nomeadas
021246,01936047000124,BdGeral.mdb:Geral,colunas_nomeadas
021247,88612049000146,BdGeral.mdb:Geral,colunas_nomeadas
021248,00163481000156,BdGeral.mdb:Geral,colunas_nomeadas
021250,73196586000185,BdGeral.mdb:Geral,colunas_nomeadas
021251,73355174000140,BdGeral.mdb:Geral,colunas_nomeadas
021255,10422699000131,BdGeral.mdb:Geral,colunas_nomeadas
021258,66142886000116,BdGeral.mdb:Geral,colunas_nomeadas
021259,04036249000108,BdGeral.mdb:Geral,colunas_nomeadas
021260,02603890000151,BdGeral.mdb:Geral,colunas_nomeadas
021261,04234216000172,BdGeral.mdb:Geral,colunas_nomeadas
021262,04230208000158,BdGeral.mdb:Geral,colunas_nomeadas
021263,59966879002389,BdGeral.mdb:Geral,colunas_nomeadas
021264,03369981000137,BdGeral.mdb:Geral,colunas_nomeadas
021265,64794712000102,BdGeral.mdb:Geral,colunas_nomeadas
021268,04106026000170,BdGeral.mdb:Geral,colunas_nomeadas
021271,71961080000190,BdGeral.mdb:Geral,colunas_nomeadas
021272,69283224000154,BdGeral.mdb:Geral,colunas_nomeadas
021274,04266091000162,BdGeral.mdb:Geral,colunas_nomeadas
021275,78755881000229,BdGeral.mdb:Geral,colunas_nomeadas
021276,01754729000116,BdGeral.mdb:Geral,colunas_nomeadas
021277,04279087000139,BdGeral.mdb:Geral,colunas_nomeadas
021280,04214770000198,BdGeral.mdb:Geral,colunas_nomeadas
021281,04024959000118,BdGeral.mdb:Geral,colunas_nomeadas
021282,04234416000125,BdGeral.mdb:Geral,colunas_nomeadas
021283,20010314000000,BdGeral.mdb:Geral,scan_celula:DATA
021284,03657949000157,BdGeral.mdb:Geral,colunas_nomeadas
021285,75636993000191,BdGeral.mdb:Geral,colunas_nomeadas
021286,03883870000144,BdGeral.mdb:Geral,colunas_nomeadas
021287,04092155000156,BdGeral.mdb:Geral,colunas_nomeadas
021288,02585840000199,BdGeral.mdb:Geral,colunas_nomeadas
021290,03050640000102,BdGeral.mdb:Geral,colunas_nomeadas
021291,03216555000163,BdGeral.mdb:Geral,colunas_nomeadas
021292,04287560000120,BdGeral.mdb:Geral,colunas_nomeadas
021293,02940403000146,BdGeral.mdb:Geral,colunas_nomeadas
021294,66626433000246,BdGeral.mdb:Geral,colunas_nomeadas
021296,04267411000107,BdGeral.mdb:Geral,colunas_nomeadas
021297,03247242000172,BdGeral.mdb:Geral,colunas_nomeadas
021298,73935009000168,BdGeral.mdb:Geral,colunas_nomeadas
021300,02478760000134,BdGeral.mdb:Geral,colunas_nomeadas
021301,03535662000154,BdGeral.mdb:Geral,colunas_nomeadas
021302,02226993000140,BdGeral.mdb:Geral,colunas_nomeadas
021303,04331916000185,BdGeral.mdb:Geral,colunas_nomeadas
021304,02210927000181,BdGeral.mdb:Geral,colunas_nomeadas
021305,04316809000188,BdGeral.mdb:Geral,colunas_nomeadas
021306,62733894000186,BdGeral.mdb:Geral,colunas_nomeadas
021308,04348749000185,BdGeral.mdb:Geral,colunas_nomeadas
021309,04046910000166,BdGeral.mdb:Geral,colunas_nomeadas
021310,04369386000164,BdGeral.mdb:Geral,colunas_nomeadas
021311,04306124000150,BdGeral.mdb:Geral,colunas_nomeadas
021312,02742017000140,BdGeral.mdb:Geral,colunas_nomeadas
021313,74657784000161,BdGeral.mdb:Geral,colunas_nomeadas
021314,67475558000102,BdGeral.mdb:Geral,colunas_nomeadas
021315,00662091000120,BdGeral.mdb:Geral,colunas_nomeadas
021316,04299546000146,BdGeral.mdb:Geral,colunas_nomeadas
021317,03456883000137,BdGeral.mdb:Geral,colunas_nomeadas
021318,81241481000129,BdGeral.mdb:Geral,colunas_nomeadas
021319,57644676000135,BdGeral.mdb:Geral,colunas_nomeadas
021320,04352187000143,BdGeral.mdb:Geral,colunas_nomeadas
021321,04372118000100,BdGeral.mdb:Geral,colunas_nomeadas
021323,04029533000157,BdGeral.mdb:Geral,colunas_nomeadas
021324,00113489000108,BdGeral.mdb:Geral,colunas_nomeadas
021325,03463289000173,BdGeral.mdb:Geral,colunas_nomeadas
021326,04329691000122,BdGeral.mdb:Geral,colunas_nomeadas
021327,03050287000152,BdGeral.mdb:Geral,colunas_nomeadas
021328,77623106000176,BdGeral.mdb:Geral,colunas_nomeadas
021329,04461550000169,BdGeral.mdb:Geral,colunas_nomeadas
021331,89637490013638,BdGeral.mdb:Geral,colunas_nomeadas
021332,94320090000222,BdGeral.mdb:Geral,colunas_nomeadas
021333,04462034000159,BdGeral.mdb:Geral,colunas_nomeadas
021334,83196717000188,BdGeral.mdb:Geral,colunas_nomeadas
021335,82836412000120,BdGeral.mdb:Geral,colunas_nomeadas
021337,02795281000141,BdGeral.mdb:Geral,colunas_nomeadas
021339,04264540000133,BdGeral.mdb:Geral,colunas_nomeadas
021341,02813369000149,BdGeral.mdb:Geral,colunas_nomeadas
021342,87613576000102,BdGeral.mdb:Geral,colunas_nomeadas
021343,04224688000144,BdGeral.mdb:Geral,colunas_nomeadas
021344,82237447000143,BdGeral.mdb:Geral,colunas_nomeadas
021345,72689995000150,BdGeral.mdb:Geral,colunas_nomeadas
021346,04429233000165,BdGeral.mdb:Geral,colunas_nomeadas
021348,67545517000137,BdGeral.mdb:Geral,colunas_nomeadas
021350,03924345000120,BdGeral.mdb:Geral,colunas_nomeadas
021351,01123705000169,BdGeral.mdb:Geral,colunas_nomeadas
021354,03331700000157,BdGeral.mdb:Geral,colunas_nomeadas
021355,04427531000116,BdGeral.mdb:Geral,colunas_nomeadas
021358,81810863000126,BdGeral.mdb:Geral,colunas_nomeadas
021360,64132236000911,BdGeral.mdb:Geral,colunas_nomeadas
021361,82428087000167,BdGeral.mdb:Geral,colunas_nomeadas
021362,02088418000128,BdGeral.mdb:Geral,colunas_nomeadas
021363,04378635000188,BdGeral.mdb:Geral,colunas_nomeadas
021364,79114450004403,BdGeral.mdb:Geral,colunas_nomeadas
021365,81054934000108,BdGeral.mdb:Geral,colunas_nomeadas
021366,04522849000186,BdGeral.mdb:Geral,colunas_nomeadas
021367,94360534000172,BdGeral.mdb:Geral,colunas_nomeadas
021368,00896767000140,BdGeral.mdb:Geral,colunas_nomeadas
021369,64132236000679,BdGeral.mdb:Geral,colunas_nomeadas
021370,01220666000118,BdGeral.mdb:Geral,colunas_nomeadas
021371,02983230001204,BdGeral.mdb:Geral,colunas_nomeadas
021372,78820461000106,BdGeral.mdb:Geral,colunas_nomeadas
021374,64132236005638,BdGeral.mdb:Geral,colunas_nomeadas
021375,77997187000174,BdGeral.mdb:Geral,colunas_nomeadas
021376,04575383000187,BdGeral.mdb:Geral,colunas_nomeadas
021377,04358830000146,BdGeral.mdb:Geral,colunas_nomeadas
021379,79497640000109,BdGeral.mdb:Geral,colunas_nomeadas
021380,04530185000105,BdGeral.mdb:Geral,colunas_nomeadas
021381,03710992000139,BdGeral.mdb:Geral,colunas_nomeadas
021382,01768540000182,BdGeral.mdb:Geral,colunas_nomeadas
021383,04579357000127,BdGeral.mdb:Geral,colunas_nomeadas
021384,04523195000105,BdGeral.mdb:Geral,colunas_nomeadas
021385,04604327000123,BdGeral.mdb:Geral,colunas_nomeadas
021386,81303521000110,BdGeral.mdb:Geral,colunas_nomeadas
021387,76282664000152,BdGeral.mdb:Geral,colunas_nomeadas
021388,02413647000170,BdGeral.mdb:Geral,colunas_nomeadas
021389,67386151000109,BdGeral.mdb:Geral,colunas_nomeadas
021390,62721634000190,BdGeral.mdb:Geral,colunas_nomeadas
021391,45713161000160,BdGeral.mdb:Geral,colunas_nomeadas
021394,02995562000148,BdGeral.mdb:Geral,colunas_nomeadas
021395,08272776000253,BdGeral.mdb:Geral,colunas_nomeadas
021396,72541352000165,BdGeral.mdb:Geral,colunas_nomeadas
021397,01064448000131,BdGeral.mdb:Geral,colunas_nomeadas
021398,65742181000177,BdGeral.mdb:Geral,colunas_nomeadas
021399,04484687000139,BdGeral.mdb:Geral,colunas_nomeadas
021400,04445266000107,BdGeral.mdb:Geral,colunas_nomeadas
021401,03428304000142,BdGeral.mdb:Geral,colunas_nomeadas
021402,00252724000122,BdGeral.mdb:Geral,colunas_nomeadas
021403,64132236003503,BdGeral.mdb:Geral,colunas_nomeadas
021404,03086150000158,BdGeral.mdb:Geral,colunas_nomeadas
021405,04106278000107,BdGeral.mdb:Geral,colunas_nomeadas
021406,81352775000128,BdGeral.mdb:Geral,colunas_nomeadas
021407,04453464000104,BdGeral.mdb:Geral,colunas_nomeadas
021408,01599275000156,BdGeral.mdb:Geral,colunas_nomeadas
021409,80644354000108,BdGeral.mdb:Geral,colunas_nomeadas
021410,04488085000150,BdGeral.mdb:Geral,colunas_nomeadas
021411,02457288000153,BdGeral.mdb:Geral,colunas_nomeadas
021412,85242006000390,BdGeral.mdb:Geral,colunas_nomeadas
021413,76062959000113,BdGeral.mdb:Geral,colunas_nomeadas
021414,04381280000186,BdGeral.mdb:Geral,colunas_nomeadas
021415,69234136000162,BdGeral.mdb:Geral,colunas_nomeadas
021416,04574030000162,BdGeral.mdb:Geral,colunas_nomeadas
021417,04598618000156,BdGeral.mdb:Geral,colunas_nomeadas
021418,81289183000109,BdGeral.mdb:Geral,colunas_nomeadas
021419,03880811000112,BdGeral.mdb:Geral,colunas_nomeadas
021420,00307260000104,BdGeral.mdb:Geral,colunas_nomeadas
021421,02762025000158,BdGeral.mdb:Geral,colunas_nomeadas
021422,04567799000153,BdGeral.mdb:Geral,colunas_nomeadas
021424,01277305000108,BdGeral.mdb:Geral,colunas_nomeadas
021425,02166427000190,BdGeral.mdb:Geral,colunas_nomeadas
021428,04001231000170,BdGeral.mdb:Geral,colunas_nomeadas
021429,04312832000102,BdGeral.mdb:Geral,colunas_nomeadas
021430,03332810000133,BdGeral.mdb:Geral,colunas_nomeadas
021432,03724444000168,BdGeral.mdb:Geral,colunas_nomeadas
021433,95830287000193,BdGeral.mdb:Geral,colunas_nomeadas
021434,77857308000182,BdGeral.mdb:Geral,colunas_nomeadas
021435,01505844000157,BdGeral.mdb:Geral,colunas_nomeadas
021436,85186575000365,BdGeral.mdb:Geral,colunas_nomeadas
021437,85329449000150,BdGeral.mdb:Geral,colunas_nomeadas
021438,00257143000183,BdGeral.mdb:Geral,colunas_nomeadas
021439,04424428000112,BdGeral.mdb:Geral,colunas_nomeadas
021440,75902924000182,BdGeral.mdb:Geral,colunas_nomeadas
021441,02672110000125,BdGeral.mdb:Geral,colunas_nomeadas
021442,76483882000155,BdGeral.mdb:Geral,colunas_nomeadas
021443,72513120000101,BdGeral.mdb:Geral,colunas_nomeadas
021444,80934516000223,BdGeral.mdb:Geral,colunas_nomeadas
021445,03529710000100,BdGeral.mdb:Geral,colunas_nomeadas
021446,02330205000160,BdGeral.mdb:Geral,colunas_nomeadas
021447,59970624001075,BdGeral.mdb:Geral,colunas_nomeadas
021448,00375231000180,BdGeral.mdb:Geral,colunas_nomeadas
021449,02777844000179,BdGeral.mdb:Geral,colunas_nomeadas
021450,88301155006140,BdGeral.mdb:Geral,colunas_nomeadas
021451,00502354000134,BdGeral.mdb:Geral,colunas_nomeadas
021452,04183451000162,BdGeral.mdb:Geral,colunas_nomeadas
021453,02002538000160,BdGeral.mdb:Geral,colunas_nomeadas
021454,04535178000198,BdGeral.mdb:Geral,colunas_nomeadas
021455,79114450014204,BdGeral.mdb:Geral,colunas_nomeadas
021456,03301631000139,BdGeral.mdb:Geral,colunas_nomeadas
021457,82123753000159,BdGeral.mdb:Geral,colunas_nomeadas
021458,81519266000147,BdGeral.mdb:Geral,colunas_nomeadas
021459,02383125000173,BdGeral.mdb:Geral,colunas_nomeadas
021460,00189808000169,BdGeral.mdb:Geral,colunas_nomeadas
021461,85215051000193,BdGeral.mdb:Geral,colunas_nomeadas
021462,50612597000101,BdGeral.mdb:Geral,colunas_nomeadas
021463,00432470000124,BdGeral.mdb:Geral,colunas_nomeadas
021464,03744456000154,BdGeral.mdb:Geral,colunas_nomeadas
021466,82184789000142,BdGeral.mdb:Geral,colunas_nomeadas
021467,85240372000148,BdGeral.mdb:Geral,colunas_nomeadas
021468,04435876000111,BdGeral.mdb:Geral,colunas_nomeadas
021469,03532890000170,BdGeral.mdb:Geral,colunas_nomeadas
021471,74472150000134,BdGeral.mdb:Geral,colunas_nomeadas
021473,73273492000162,BdGeral.mdb:Geral,colunas_nomeadas
021474,00758333000184,BdGeral.mdb:Geral,colunas_nomeadas
021475,82642778000169,BdGeral.mdb:Geral,colunas_nomeadas
021478,02363157000107,BdGeral.mdb:Geral,colunas_nomeadas
021479,43588276000145,BdGeral.mdb:Geral,colunas_nomeadas
021480,03772300000187,BdGeral.mdb:Geral,colunas_nomeadas
021481,04397050000105,BdGeral.mdb:Geral,colunas_nomeadas
021482,04762954000192,BdGeral.mdb:Geral,colunas_nomeadas
021483,04821277000136,BdGeral.mdb:Geral,colunas_nomeadas
021484,04484635000162,BdGeral.mdb:Geral,colunas_nomeadas
021485,04589439000152,BdGeral.mdb:Geral,colunas_nomeadas
021486,00894579000183,BdGeral.mdb:Geral,colunas_nomeadas
021497,03529285000140,BdGeral.mdb:Geral,colunas_nomeadas
021498,04543353000199,BdGeral.mdb:Geral,colunas_nomeadas
021499,03421170000138,BdGeral.mdb:Geral,colunas_nomeadas
021500,50466879000482,BdGeral.mdb:Geral,colunas_nomeadas
021501,03091302000100,BdGeral.mdb:Geral,colunas_nomeadas
021502,03300540000189,BdGeral.mdb:Geral,colunas_nomeadas
021504,75415620000271,BdGeral.mdb:Geral,colunas_nomeadas
021505,00735882000133,BdGeral.mdb:Geral,colunas_nomeadas
021506,79494043000120,BdGeral.mdb:Geral,colunas_nomeadas
021508,03212822000124,BdGeral.mdb:Geral,colunas_nomeadas
021509,67498360000136,BdGeral.mdb:Geral,colunas_nomeadas
021510,63910889000164,BdGeral.mdb:Geral,colunas_nomeadas
021511,72809155000184,BdGeral.mdb:Geral,colunas_nomeadas
021513,00160913000175,BdGeral.mdb:Geral,colunas_nomeadas
021514,03624753000166,BdGeral.mdb:Geral,colunas_nomeadas
021515,02878190000170,BdGeral.mdb:Geral,colunas_nomeadas
021517,00454814000104,BdGeral.mdb:Geral,colunas_nomeadas
021518,47350111000191,BdGeral.mdb:Geral,colunas_nomeadas
021519,74277625000131,BdGeral.mdb:Geral,colunas_nomeadas
021521,04678872000164,BdGeral.mdb:Geral,colunas_nomeadas
021522,00476536000188,BdGeral.mdb:Geral,colunas_nomeadas
021523,04065909000189,BdGeral.mdb:Geral,colunas_nomeadas
021525,72512981000167,BdGeral.mdb:Geral,colunas_nomeadas
021527,01536955000120,BdGeral.mdb:Geral,colunas_nomeadas
021528,04901334000197,BdGeral.mdb:Geral,colunas_nomeadas
021529,03767123000140,BdGeral.mdb:Geral,colunas_nomeadas
021530,71879167000112,BdGeral.mdb:Geral,colunas_nomeadas
021531,04401961000169,BdGeral.mdb:Geral,colunas_nomeadas
021532,04428766000122,BdGeral.mdb:Geral,colunas_nomeadas
021534,65810541000120,BdGeral.mdb:Geral,colunas_nomeadas
021536,03445242000187,BdGeral.mdb:Geral,colunas_nomeadas
021537,03512385000164,BdGeral.mdb:Geral,colunas_nomeadas
021538,69180388000156,BdGeral.mdb:Geral,colunas_nomeadas
021539,93244861000104,BdGeral.mdb:Geral,colunas_nomeadas
021540,02374797000112,BdGeral.mdb:Geral,colunas_nomeadas
021541,76886126000177,BdGeral.mdb:Geral,colunas_nomeadas
021542,81678443000138,BdGeral.mdb:Geral,colunas_nomeadas
021543,83823781000141,BdGeral.mdb:Geral,colunas_nomeadas
021544,07163809000183,BdGeral.mdb:Geral,colunas_nomeadas
021545,02191601000154,BdGeral.mdb:Geral,colunas_nomeadas
021548,04505850000100,BdGeral.mdb:Geral,colunas_nomeadas
021549,04879740000109,BdGeral.mdb:Geral,colunas_nomeadas
021550,04830458000129,BdGeral.mdb:Geral,colunas_nomeadas
021552,75400325000160,BdGeral.mdb:Geral,colunas_nomeadas
021553,67253120000171,BdGeral.mdb:Geral,colunas_nomeadas
021554,04085732000182,BdGeral.mdb:Geral,colunas_nomeadas
021556,04783721000176,BdGeral.mdb:Geral,colunas_nomeadas
021557,81622318000106,BdGeral.mdb:Geral,colunas_nomeadas
021558,04029594000114,BdGeral.mdb:Geral,colunas_nomeadas
021559,03767495000177,BdGeral.mdb:Geral,colunas_nomeadas
021560,79851531000148,BdGeral.mdb:Geral,colunas_nomeadas
021561,55728224000106,BdGeral.mdb:Geral,colunas_nomeadas
021562,75818435000147,BdGeral.mdb:Geral,colunas_nomeadas
021563,46496774000156,BdGeral.mdb:Geral,colunas_nomeadas
021564,75064659000100,BdGeral.mdb:Geral,colunas_nomeadas
021565,00871597000140,BdGeral.mdb:Geral,colunas_nomeadas
021566,03893305000168,BdGeral.mdb:Geral,colunas_nomeadas
021567,69253912000171,BdGeral.mdb:Geral,colunas_nomeadas
021568,04965421000108,BdGeral.mdb:Geral,colunas_nomeadas
021569,79124905000123,BdGeral.mdb:Geral,colunas_nomeadas
021570,04059708000179,BdGeral.mdb:Geral,colunas_nomeadas
021571,04050194000190,BdGeral.mdb:Geral,colunas_nomeadas
021572,03782734000168,BdGeral.mdb:Geral,colunas_nomeadas
021573,04284066000101,BdGeral.mdb:Geral,colunas_nomeadas
021574,05062014000153,BdGeral.mdb:Geral,colunas_nomeadas
021575,61887899000281,BdGeral.mdb:Geral,colunas_nomeadas
021576,04688319000102,BdGeral.mdb:Geral,colunas_nomeadas
021577,04913164000160,BdGeral.mdb:Geral,colunas_nomeadas
021578,85324051000121,BdGeral.mdb:Geral,colunas_nomeadas
021579,04509237000153,BdGeral.mdb:Geral,colunas_nomeadas
021580,04908775000110,BdGeral.mdb:Geral,colunas_nomeadas
021581,03918466000169,BdGeral.mdb:Geral,colunas_nomeadas
021582,05089955000180,BdGeral.mdb:Geral,colunas_nomeadas
021583,02557879000100,BdGeral.mdb:Geral,colunas_nomeadas
021584,01113719000100,BdGeral.mdb:Geral,colunas_nomeadas
021585,79480901000188,BdGeral.mdb:Geral,colunas_nomeadas
021586,05076200000141,BdGeral.mdb:Geral,colunas_nomeadas
021587,79437695000123,BdGeral.mdb:Geral,colunas_nomeadas
021588,03398108000172,BdGeral.mdb:Geral,colunas_nomeadas
021589,82270893000150,BdGeral.mdb:Geral,colunas_nomeadas
021590,04991216000117,BdGeral.mdb:Geral,colunas_nomeadas
021591,76487222000142,BdGeral.mdb:Geral,colunas_nomeadas
021592,67977439000140,BdGeral.mdb:Geral,colunas_nomeadas
021593,52770096000170,BdGeral.mdb:Geral,colunas_nomeadas
021594,03663873000172,BdGeral.mdb:Geral,colunas_nomeadas
021595,81135055000100,BdGeral.mdb:Geral,colunas_nomeadas
021596,26025395000170,BdGeral.mdb:Geral,colunas_nomeadas
021597,45528148000131,BdGeral.mdb:Geral,colunas_nomeadas
021598,67299099000145,BdGeral.mdb:Geral,colunas_nomeadas
021599,56484728000190,BdGeral.mdb:Geral,colunas_nomeadas
021600,04089201000168,BdGeral.mdb:Geral,colunas_nomeadas
021601,04909817000138,BdGeral.mdb:Geral,colunas_nomeadas
021602,03517250000191,BdGeral.mdb:Geral,colunas_nomeadas
021603,46687745000171,BdGeral.mdb:Geral,colunas_nomeadas
021604,89531602000189,BdGeral.mdb:Geral,colunas_nomeadas
021605,04484535000136,BdGeral.mdb:Geral,colunas_nomeadas
021606,05145884000196,BdGeral.mdb:Geral,colunas_nomeadas
021607,60868510000107,BdGeral.mdb:Geral,colunas_nomeadas
021608,05084802000140,BdGeral.mdb:Geral,colunas_nomeadas
021609,03277122000118,BdGeral.mdb:Geral,colunas_nomeadas
021610,66897919000138,BdGeral.mdb:Geral,colunas_nomeadas
021611,52774239000112,BdGeral.mdb:Geral,colunas_nomeadas
021612,43177195000152,BdGeral.mdb:Geral,colunas_nomeadas
021613,45831096000178,BdGeral.mdb:Geral,colunas_nomeadas
021614,46715819000136,BdGeral.mdb:Geral,colunas_nomeadas
021615,02642019000167,BdGeral.mdb:Geral,colunas_nomeadas
021616,76561166000149,BdGeral.mdb:Geral,colunas_nomeadas
021617,80934516000223,BdGeral.mdb:Geral,colunas_nomeadas
021618,44617090000130,BdGeral.mdb:Geral,colunas_nomeadas
021619,67477471000166,BdGeral.mdb:Geral,colunas_nomeadas
021620,02034891000122,BdGeral.mdb:Geral,colunas_nomeadas
021621,05015251000163,BdGeral.mdb:Geral,colunas_nomeadas
021622,00330879000130,BdGeral.mdb:Geral,colunas_nomeadas
021623,83140269000109,BdGeral.mdb:Geral,colunas_nomeadas
021625,74401662000100,BdGeral.mdb:Geral,colunas_nomeadas
021626,62316245000180,BdGeral.mdb:Geral,colunas_nomeadas
021627,48202154000192,BdGeral.mdb:Geral,colunas_nomeadas
021628,03460539000111,BdGeral.mdb:Geral,colunas_nomeadas
021629,05144466000184,BdGeral.mdb:Geral,colunas_nomeadas
021630,05076405000127,BdGeral.mdb:Geral,colunas_nomeadas
021631,81459513000167,BdGeral.mdb:Geral,colunas_nomeadas
021632,03189264000123,BdGeral.mdb:Geral,colunas_nomeadas
021633,02387718000108,BdGeral.mdb:Geral,colunas_nomeadas
021634,50084292000166,BdGeral.mdb:Geral,colunas_nomeadas
021635,48837215000198,BdGeral.mdb:Geral,colunas_nomeadas
021637,62588371000193,BdGeral.mdb:Geral,colunas_nomeadas
021638,02215540000118,BdGeral.mdb:Geral,colunas_nomeadas
021641,03084490000140,BdGeral.mdb:Geral,colunas_nomeadas
021642,04042871000129,BdGeral.mdb:Geral,colunas_nomeadas
021643,53548277000110,BdGeral.mdb:Geral,colunas_nomeadas
021644,04613241000167,BdGeral.mdb:Geral,colunas_nomeadas
021645,00396146000289,BdGeral.mdb:Geral,colunas_nomeadas
021646,04014616000172,BdGeral.mdb:Geral,colunas_nomeadas
021647,80592868000167,BdGeral.mdb:Geral,colunas_nomeadas
021648,02406966000159,BdGeral.mdb:Geral,colunas_nomeadas
021649,01435871000109,BdGeral.mdb:Geral,colunas_nomeadas
021650,71999700000180,BdGeral.mdb:Geral,colunas_nomeadas
021651,76623768000183,BdGeral.mdb:Geral,colunas_nomeadas
021652,05219702000184,BdGeral.mdb:Geral,colunas_nomeadas
021653,01032178000187,BdGeral.mdb:Geral,colunas_nomeadas
021654,01928887000145,BdGeral.mdb:Geral,colunas_nomeadas
021655,02039373000100,BdGeral.mdb:Geral,colunas_nomeadas
021656,61827150000168,BdGeral.mdb:Geral,colunas_nomeadas
021658,56431364000180,BdGeral.mdb:Geral,colunas_nomeadas
021659,00484859000113,BdGeral.mdb:Geral,colunas_nomeadas
021660,00005332000169,BdGeral.mdb:Geral,colunas_nomeadas
021661,04398332000127,BdGeral.mdb:Geral,colunas_nomeadas
021662,03781105000113,BdGeral.mdb:Geral,colunas_nomeadas
021663,96233150000114,BdGeral.mdb:Geral,colunas_nomeadas
021664,01791686000149,BdGeral.mdb:Geral,colunas_nomeadas
021665,02967595000184,BdGeral.mdb:Geral,colunas_nomeadas
021666,48617757000155,BdGeral.mdb:Geral,colunas_nomeadas
021667,03532255000193,BdGeral.mdb:Geral,colunas_nomeadas
021668,78755337000104,BdGeral.mdb:Geral,colunas_nomeadas
021669,00399861000194,BdGeral.mdb:Geral,colunas_nomeadas
021670,02698562000186,BdGeral.mdb:Geral,colunas_nomeadas
021671,05197535000118,BdGeral.mdb:Geral,colunas_nomeadas
021672,04979954000149,BdGeral.mdb:Geral,colunas_nomeadas
021673,04991574000120,BdGeral.mdb:Geral,colunas_nomeadas
021674,58954009000111,BdGeral.mdb:Geral,colunas_nomeadas
021675,00816354000109,BdGeral.mdb:Geral,colunas_nomeadas
021676,02247940000105,BdGeral.mdb:Geral,colunas_nomeadas
021678,05196305000134,BdGeral.mdb:Geral,colunas_nomeadas
021679,04718331000112,BdGeral.mdb:Geral,colunas_nomeadas
021680,05074127000179,BdGeral.mdb:Geral,colunas_nomeadas
021681,04691977000153,BdGeral.mdb:Geral,colunas_nomeadas
021684,05325322000124,BdGeral.mdb:Geral,colunas_nomeadas
021685,67396630000106,BdGeral.mdb:Geral,colunas_nomeadas
021686,05263582000112,BdGeral.mdb:Geral,colunas_nomeadas
021687,02409045000140,BdGeral.mdb:Geral,colunas_nomeadas
021688,03615716000191,BdGeral.mdb:Geral,colunas_nomeadas
021689,05161685000171,BdGeral.mdb:Geral,colunas_nomeadas
021691,03191704000187,BdGeral.mdb:Geral,colunas_nomeadas
021692,60885183000100,BdGeral.mdb:Geral,colunas_nomeadas
021693,61538351000145,BdGeral.mdb:Geral,colunas_nomeadas
021694,06013632000176,BdGeral.mdb:Geral,colunas_nomeadas
021695,01973640000140,BdGeral.mdb:Geral,colunas_nomeadas
021696,04487224000120,BdGeral.mdb:Geral,colunas_nomeadas
021697,66113507000160,BdGeral.mdb:Geral,colunas_nomeadas
021698,47709233000121,BdGeral.mdb:Geral,colunas_nomeadas
021700,01008132000122,BdGeral.mdb:Geral,colunas_nomeadas
021701,50088244000146,BdGeral.mdb:Geral,colunas_nomeadas
021702,81381758000119,BdGeral.mdb:Geral,colunas_nomeadas
021703,00933985000108,BdGeral.mdb:Geral,colunas_nomeadas
021704,02357272000179,BdGeral.mdb:Geral,colunas_nomeadas
021705,04817332000114,BdGeral.mdb:Geral,colunas_nomeadas
021706,02210927000181,BdGeral.mdb:Geral,colunas_nomeadas
021708,00369428000106,BdGeral.mdb:Geral,colunas_nomeadas
021709,04730808000185,BdGeral.mdb:Geral,colunas_nomeadas
021711,64789340000126,BdGeral.mdb:Geral,colunas_nomeadas
021712,05291136000111,BdGeral.mdb:Geral,colunas_nomeadas
021714,04316878000191,BdGeral.mdb:Geral,colunas_nomeadas
021715,52770336000137,BdGeral.mdb:Geral,colunas_nomeadas
021716,04538713000164,BdGeral.mdb:Geral,colunas_nomeadas
021717,05005294000168,BdGeral.mdb:Geral,colunas_nomeadas
021718,04157639000136,BdGeral.mdb:Geral,colunas_nomeadas
021719,81458465000192,BdGeral.mdb:Geral,colunas_nomeadas
021720,62172101000105,BdGeral.mdb:Geral,colunas_nomeadas
021721,01261247000124,BdGeral.mdb:Geral,colunas_nomeadas
021722,04053541000139,BdGeral.mdb:Geral,colunas_nomeadas
021723,55411854000152,BdGeral.mdb:Geral,colunas_nomeadas
021725,46896445005757,BdGeral.mdb:Geral,colunas_nomeadas
021726,46896445006486,BdGeral.mdb:Geral,colunas_nomeadas
021727,05275122000104,BdGeral.mdb:Geral,colunas_nomeadas
021728,05283210000158,BdGeral.mdb:Geral,colunas_nomeadas
021729,52953494000122,BdGeral.mdb:Geral,colunas_nomeadas
021730,46896445006567,BdGeral.mdb:Geral,colunas_nomeadas
021731,79358719000159,BdGeral.mdb:Geral,colunas_nomeadas
021732,02058235000160,BdGeral.mdb:Geral,colunas_nomeadas
021733,04326822000118,BdGeral.mdb:Geral,colunas_nomeadas
021736,05292600000194,BdGeral.mdb:Geral,colunas_nomeadas
021741,05481058000118,BdGeral.mdb:Geral,colunas_nomeadas
021742,03473729000173,BdGeral.mdb:Geral,colunas_nomeadas
021743,01452567000161,BdGeral.mdb:Geral,colunas_nomeadas
021744,04465707000124,BdGeral.mdb:Geral,colunas_nomeadas
021745,04844358000151,BdGeral.mdb:Geral,colunas_nomeadas
021746,04670960000110,BdGeral.mdb:Geral,colunas_nomeadas
021747,60739414000320,BdGeral.mdb:Geral,colunas_nomeadas
021748,64825466000109,BdGeral.mdb:Geral,colunas_nomeadas
021749,02578518000132,BdGeral.mdb:Geral,colunas_nomeadas
021750,03218528000120,BdGeral.mdb:Geral,colunas_nomeadas
021751,61602199021039,BdGeral.mdb:Geral,colunas_nomeadas
021753,04013423000105,BdGeral.mdb:Geral,colunas_nomeadas
021754,01414788000145,BdGeral.mdb:Geral,colunas_nomeadas
021755,77575330000130,BdGeral.mdb:Geral,colunas_nomeadas
021758,65994998000132,BdGeral.mdb:Geral,colunas_nomeadas
021759,67895094000185,BdGeral.mdb:Geral,colunas_nomeadas
021760,76216480000275,BdGeral.mdb:Geral,colunas_nomeadas
021761,60739414000240,BdGeral.mdb:Geral,colunas_nomeadas
021762,03325972000144,BdGeral.mdb:Geral,colunas_nomeadas
021763,54855499000148,BdGeral.mdb:Geral,colunas_nomeadas
021764,68899228000107,BdGeral.mdb:Geral,colunas_nomeadas
021765,85381911000169,BdGeral.mdb:Geral,colunas_nomeadas
021767,00998333000151,BdGeral.mdb:Geral,colunas_nomeadas
021768,05737185000135,BdGeral.mdb:Geral,colunas_nomeadas
021769,55147656000123,BdGeral.mdb:Geral,colunas_nomeadas
021770,48180178000198,BdGeral.mdb:Geral,colunas_nomeadas
021772,82105594000160,BdGeral.mdb:Geral,colunas_nomeadas
021773,05541563000100,BdGeral.mdb:Geral,colunas_nomeadas
021774,05376255000177,BdGeral.mdb:Geral,colunas_nomeadas
021775,01666950000112,BdGeral.mdb:Geral,colunas_nomeadas
021776,96173083000190,BdGeral.mdb:Geral,colunas_nomeadas
021777,04894962000192,BdGeral.mdb:Geral,colunas_nomeadas
021778,80427867000167,BdGeral.mdb:Geral,colunas_nomeadas
021779,86748977000107,BdGeral.mdb:Geral,colunas_nomeadas
021780,44849792000149,BdGeral.mdb:Geral,colunas_nomeadas
021781,58090515000100,BdGeral.mdb:Geral,colunas_nomeadas
021782,05341519000157,BdGeral.mdb:Geral,colunas_nomeadas
021783,60043403000140,BdGeral.mdb:Geral,colunas_nomeadas
021784,53069324000142,BdGeral.mdb:Geral,colunas_nomeadas
021786,05596410000160,BdGeral.mdb:Geral,colunas_nomeadas
021787,00122311000123,BdGeral.mdb:Geral,colunas_nomeadas
021788,68101823000147,BdGeral.mdb:Geral,colunas_nomeadas
021789,04162750000110,BdGeral.mdb:Geral,colunas_nomeadas
021790,05445557000150,BdGeral.mdb:Geral,colunas_nomeadas
021791,04906226000107,BdGeral.mdb:Geral,colunas_nomeadas
021792,04558562000106,BdGeral.mdb:Geral,colunas_nomeadas
021793,05592614000123,BdGeral.mdb:Geral,colunas_nomeadas
021794,05315626000100,BdGeral.mdb:Geral,colunas_nomeadas
021795,95887840000124,BdGeral.mdb:Geral,colunas_nomeadas
021796,02907536000110,BdGeral.mdb:Geral,colunas_nomeadas
021797,03796921000109,BdGeral.mdb:Geral,colunas_nomeadas
021798,60762267000148,BdGeral.mdb:Geral,colunas_nomeadas
021799,02093786000164,BdGeral.mdb:Geral,colunas_nomeadas
021800,01792428000187,BdGeral.mdb:Geral,colunas_nomeadas
021801,05217623000134,BdGeral.mdb:Geral,colunas_nomeadas
021802,02523826000160,BdGeral.mdb:Geral,colunas_nomeadas
021803,04329465000141,BdGeral.mdb:Geral,colunas_nomeadas
021804,05620644000104,BdGeral.mdb:Geral,colunas_nomeadas
021805,47372180000104,BdGeral.mdb:Geral,colunas_nomeadas
021806,46110748000148,BdGeral.mdb:Geral,colunas_nomeadas
021807,97518583000189,BdGeral.mdb:Geral,colunas_nomeadas
021808,50076116000182,BdGeral.mdb:Geral,colunas_nomeadas
021809,05645465000113,BdGeral.mdb:Geral,colunas_nomeadas
021810,49600794000113,BdGeral.mdb:Geral,colunas_nomeadas
021811,72032592000134,BdGeral.mdb:Geral,colunas_nomeadas
021812,03638844000150,BdGeral.mdb:Geral,colunas_nomeadas
021813,05122621000161,BdGeral.mdb:Geral,colunas_nomeadas
021814,71090369000180,BdGeral.mdb:Geral,colunas_nomeadas
021815,04137522000271,BdGeral.mdb:Geral,colunas_nomeadas
021816,00142169000186,BdGeral.mdb:Geral,colunas_nomeadas
021818,84935865000210,BdGeral.mdb:Geral,colunas_nomeadas
021819,04785472000158,BdGeral.mdb:Geral,colunas_nomeadas
021821,05263631000117,BdGeral.mdb:Geral,colunas_nomeadas
021822,03650420000101,BdGeral.mdb:Geral,colunas_nomeadas
021823,04997677000105,BdGeral.mdb:Geral,colunas_nomeadas
021824,02505043000154,BdGeral.mdb:Geral,colunas_nomeadas
021825,68866144000169,BdGeral.mdb:Geral,colunas_nomeadas
021826,03044607000161,BdGeral.mdb:Geral,colunas_nomeadas
021828,03281972000190,BdGeral.mdb:Geral,colunas_nomeadas
021829,04629054000171,BdGeral.mdb:Geral,colunas_nomeadas
021830,05680099000133,BdGeral.mdb:Geral,colunas_nomeadas
021831,03996851000124,BdGeral.mdb:Geral,colunas_nomeadas
021832,05674135000156,BdGeral.mdb:Geral,colunas_nomeadas
021833,77625564000144,BdGeral.mdb:Geral,colunas_nomeadas
021834,02670824000102,BdGeral.mdb:Geral,colunas_nomeadas
021836,04263698000199,BdGeral.mdb:Geral,colunas_nomeadas
021837,85055226000142,BdGeral.mdb:Geral,colunas_nomeadas
021838,05212897000130,BdGeral.mdb:Geral,colunas_nomeadas
021839,01612780000193,BdGeral.mdb:Geral,colunas_nomeadas
021840,05269316000105,BdGeral.mdb:Geral,colunas_nomeadas
021841,05684843000178,BdGeral.mdb:Geral,colunas_nomeadas
021842,04835830000190,BdGeral.mdb:Geral,colunas_nomeadas
021843,01480731000144,BdGeral.mdb:Geral,colunas_nomeadas
021844,59116756000143,BdGeral.mdb:Geral,colunas_nomeadas
021845,60037058000484,BdGeral.mdb:Geral,colunas_nomeadas
021847,02783273000185,BdGeral.mdb:Geral,colunas_nomeadas
021848,02249536000170,BdGeral.mdb:Geral,colunas_nomeadas
021849,05366118000151,BdGeral.mdb:Geral,colunas_nomeadas
021850,05765723000103,BdGeral.mdb:Geral,colunas_nomeadas
021851,05749340000133,BdGeral.mdb:Geral,colunas_nomeadas
021852,80709876000140,BdGeral.mdb:Geral,colunas_nomeadas
021853,02521864000184,BdGeral.mdb:Geral,colunas_nomeadas
021854,00917057000150,BdGeral.mdb:Geral,colunas_nomeadas
021855,05568364000196,BdGeral.mdb:Geral,colunas_nomeadas
021856,69352318000138,BdGeral.mdb:Geral,colunas_nomeadas
021857,72254972000113,BdGeral.mdb:Geral,colunas_nomeadas
021858,02006074000160,BdGeral.mdb:Geral,colunas_nomeadas
021861,05700867000173,BdGeral.mdb:Geral,colunas_nomeadas
021862,02983230000305,BdGeral.mdb:Geral,colunas_nomeadas
021864,04232017000125,BdGeral.mdb:Geral,colunas_nomeadas
021865,54949482000150,BdGeral.mdb:Geral,colunas_nomeadas
021866,89305197000180,BdGeral.mdb:Geral,colunas_nomeadas
021867,05401121000169,BdGeral.mdb:Geral,colunas_nomeadas
021868,03325972000144,BdGeral.mdb:Geral,colunas_nomeadas
021869,81404592000109,BdGeral.mdb:Geral,colunas_nomeadas
021870,59185496000168,BdGeral.mdb:Geral,colunas_nomeadas
021871,05810849000144,BdGeral.mdb:Geral,colunas_nomeadas
021872,91605469000100,BdGeral.mdb:Geral,colunas_nomeadas
021873,05390113000164,BdGeral.mdb:Geral,colunas_nomeadas
021874,53266383000100,BdGeral.mdb:Geral,colunas_nomeadas
021875,54126743000131,BdGeral.mdb:Geral,colunas_nomeadas
021876,82072471000170,BdGeral.mdb:Geral,colunas_nomeadas
021877,05787044000127,BdGeral.mdb:Geral,colunas_nomeadas
021878,03584302000142,BdGeral.mdb:Geral,colunas_nomeadas
021879,68000793000182,BdGeral.mdb:Geral,colunas_nomeadas
021880,61251823000184,BdGeral.mdb:Geral,colunas_nomeadas
021881,79025110000168,BdGeral.mdb:Geral,colunas_nomeadas
021884,04228083000121,BdGeral.mdb:Geral,colunas_nomeadas
021885,52429206000135,BdGeral.mdb:Geral,colunas_nomeadas
021887,05113260000197,BdGeral.mdb:Geral,colunas_nomeadas
021888,05217652000104,BdGeral.mdb:Geral,colunas_nomeadas
021890,77518439000135,BdGeral.mdb:Geral,colunas_nomeadas
021891,03739428000149,BdGeral.mdb:Geral,colunas_nomeadas
021894,00271928001000,BdGeral.mdb:Geral,colunas_nomeadas
021895,20030918000000,BdGeral.mdb:Geral,scan_celula:DATA
021896,02114766000122,BdGeral.mdb:Geral,colunas_nomeadas
021897,03787889000197,BdGeral.mdb:Geral,colunas_nomeadas
021898,04998947000356,BdGeral.mdb:Geral,colunas_nomeadas
021899,68264423000152,BdGeral.mdb:Geral,colunas_nomeadas
021901,80432057000107,BdGeral.mdb:Geral,colunas_nomeadas
021903,83495374000152,BdGeral.mdb:Geral,colunas_nomeadas
021906,02132166000197,BdGeral.mdb:Geral,colunas_nomeadas
021907,05842717000102,BdGeral.mdb:Geral,colunas_nomeadas
021908,04898820000101,BdGeral.mdb:Geral,colunas_nomeadas
021910,61106159000341,BdGeral.mdb:Geral,colunas_nomeadas
021911,78530375000150,BdGeral.mdb:Geral,colunas_nomeadas
021912,01751035000125,BdGeral.mdb:Geral,colunas_nomeadas
021913,01699612000187,BdGeral.mdb:Geral,colunas_nomeadas
021914,01247753000169,BdGeral.mdb:Geral,colunas_nomeadas
021916,44397057000141,BdGeral.mdb:Geral,colunas_nomeadas
021917,37620432000105,BdGeral.mdb:Geral,colunas_nomeadas
021918,05843469000106,BdGeral.mdb:Geral,colunas_nomeadas
021919,04286947000161,BdGeral.mdb:Geral,colunas_nomeadas
021920,49611411000102,BdGeral.mdb:Geral,colunas_nomeadas
021921,75031336000110,BdGeral.mdb:Geral,colunas_nomeadas
021922,05084381000158,BdGeral.mdb:Geral,colunas_nomeadas
021923,00259892000140,BdGeral.mdb:Geral,colunas_nomeadas
021924,04183462000142,BdGeral.mdb:Geral,colunas_nomeadas
021925,77975183000195,BdGeral.mdb:Geral,colunas_nomeadas
021927,66163825000135,BdGeral.mdb:Geral,colunas_nomeadas
021928,05390017000116,BdGeral.mdb:Geral,colunas_nomeadas
021930,78268984000183,BdGeral.mdb:Geral,colunas_nomeadas
021931,75034272000101,BdGeral.mdb:Geral,colunas_nomeadas
021932,05604979000120,BdGeral.mdb:Geral,colunas_nomeadas
021933,60921764000141,BdGeral.mdb:Geral,colunas_nomeadas
021936,05578256000102,BdGeral.mdb:Geral,colunas_nomeadas
021938,52106820000166,BdGeral.mdb:Geral,colunas_nomeadas
021940,77073229000180,BdGeral.mdb:Geral,colunas_nomeadas
021941,02813880000140,BdGeral.mdb:Geral,colunas_nomeadas
021942,05746745000118,BdGeral.mdb:Geral,colunas_nomeadas
021943,05964154000117,BdGeral.mdb:Geral,colunas_nomeadas
021944,05736823000101,BdGeral.mdb:Geral,colunas_nomeadas
021945,66886417000101,BdGeral.mdb:Geral,colunas_nomeadas
021946,05218874000133,BdGeral.mdb:Geral,colunas_nomeadas
021947,05677342000164,BdGeral.mdb:Geral,colunas_nomeadas
021950,03332809000109,BdGeral.mdb:Geral,colunas_nomeadas
021951,04553015000138,BdGeral.mdb:Geral,colunas_nomeadas
021953,05169187000175,BdGeral.mdb:Geral,colunas_nomeadas
021954,01706474000116,BdGeral.mdb:Geral,colunas_nomeadas
021955,97382808000112,BdGeral.mdb:Geral,colunas_nomeadas
021956,04046757000177,BdGeral.mdb:Geral,colunas_nomeadas
021957,37494804000102,BdGeral.mdb:Geral,colunas_nomeadas
021958,03474248000182,BdGeral.mdb:Geral,colunas_nomeadas
021959,00513851000138,BdGeral.mdb:Geral,colunas_nomeadas
021962,04756419000129,BdGeral.mdb:Geral,colunas_nomeadas
021965,43462571000150,BdGeral.mdb:Geral,colunas_nomeadas
021966,03891960000187,BdGeral.mdb:Geral,colunas_nomeadas
021969,48130009000143,BdGeral.mdb:Geral,colunas_nomeadas
021970,06015882000145,BdGeral.mdb:Geral,colunas_nomeadas
021971,67583922000140,BdGeral.mdb:Geral,colunas_nomeadas
021972,05293633000159,BdGeral.mdb:Geral,colunas_nomeadas
021973,67058479000198,BdGeral.mdb:Geral,colunas_nomeadas
021974,00320782000146,BdGeral.mdb:Geral,colunas_nomeadas
021975,02758862000103,BdGeral.mdb:Geral,colunas_nomeadas
021976,04493368000190,BdGeral.mdb:Geral,colunas_nomeadas
021977,90051996000157,BdGeral.mdb:Geral,colunas_nomeadas
021978,68034503000111,BdGeral.mdb:Geral,colunas_nomeadas
021979,86981966000172,BdGeral.mdb:Geral,colunas_nomeadas
021980,04679521000259,BdGeral.mdb:Geral,colunas_nomeadas
021981,04657074000156,BdGeral.mdb:Geral,colunas_nomeadas
021982,04104573000116,BdGeral.mdb:Geral,colunas_nomeadas
021983,05403138000155,BdGeral.mdb:Geral,colunas_nomeadas
021984,24647331000186,BdGeral.mdb:Geral,colunas_nomeadas
021985,15501752000103,BdGeral.mdb:Geral,colunas_nomeadas
021986,04814627000137,BdGeral.mdb:Geral,colunas_nomeadas
021987,05164341000116,BdGeral.mdb:Geral,colunas_nomeadas
021988,64642630000142,BdGeral.mdb:Geral,colunas_nomeadas
021989,00926644000105,BdGeral.mdb:Geral,colunas_nomeadas
021990,03623681000132,BdGeral.mdb:Geral,colunas_nomeadas
021991,04877792000138,BdGeral.mdb:Geral,colunas_nomeadas
021992,06060159000188,BdGeral.mdb:Geral,colunas_nomeadas
021993,00843774000184,BdGeral.mdb:Geral,colunas_nomeadas
021994,01138810000171,BdGeral.mdb:Geral,colunas_nomeadas
021995,05990640000100,BdGeral.mdb:Geral,colunas_nomeadas
021996,97372916000104,BdGeral.mdb:Geral,colunas_nomeadas
021997,02347109000125,BdGeral.mdb:Geral,colunas_nomeadas
021998,02541117000108,BdGeral.mdb:Geral,colunas_nomeadas
021999,05501269000175,BdGeral.mdb:Geral,colunas_nomeadas
022000,03048614000131,BdGeral.mdb:Geral,colunas_nomeadas
022001,43231638000146,BdGeral.mdb:Geral,colunas_nomeadas
022002,73343659000114,BdGeral.mdb:Geral,colunas_nomeadas
022003,54842406000140,BdGeral.mdb:Geral,colunas_nomeadas
022004,06064012000166,BdGeral.mdb:Geral,colunas_nomeadas
022005,59272849000167,BdGeral.mdb:Geral,colunas_nomeadas
022006,83164335000172,BdGeral.mdb:Geral,colunas_nomeadas
022007,85373793000147,BdGeral.mdb:Geral,colunas_nomeadas
022008,01129082000131,BdGeral.mdb:Geral,colunas_nomeadas
022009,79388807000101,BdGeral.mdb:Geral,colunas_nomeadas
022011,05016876000140,BdGeral.mdb:Geral,colunas_nomeadas
022013,61953030000107,BdGeral.mdb:Geral,colunas_nomeadas
022014,65861429000119,BdGeral.mdb:Geral,colunas_nomeadas
022015,03059046000174,BdGeral.mdb:Geral,colunas_nomeadas
022016,05373752000111,BdGeral.mdb:Geral,colunas_nomeadas
022017,06111418000152,BdGeral.mdb:Geral,colunas_nomeadas
022018,04991397000181,BdGeral.mdb:Geral,colunas_nomeadas
022019,07701259000109,BdGeral.mdb:Geral,colunas_nomeadas
022020,03544101000111,BdGeral.mdb:Geral,colunas_nomeadas
022021,02646429000186,BdGeral.mdb:Geral,colunas_nomeadas
022022,81753295000179,BdGeral.mdb:Geral,colunas_nomeadas
022024,01896771000171,BdGeral.mdb:Geral,colunas_nomeadas
022025,02983230002430,BdGeral.mdb:Geral,colunas_nomeadas
022027,06063437000150,BdGeral.mdb:Geral,colunas_nomeadas
022028,15375991000911,BdGeral.mdb:Geral,colunas_nomeadas
022029,00953295000110,BdGeral.mdb:Geral,colunas_nomeadas
022030,06103189000124,BdGeral.mdb:Geral,colunas_nomeadas
022031,00856153000135,BdGeral.mdb:Geral,colunas_nomeadas
022032,15420094000125,BdGeral.mdb:Geral,colunas_nomeadas
022033,37519931000100,BdGeral.mdb:Geral,colunas_nomeadas
022034,05743352000150,BdGeral.mdb:Geral,colunas_nomeadas
022036,05853615000184,BdGeral.mdb:Geral,colunas_nomeadas
022038,01125487000100,BdGeral.mdb:Geral,colunas_nomeadas
022039,61938643000175,BdGeral.mdb:Geral,colunas_nomeadas
022040,85227734000160,BdGeral.mdb:Geral,colunas_nomeadas
022043,05108671000194,BdGeral.mdb:Geral,colunas_nomeadas
022044,05340771000141,BdGeral.mdb:Geral,colunas_nomeadas
022046,81599367000175,BdGeral.mdb:Geral,colunas_nomeadas
022047,97338644000126,BdGeral.mdb:Geral,colunas_nomeadas
022048,95860128000131,BdGeral.mdb:Geral,colunas_nomeadas
022049,00825796000383,BdGeral.mdb:Geral,colunas_nomeadas
022050,02048125000117,BdGeral.mdb:Geral,colunas_nomeadas
022051,03702938000141,BdGeral.mdb:Geral,colunas_nomeadas
022052,00701504000139,BdGeral.mdb:Geral,colunas_nomeadas
022054,05750957000179,BdGeral.mdb:Geral,colunas_nomeadas
022055,06149233000137,BdGeral.mdb:Geral,colunas_nomeadas
022056,05756708000190,BdGeral.mdb:Geral,colunas_nomeadas
022057,06154239000100,BdGeral.mdb:Geral,colunas_nomeadas
022059,36880540000154,BdGeral.mdb:Geral,colunas_nomeadas
022060,02526774000186,BdGeral.mdb:Geral,colunas_nomeadas
022061,02514867000190,BdGeral.mdb:Geral,colunas_nomeadas
022062,04473014000183,BdGeral.mdb:Geral,colunas_nomeadas
022063,04545637000114,BdGeral.mdb:Geral,colunas_nomeadas
022064,03755944000167,BdGeral.mdb:Geral,colunas_nomeadas
022065,04632750000137,BdGeral.mdb:Geral,colunas_nomeadas
022066,04427275000167,BdGeral.mdb:Geral,colunas_nomeadas
022067,05244566000182,BdGeral.mdb:Geral,colunas_nomeadas
022068,05207783000100,BdGeral.mdb:Geral,colunas_nomeadas
022069,03253179000187,BdGeral.mdb:Geral,colunas_nomeadas
022070,04505761000156,BdGeral.mdb:Geral,colunas_nomeadas
022071,46523288000180,BdGeral.mdb:Geral,colunas_nomeadas
022072,04404159000122,BdGeral.mdb:Geral,colunas_nomeadas
022073,04382764000140,BdGeral.mdb:Geral,colunas_nomeadas
022074,03146966000120,BdGeral.mdb:Geral,colunas_nomeadas
022075,01739299000163,BdGeral.mdb:Geral,colunas_nomeadas
022076,60872306000160,BdGeral.mdb:Geral,colunas_nomeadas
022077,05023410000171,BdGeral.mdb:Geral,colunas_nomeadas
022078,85201739000114,BdGeral.mdb:Geral,colunas_nomeadas
022079,05209055000120,BdGeral.mdb:Geral,colunas_nomeadas
022080,04953862000190,BdGeral.mdb:Geral,colunas_nomeadas
022081,05244299000143,BdGeral.mdb:Geral,colunas_nomeadas
022082,01523480000138,BdGeral.mdb:Geral,colunas_nomeadas
022083,02405895000170,BdGeral.mdb:Geral,colunas_nomeadas
022084,61337234000113,BdGeral.mdb:Geral,colunas_nomeadas
022085,02535547000117,BdGeral.mdb:Geral,colunas_nomeadas
022086,03915849000183,BdGeral.mdb:Geral,colunas_nomeadas
022087,05569144000187,BdGeral.mdb:Geral,colunas_nomeadas
022088,02694566000196,BdGeral.mdb:Geral,colunas_nomeadas
022089,20502605000198,BdGeral.mdb:Geral,colunas_nomeadas
022090,00793703006317,BdGeral.mdb:Geral,colunas_nomeadas
022091,24696858000109,BdGeral.mdb:Geral,colunas_nomeadas
022092,00034878000148,BdGeral.mdb:Geral,colunas_nomeadas
022093,05676569000195,BdGeral.mdb:Geral,colunas_nomeadas
022094,04333986000172,BdGeral.mdb:Geral,colunas_nomeadas
022095,05163164000153,BdGeral.mdb:Geral,colunas_nomeadas
022096,05401426000170,BdGeral.mdb:Geral,colunas_nomeadas
022097,80007214000129,BdGeral.mdb:Geral,colunas_nomeadas
022098,01346650000156,BdGeral.mdb:Geral,colunas_nomeadas
022099,00574195000183,BdGeral.mdb:Geral,colunas_nomeadas
022100,82419995000194,BdGeral.mdb:Geral,colunas_nomeadas
022101,03803199000184,BdGeral.mdb:Geral,colunas_nomeadas
022103,05413709000132,BdGeral.mdb:Geral,colunas_nomeadas
022105,06223095000199,BdGeral.mdb:Geral,colunas_nomeadas
022106,06178589000107,BdGeral.mdb:Geral,colunas_nomeadas
022107,82985037000180,BdGeral.mdb:Geral,colunas_nomeadas
022108,61490561001697,BdGeral.mdb:Geral,colunas_nomeadas
022109,83731927000129,BdGeral.mdb:Geral,colunas_nomeadas
022110,22475396000166,BdGeral.mdb:Geral,colunas_nomeadas
022111,05163059000114,BdGeral.mdb:Geral,colunas_nomeadas
022112,00635391000110,BdGeral.mdb:Geral,colunas_nomeadas
022113,05118341000180,BdGeral.mdb:Geral,colunas_nomeadas
022114,93513893000150,BdGeral.mdb:Geral,colunas_nomeadas
022115,49912199000385,BdGeral.mdb:Geral,colunas_nomeadas
022116,05932650000199,BdGeral.mdb:Geral,colunas_nomeadas
022117,88301155005259,BdGeral.mdb:Geral,colunas_nomeadas
022118,01675997000142,BdGeral.mdb:Geral,colunas_nomeadas
022119,04685737000146,BdGeral.mdb:Geral,colunas_nomeadas
022120,85514388000100,BdGeral.mdb:Geral,colunas_nomeadas
022121,04543246000241,BdGeral.mdb:Geral,colunas_nomeadas
022122,00582945000169,BdGeral.mdb:Geral,colunas_nomeadas
022124,06183249000166,BdGeral.mdb:Geral,colunas_nomeadas
022125,56836570000170,BdGeral.mdb:Geral,colunas_nomeadas
022126,01959956000188,BdGeral.mdb:Geral,colunas_nomeadas
022127,01933183000160,BdGeral.mdb:Geral,colunas_nomeadas
022128,92708577000251,BdGeral.mdb:Geral,colunas_nomeadas
022130,04088573000170,BdGeral.mdb:Geral,colunas_nomeadas
022131,05890699000126,BdGeral.mdb:Geral,colunas_nomeadas
022132,05514028000160,BdGeral.mdb:Geral,colunas_nomeadas
022133,01176706000171,BdGeral.mdb:Geral,colunas_nomeadas
022134,00656150000158,BdGeral.mdb:Geral,colunas_nomeadas
022135,86248960000190,BdGeral.mdb:Geral,colunas_nomeadas
022136,06093456000120,BdGeral.mdb:Geral,colunas_nomeadas
022137,85098036000102,BdGeral.mdb:Geral,colunas_nomeadas
022139,03105968000170,BdGeral.mdb:Geral,colunas_nomeadas
022140,02409880000180,BdGeral.mdb:Geral,colunas_nomeadas
022141,04505272000102,BdGeral.mdb:Geral,colunas_nomeadas
022142,95214060000113,BdGeral.mdb:Geral,colunas_nomeadas
022143,95069647000186,BdGeral.mdb:Geral,colunas_nomeadas
022144,02101614000195,BdGeral.mdb:Geral,colunas_nomeadas
022145,03210810000160,BdGeral.mdb:Geral,colunas_nomeadas
022146,81378879000101,BdGeral.mdb:Geral,colunas_nomeadas
022147,01298880000197,BdGeral.mdb:Geral,colunas_nomeadas
022148,04693276000153,BdGeral.mdb:Geral,colunas_nomeadas
022149,00927412000171,BdGeral.mdb:Geral,colunas_nomeadas
022150,85008274000180,BdGeral.mdb:Geral,colunas_nomeadas
022151,81671661000140,BdGeral.mdb:Geral,colunas_nomeadas
022152,95437869000376,BdGeral.mdb:Geral,colunas_nomeadas
022153,53667002000103,BdGeral.mdb:Geral,colunas_nomeadas
022154,04590301000173,BdGeral.mdb:Geral,colunas_nomeadas
022155,00415193000141,BdGeral.mdb:Geral,colunas_nomeadas
022156,77994432000190,BdGeral.mdb:Geral,colunas_nomeadas
022157,84844067000100,BdGeral.mdb:Geral,colunas_nomeadas
022158,02268609000171,BdGeral.mdb:Geral,colunas_nomeadas
022159,02630030000107,BdGeral.mdb:Geral,colunas_nomeadas
022160,70426630000108,BdGeral.mdb:Geral,colunas_nomeadas
022161,05027499000144,BdGeral.mdb:Geral,colunas_nomeadas
022162,02856203000100,BdGeral.mdb:Geral,colunas_nomeadas
022163,05297259000160,BdGeral.mdb:Geral,colunas_nomeadas
022164,04636071000136,BdGeral.mdb:Geral,colunas_nomeadas
022165,01347158000103,BdGeral.mdb:Geral,colunas_nomeadas
022166,06370964000108,BdGeral.mdb:Geral,colunas_nomeadas
022167,06258291000107,BdGeral.mdb:Geral,colunas_nomeadas
022168,73358418000149,BdGeral.mdb:Geral,colunas_nomeadas
022169,80497027000170,BdGeral.mdb:Geral,colunas_nomeadas
022170,04282878000118,BdGeral.mdb:Geral,colunas_nomeadas
022171,77935872000176,BdGeral.mdb:Geral,colunas_nomeadas
022172,06279815000138,BdGeral.mdb:Geral,colunas_nomeadas
022173,53183174000284,BdGeral.mdb:Geral,colunas_nomeadas
022174,01111464000138,BdGeral.mdb:Geral,colunas_nomeadas
022175,03058818000153,BdGeral.mdb:Geral,colunas_nomeadas
022176,01084977000105,BdGeral.mdb:Geral,colunas_nomeadas
022177,75003707000150,BdGeral.mdb:Geral,colunas_nomeadas
022178,03811324000106,BdGeral.mdb:Geral,colunas_nomeadas
022179,04194878000166,BdGeral.mdb:Geral,colunas_nomeadas
022180,93986487000104,BdGeral.mdb:Geral,colunas_nomeadas
022181,91783126000135,BdGeral.mdb:Geral,colunas_nomeadas
022182,04443510000194,BdGeral.mdb:Geral,colunas_nomeadas
022183,73231953000134,BdGeral.mdb:Geral,colunas_nomeadas
022184,05500742000108,BdGeral.mdb:Geral,colunas_nomeadas
022185,76595776000163,BdGeral.mdb:Geral,colunas_nomeadas
022186,00794259000151,BdGeral.mdb:Geral,colunas_nomeadas
022187,02448056000139,BdGeral.mdb:Geral,colunas_nomeadas
022188,01233426000158,BdGeral.mdb:Geral,colunas_nomeadas
022189,05654633000137,BdGeral.mdb:Geral,colunas_nomeadas
022190,04419191000181,BdGeral.mdb:Geral,colunas_nomeadas
022191,04768043000172,BdGeral.mdb:Geral,colunas_nomeadas
022192,03753104000165,BdGeral.mdb:Geral,colunas_nomeadas
022193,78896040000150,BdGeral.mdb:Geral,colunas_nomeadas
022195,06001591000106,BdGeral.mdb:Geral,colunas_nomeadas
022196,50564053000880,BdGeral.mdb:Geral,colunas_nomeadas
022197,01850755000148,BdGeral.mdb:Geral,colunas_nomeadas
022198,04621103000120,BdGeral.mdb:Geral,colunas_nomeadas
022199,01670855000192,BdGeral.mdb:Geral,colunas_nomeadas
022200,00223690000148,BdGeral.mdb:Geral,colunas_nomeadas
022201,47786611000170,BdGeral.mdb:Geral,colunas_nomeadas
022202,64009236000171,BdGeral.mdb:Geral,colunas_nomeadas
022203,02042138000189,BdGeral.mdb:Geral,colunas_nomeadas
022204,00459394000140,BdGeral.mdb:Geral,colunas_nomeadas
022205,06372697000108,BdGeral.mdb:Geral,colunas_nomeadas
022206,73602971000185,BdGeral.mdb:Geral,colunas_nomeadas
022207,81687006000261,BdGeral.mdb:Geral,colunas_nomeadas
022210,92165125000190,BdGeral.mdb:Geral,colunas_nomeadas
022211,04065472000183,BdGeral.mdb:Geral,colunas_nomeadas
022213,06197413000194,BdGeral.mdb:Geral,colunas_nomeadas
022214,26536797000130,BdGeral.mdb:Geral,colunas_nomeadas
022215,05359531000199,BdGeral.mdb:Geral,colunas_nomeadas
022216,04894760000140,BdGeral.mdb:Geral,colunas_nomeadas
022217,05672477000137,BdGeral.mdb:Geral,colunas_nomeadas
022218,05291982000131,BdGeral.mdb:Geral,colunas_nomeadas
022219,04458851000133,BdGeral.mdb:Geral,colunas_nomeadas
022220,51647907000188,BdGeral.mdb:Geral,colunas_nomeadas
022221,02702583000128,BdGeral.mdb:Geral,colunas_nomeadas
022222,06331681000157,BdGeral.mdb:Geral,colunas_nomeadas
022223,75263400001160,BdGeral.mdb:Geral,colunas_nomeadas
022226,00457993000125,BdGeral.mdb:Geral,colunas_nomeadas
022228,04318583000154,BdGeral.mdb:Geral,colunas_nomeadas
022230,03132689000104,BdGeral.mdb:Geral,colunas_nomeadas
022231,61093621000151,BdGeral.mdb:Geral,colunas_nomeadas
022232,02720635000199,BdGeral.mdb:Geral,colunas_nomeadas
022233,03626664000159,BdGeral.mdb:Geral,colunas_nomeadas
022234,05466981000180,BdGeral.mdb:Geral,colunas_nomeadas
022235,54407424000102,BdGeral.mdb:Geral,colunas_nomeadas
022236,02340655000134,BdGeral.mdb:Geral,colunas_nomeadas
022238,04144342000136,BdGeral.mdb:Geral,colunas_nomeadas
022240,20040916000000,BdGeral.mdb:Geral,scan_celula:DATA
022241,04160978000171,BdGeral.mdb:Geral,colunas_nomeadas
022242,06045203000180,BdGeral.mdb:Geral,colunas_nomeadas
022243,02572151000140,BdGeral.mdb:Geral,colunas_nomeadas
022244,84963685000161,BdGeral.mdb:Geral,colunas_nomeadas
022245,77182715000137,BdGeral.mdb:Geral,colunas_nomeadas
022246,04489904000183,BdGeral.mdb:Geral,colunas_nomeadas
022247,97318489000186,BdGeral.mdb:Geral,colunas_nomeadas
022248,04313101000173,BdGeral.mdb:Geral,colunas_nomeadas
022249,04868822000140,BdGeral.mdb:Geral,colunas_nomeadas
022250,04385294000178,BdGeral.mdb:Geral,colunas_nomeadas
022251,03663047000123,BdGeral.mdb:Geral,colunas_nomeadas
022252,03585531000181,BdGeral.mdb:Geral,colunas_nomeadas
022253,82853938000119,BdGeral.mdb:Geral,colunas_nomeadas
022255,05161629000137,BdGeral.mdb:Geral,colunas_nomeadas
022256,71834501000111,BdGeral.mdb:Geral,colunas_nomeadas
022257,06342861000134,BdGeral.mdb:Geral,colunas_nomeadas
022258,82963794000153,BdGeral.mdb:Geral,colunas_nomeadas
022259,66886417000292,BdGeral.mdb:Geral,colunas_nomeadas
022260,58125691000130,BdGeral.mdb:Geral,colunas_nomeadas
022261,81750697000110,BdGeral.mdb:Geral,colunas_nomeadas
022263,69280642000198,BdGeral.mdb:Geral,colunas_nomeadas
022264,03805167000118,BdGeral.mdb:Geral,colunas_nomeadas
022265,03370746000185,BdGeral.mdb:Geral,colunas_nomeadas
022266,02921675000107,BdGeral.mdb:Geral,colunas_nomeadas
022267,72932551000102,BdGeral.mdb:Geral,colunas_nomeadas
022268,07546110000100,BdGeral.mdb:Geral,colunas_nomeadas
022270,88059795002360,BdGeral.mdb:Geral,colunas_nomeadas
022271,06130185000135,BdGeral.mdb:Geral,colunas_nomeadas
022273,06297927000111,BdGeral.mdb:Geral,colunas_nomeadas
022274,02569251000117,BdGeral.mdb:Geral,colunas_nomeadas
022275,04666787000186,BdGeral.mdb:Geral,colunas_nomeadas
022276,06880147000108,BdGeral.mdb:Geral,colunas_nomeadas
022277,49638901000100,BdGeral.mdb:Geral,colunas_nomeadas
022278,04073313000120,BdGeral.mdb:Geral,colunas_nomeadas
022279,03490335000123,BdGeral.mdb:Geral,colunas_nomeadas
022280,06159137000170,BdGeral.mdb:Geral,colunas_nomeadas
022281,78949013000107,BdGeral.mdb:Geral,colunas_nomeadas
022283,83720060000297,BdGeral.mdb:Geral,colunas_nomeadas
022284,03529825000196,BdGeral.mdb:Geral,colunas_nomeadas
022285,61006011000173,BdGeral.mdb:Geral,colunas_nomeadas
022286,06881963000128,BdGeral.mdb:Geral,colunas_nomeadas
022287,04422364000110,BdGeral.mdb:Geral,colunas_nomeadas
022288,05387310000124,BdGeral.mdb:Geral,colunas_nomeadas
022289,05890345000181,BdGeral.mdb:Geral,colunas_nomeadas
022291,02426225000130,BdGeral.mdb:Geral,colunas_nomeadas
022292,01782278000120,BdGeral.mdb:Geral,colunas_nomeadas
022293,06864735000140,BdGeral.mdb:Geral,colunas_nomeadas
022294,54772868000139,BdGeral.mdb:Geral,colunas_nomeadas
022295,02222736000130,BdGeral.mdb:Geral,colunas_nomeadas
022298,01506361000177,BdGeral.mdb:Geral,colunas_nomeadas
022299,04345866000195,BdGeral.mdb:Geral,colunas_nomeadas
022300,75527101000114,BdGeral.mdb:Geral,colunas_nomeadas
022301,80328784000110,BdGeral.mdb:Geral,colunas_nomeadas
022302,06889864000192,BdGeral.mdb:Geral,colunas_nomeadas
022303,02379034000164,BdGeral.mdb:Geral,colunas_nomeadas
022304,19345396000137,BdGeral.mdb:Geral,colunas_nomeadas
022305,07069317000123,BdGeral.mdb:Geral,colunas_nomeadas
022306,05500706000136,BdGeral.mdb:Geral,colunas_nomeadas
022307,00279087000188,BdGeral.mdb:Geral,colunas_nomeadas
022308,02022810000174,BdGeral.mdb:Geral,colunas_nomeadas
022309,03149979000152,BdGeral.mdb:Geral,colunas_nomeadas
022310,79056669000155,BdGeral.mdb:Geral,colunas_nomeadas
022311,05916363000195,BdGeral.mdb:Geral,colunas_nomeadas
022312,06943128000175,BdGeral.mdb:Geral,colunas_nomeadas
022313,75671529000136,BdGeral.mdb:Geral,colunas_nomeadas
022315,04137522000352,BdGeral.mdb:Geral,colunas_nomeadas
022316,03404488000100,BdGeral.mdb:Geral,colunas_nomeadas
022317,44774677000152,BdGeral.mdb:Geral,colunas_nomeadas
022318,85601201000440,BdGeral.mdb:Geral,colunas_nomeadas
022319,05783689000191,BdGeral.mdb:Geral,colunas_nomeadas
022320,68143072000121,BdGeral.mdb:Geral,colunas_nomeadas
022321,04858153000125,BdGeral.mdb:Geral,colunas_nomeadas
022322,03415066000130,BdGeral.mdb:Geral,colunas_nomeadas
022323,06293308000159,BdGeral.mdb:Geral,colunas_nomeadas
022324,38790481000159,BdGeral.mdb:Geral,colunas_nomeadas
022325,84874726000305,BdGeral.mdb:Geral,colunas_nomeadas
022326,00643633000118,BdGeral.mdb:Geral,colunas_nomeadas
022327,04432471000120,BdGeral.mdb:Geral,colunas_nomeadas
022330,04149890000159,BdGeral.mdb:Geral,colunas_nomeadas
022331,04480666000145,BdGeral.mdb:Geral,colunas_nomeadas
022332,90333758000134,BdGeral.mdb:Geral,colunas_nomeadas
022333,06062310000117,BdGeral.mdb:Geral,colunas_nomeadas
022334,04806307000135,BdGeral.mdb:Geral,colunas_nomeadas
022335,00781468000160,BdGeral.mdb:Geral,colunas_nomeadas
022336,03891396000100,BdGeral.mdb:Geral,colunas_nomeadas
022338,01983587000169,BdGeral.mdb:Geral,colunas_nomeadas
022339,05844309000181,BdGeral.mdb:Geral,colunas_nomeadas
022340,04293827000191,BdGeral.mdb:Geral,colunas_nomeadas
022341,85122059000105,BdGeral.mdb:Geral,colunas_nomeadas
022342,00011014000100,BdGeral.mdb:Geral,colunas_nomeadas
022344,05950535000147,BdGeral.mdb:Geral,colunas_nomeadas
022345,79329157000115,BdGeral.mdb:Geral,colunas_nomeadas
022346,06003277000154,BdGeral.mdb:Geral,colunas_nomeadas
022347,03671850000100,BdGeral.mdb:Geral,colunas_nomeadas
022348,06996412000100,BdGeral.mdb:Geral,colunas_nomeadas
022349,75274423001332,BdGeral.mdb:Geral,colunas_nomeadas
022350,96230719000198,BdGeral.mdb:Geral,colunas_nomeadas
022351,76404623000191,BdGeral.mdb:Geral,colunas_nomeadas
022352,20050212000000,BdGeral.mdb:Geral,scan_celula:DATA
022353,20050212000000,BdGeral.mdb:Geral,scan_celula:DATA
022354,05284763000125,BdGeral.mdb:Geral,colunas_nomeadas
022355,78571411000124,BdGeral.mdb:Geral,colunas_nomeadas
022356,95391637000162,BdGeral.mdb:Geral,colunas_nomeadas
022357,07191566000197,BdGeral.mdb:Geral,colunas_nomeadas
022358,05122373000159,BdGeral.mdb:Geral,colunas_nomeadas
022359,06074138000111,BdGeral.mdb:Geral,colunas_nomeadas
022360,05591822000108,BdGeral.mdb:Geral,colunas_nomeadas
022361,80546484000108,BdGeral.mdb:Geral,colunas_nomeadas
022362,05005842000150,BdGeral.mdb:Geral,colunas_nomeadas
022363,02627320000100,BdGeral.mdb:Geral,colunas_nomeadas
022364,83607689000659,BdGeral.mdb:Geral,colunas_nomeadas
022365,83607689000730,BdGeral.mdb:Geral,colunas_nomeadas
022366,83607689000306,BdGeral.mdb:Geral,colunas_nomeadas
022367,83607689000144,BdGeral.mdb:Geral,colunas_nomeadas
022368,83607689000225,BdGeral.mdb:Geral,colunas_nomeadas
022369,83607689000497,BdGeral.mdb:Geral,colunas_nomeadas
022370,05519904000141,BdGeral.mdb:Geral,colunas_nomeadas
022371,06983218000190,BdGeral.mdb:Geral,colunas_nomeadas
022373,79024105000211,BdGeral.mdb:Geral,colunas_nomeadas
022374,73461196000195,BdGeral.mdb:Geral,colunas_nomeadas
022375,06253196000102,BdGeral.mdb:Geral,colunas_nomeadas
022376,00987668000174,BdGeral.mdb:Geral,colunas_nomeadas
022377,83842419000118,BdGeral.mdb:Geral,colunas_nomeadas
022378,68346634000568,BdGeral.mdb:Geral,colunas_nomeadas
022379,07104117000164,BdGeral.mdb:Geral,colunas_nomeadas
022380,05423308000163,BdGeral.mdb:Geral,colunas_nomeadas
022381,06965341000188,BdGeral.mdb:Geral,colunas_nomeadas
022382,02790493000136,BdGeral.mdb:Geral,colunas_nomeadas
022383,02825686000185,BdGeral.mdb:Geral,colunas_nomeadas
022384,02241520000111,BdGeral.mdb:Geral,colunas_nomeadas
022385,05373752000200,BdGeral.mdb:Geral,colunas_nomeadas
022386,49043409000184,BdGeral.mdb:Geral,colunas_nomeadas
022387,02402689000106,BdGeral.mdb:Geral,colunas_nomeadas
022388,01819669000172,BdGeral.mdb:Geral,colunas_nomeadas
022389,94778859000170,BdGeral.mdb:Geral,colunas_nomeadas
022390,06932601000119,BdGeral.mdb:Geral,colunas_nomeadas
022391,00418515000106,BdGeral.mdb:Geral,colunas_nomeadas
022392,00122446000199,BdGeral.mdb:Geral,colunas_nomeadas
022393,04814657000143,BdGeral.mdb:Geral,colunas_nomeadas
022394,83807586000390,BdGeral.mdb:Geral,colunas_nomeadas
022395,02154996000115,BdGeral.mdb:Geral,colunas_nomeadas
022396,75177758000107,BdGeral.mdb:Geral,colunas_nomeadas
022397,74534694000183,BdGeral.mdb:Geral,colunas_nomeadas
022398,06129580000106,BdGeral.mdb:Geral,colunas_nomeadas
022399,02901390000104,BdGeral.mdb:Geral,colunas_nomeadas
022400,93973329000110,BdGeral.mdb:Geral,colunas_nomeadas
022401,01840822000143,BdGeral.mdb:Geral,colunas_nomeadas
022402,06876546000197,BdGeral.mdb:Geral,colunas_nomeadas
022403,03890508000109,BdGeral.mdb:Geral,colunas_nomeadas
022404,02467419000183,BdGeral.mdb:Geral,colunas_nomeadas
022405,02332768000198,BdGeral.mdb:Geral,colunas_nomeadas
022406,00115828000195,BdGeral.mdb:Geral,colunas_nomeadas
022408,77118131000283,BdGeral.mdb:Geral,colunas_nomeadas
022409,07329845000174,BdGeral.mdb:Geral,colunas_nomeadas
022410,07336768000180,BdGeral.mdb:Geral,colunas_nomeadas
022411,06159782000192,BdGeral.mdb:Geral,colunas_nomeadas
022412,51286771000128,BdGeral.mdb:Geral,colunas_nomeadas
022413,04437395000145,BdGeral.mdb:Geral,colunas_nomeadas
022414,74605080000145,BdGeral.mdb:Geral,colunas_nomeadas
022415,04637386000106,BdGeral.mdb:Geral,colunas_nomeadas
022416,03565333000156,BdGeral.mdb:Geral,colunas_nomeadas
022418,05846199000197,BdGeral.mdb:Geral,colunas_nomeadas
022421,03649445000195,BdGeral.mdb:Geral,colunas_nomeadas
022422,95800637000179,BdGeral.mdb:Geral,colunas_nomeadas
022424,01836209000152,BdGeral.mdb:Geral,colunas_nomeadas
022425,66080482000145,BdGeral.mdb:Geral,colunas_nomeadas
022426,78571411000710,BdGeral.mdb:Geral,colunas_nomeadas
022427,58612342000142,BdGeral.mdb:Geral,colunas_nomeadas
022428,76211770000145,BdGeral.mdb:Geral,colunas_nomeadas
022429,72723281000111,BdGeral.mdb:Geral,colunas_nomeadas
022430,06267753000144,BdGeral.mdb:Geral,colunas_nomeadas
022431,06130185000135,BdGeral.mdb:Geral,colunas_nomeadas
022432,76093731000271,BdGeral.mdb:Geral,colunas_nomeadas
022433,76093731000433,BdGeral.mdb:Geral,colunas_nomeadas
022435,06071705000186,BdGeral.mdb:Geral,colunas_nomeadas
022436,06829588000177,BdGeral.mdb:Geral,colunas_nomeadas
022437,83731927001010,BdGeral.mdb:Geral,colunas_nomeadas
022438,06052760000129,BdGeral.mdb:Geral,colunas_nomeadas
022439,03436084000107,BdGeral.mdb:Geral,colunas_nomeadas
022440,77863223000107,BdGeral.mdb:Geral,colunas_nomeadas
022441,03665624000116,BdGeral.mdb:Geral,colunas_nomeadas
022443,72241797000120,BdGeral.mdb:Geral,colunas_nomeadas
022445,07404335000114,BdGeral.mdb:Geral,colunas_nomeadas
022446,03793199000140,BdGeral.mdb:Geral,colunas_nomeadas
022447,81636615000291,BdGeral.mdb:Geral,colunas_nomeadas
022448,06921734000190,BdGeral.mdb:Geral,colunas_nomeadas
022449,68747955000140,BdGeral.mdb:Geral,colunas_nomeadas
022451,95757985000100,BdGeral.mdb:Geral,colunas_nomeadas
022452,07242565000124,BdGeral.mdb:Geral,colunas_nomeadas
022453,06151106000172,BdGeral.mdb:Geral,colunas_nomeadas
022454,79097515000101,BdGeral.mdb:Geral,colunas_nomeadas
022455,07442832000107,BdGeral.mdb:Geral,colunas_nomeadas
022456,85269272000144,BdGeral.mdb:Geral,colunas_nomeadas
022458,80426638000128,BdGeral.mdb:Geral,colunas_nomeadas
022459,07421353000104,BdGeral.mdb:Geral,colunas_nomeadas
022461,07291541000165,BdGeral.mdb:Geral,colunas_nomeadas
022462,05965958000130,BdGeral.mdb:Geral,colunas_nomeadas
022463,04096225000144,BdGeral.mdb:Geral,colunas_nomeadas
022464,61830329000174,BdGeral.mdb:Geral,colunas_nomeadas
022465,80444748000112,BdGeral.mdb:Geral,colunas_nomeadas
022466,07453051000118,BdGeral.mdb:Geral,colunas_nomeadas
022468,06962675000106,BdGeral.mdb:Geral,colunas_nomeadas
022469,07451098000142,BdGeral.mdb:Geral,colunas_nomeadas
022470,76486810000161,BdGeral.mdb:Geral,colunas_nomeadas
022471,88301155005925,BdGeral.mdb:Geral,colunas_nomeadas
022472,59164996000113,BdGeral.mdb:Geral,colunas_nomeadas
022473,65866832000130,BdGeral.mdb:Geral,colunas_nomeadas
022474,82689860000149,BdGeral.mdb:Geral,colunas_nomeadas
022475,06093310000184,BdGeral.mdb:Geral,colunas_nomeadas
022476,80585870000109,BdGeral.mdb:Geral,colunas_nomeadas
022477,53400818001300,BdGeral.mdb:Geral,colunas_nomeadas
022479,02003436000160,BdGeral.mdb:Geral,colunas_nomeadas
022480,07265425000171,BdGeral.mdb:Geral,colunas_nomeadas
022481,07504975000104,BdGeral.mdb:Geral,colunas_nomeadas
022483,05298436000122,BdGeral.mdb:Geral,colunas_nomeadas
022484,61958344000100,BdGeral.mdb:Geral,colunas_nomeadas
022485,01261681000104,BdGeral.mdb:Geral,colunas_nomeadas
022486,79114450006520,BdGeral.mdb:Geral,colunas_nomeadas
022487,61668513000160,BdGeral.mdb:Geral,colunas_nomeadas
022488,07375788000160,BdGeral.mdb:Geral,colunas_nomeadas
022489,76736123000157,BdGeral.mdb:Geral,colunas_nomeadas
022490,02405221000175,BdGeral.mdb:Geral,colunas_nomeadas
022491,43316678000190,BdGeral.mdb:Geral,colunas_nomeadas
022492,07494622000162,BdGeral.mdb:Geral,colunas_nomeadas
022493,04499402000133,BdGeral.mdb:Geral,colunas_nomeadas
022494,01502593000157,BdGeral.mdb:Geral,colunas_nomeadas
022495,43579457000105,BdGeral.mdb:Geral,colunas_nomeadas
022499,07527330000189,BdGeral.mdb:Geral,colunas_nomeadas
022500,04937550000192,BdGeral.mdb:Geral,colunas_nomeadas
022501,82853987000151,BdGeral.mdb:Geral,colunas_nomeadas
022503,05615994000174,BdGeral.mdb:Geral,colunas_nomeadas
022504,02580032000139,BdGeral.mdb:Geral,colunas_nomeadas
022505,58135344000198,BdGeral.mdb:Geral,colunas_nomeadas
022506,01948532000118,BdGeral.mdb:Geral,colunas_nomeadas
022507,01429719000105,BdGeral.mdb:Geral,colunas_nomeadas
022508,07359464000138,BdGeral.mdb:Geral,colunas_nomeadas
022509,05419103000104,BdGeral.mdb:Geral,colunas_nomeadas
022510,10919934003796,BdGeral.mdb:Geral,colunas_nomeadas
022511,07167857000140,BdGeral.mdb:Geral,colunas_nomeadas
022513,06534529000171,BdGeral.mdb:Geral,colunas_nomeadas
022514,07026873000112,BdGeral.mdb:Geral,colunas_nomeadas
022515,02983230002600,BdGeral.mdb:Geral,colunas_nomeadas
022516,02983230003169,BdGeral.mdb:Geral,colunas_nomeadas
022518,02991361000172,BdGeral.mdb:Geral,colunas_nomeadas
022519,07567310000131,BdGeral.mdb:Geral,colunas_nomeadas
022520,05856462000129,BdGeral.mdb:Geral,colunas_nomeadas
022521,67331249000150,BdGeral.mdb:Geral,colunas_nomeadas
022524,05969828000176,BdGeral.mdb:Geral,colunas_nomeadas
022525,06960913000136,BdGeral.mdb:Geral,colunas_nomeadas
022526,01597963000187,BdGeral.mdb:Geral,colunas_nomeadas
022527,06789981000184,BdGeral.mdb:Geral,colunas_nomeadas
022528,82651282000151,BdGeral.mdb:Geral,colunas_nomeadas
022529,07234053000116,BdGeral.mdb:Geral,colunas_nomeadas
022530,02640972000176,BdGeral.mdb:Geral,colunas_nomeadas
022531,02910860000198,BdGeral.mdb:Geral,colunas_nomeadas
022532,07160481000141,BdGeral.mdb:Geral,colunas_nomeadas
022533,05967449000147,BdGeral.mdb:Geral,colunas_nomeadas
022534,96578679000170,BdGeral.mdb:Geral,colunas_nomeadas
022535,64132236001721,BdGeral.mdb:Geral,colunas_nomeadas
022536,60869336005186,BdGeral.mdb:Geral,colunas_nomeadas
022537,76105634000170,BdGeral.mdb:Geral,colunas_nomeadas
022538,52593480000145,BdGeral.mdb:Geral,colunas_nomeadas
022539,05751065000192,BdGeral.mdb:Geral,colunas_nomeadas
022540,07528502000139,BdGeral.mdb:Geral,colunas_nomeadas
022541,97419683000158,BdGeral.mdb:Geral,colunas_nomeadas
022542,01951914000109,BdGeral.mdb:Geral,colunas_nomeadas
022543,03649445000195,BdGeral.mdb:Geral,colunas_nomeadas
022544,06279182000168,BdGeral.mdb:Geral,colunas_nomeadas
022545,00110979000150,BdGeral.mdb:Geral,colunas_nomeadas
022546,05081178000128,BdGeral.mdb:Geral,colunas_nomeadas
022547,06142578000169,BdGeral.mdb:Geral,colunas_nomeadas
022548,01583127000143,BdGeral.mdb:Geral,colunas_nomeadas
022550,78571411000639,BdGeral.mdb:Geral,colunas_nomeadas
022551,85215382000123,BdGeral.mdb:Geral,colunas_nomeadas
022553,03208921000132,BdGeral.mdb:Geral,colunas_nomeadas
022554,62345137000135,BdGeral.mdb:Geral,colunas_nomeadas
022555,93918365000180,BdGeral.mdb:Geral,colunas_nomeadas
022557,07360214000118,BdGeral.mdb:Geral,colunas_nomeadas
022558,07576588000175,BdGeral.mdb:Geral,colunas_nomeadas
022560,07225537000107,BdGeral.mdb:Geral,colunas_nomeadas
022562,07245920000119,BdGeral.mdb:Geral,colunas_nomeadas
022563,04037559000147,BdGeral.mdb:Geral,colunas_nomeadas
022564,06058955000186,BdGeral.mdb:Geral,colunas_nomeadas
022565,10919934003877,BdGeral.mdb:Geral,colunas_nomeadas
022566,07281492000180,BdGeral.mdb:Geral,colunas_nomeadas
022567,82894270000158,BdGeral.mdb:Geral,colunas_nomeadas
022568,01009113000110,BdGeral.mdb:Geral,colunas_nomeadas
022569,07231135000107,BdGeral.mdb:Geral,colunas_nomeadas
022570,67199828000191,BdGeral.mdb:Geral,colunas_nomeadas
022571,07051701000107,BdGeral.mdb:Geral,colunas_nomeadas
022572,93034346000191,BdGeral.mdb:Geral,colunas_nomeadas
022574,07576774000104,BdGeral.mdb:Geral,colunas_nomeadas
022575,04137522000433,BdGeral.mdb:Geral,colunas_nomeadas
022576,04661347000136,BdGeral.mdb:Geral,colunas_nomeadas
022577,61518569000138,BdGeral.mdb:Geral,colunas_nomeadas
022579,07324746000108,BdGeral.mdb:Geral,colunas_nomeadas
022582,04418674000161,BdGeral.mdb:Geral,colunas_nomeadas
022583,05628503000120,BdGeral.mdb:Geral,colunas_nomeadas
022584,01509423000102,BdGeral.mdb:Geral,colunas_nomeadas
022585,20051128000000,BdGeral.mdb:Geral,scan_celula:DATA
022586,05630932000131,BdGeral.mdb:Geral,colunas_nomeadas
022587,06117198000174,BdGeral.mdb:Geral,colunas_nomeadas
022588,12199337000230,BdGeral.mdb:Geral,colunas_nomeadas
022589,06085806000106,BdGeral.mdb:Geral,colunas_nomeadas
022590,02235374000111,BdGeral.mdb:Geral,colunas_nomeadas
022591,85287746000180,BdGeral.mdb:Geral,colunas_nomeadas
022592,02424196000177,BdGeral.mdb:Geral,colunas_nomeadas
022593,82182528000193,BdGeral.mdb:Geral,colunas_nomeadas
022594,02983230002944,BdGeral.mdb:Geral,colunas_nomeadas
022595,48597074000183,BdGeral.mdb:Geral,colunas_nomeadas
022596,06079757000107,BdGeral.mdb:Geral,colunas_nomeadas
022597,68372085000172,BdGeral.mdb:Geral,colunas_nomeadas
022598,05465872000149,BdGeral.mdb:Geral,colunas_nomeadas
022599,07478765000180,BdGeral.mdb:Geral,colunas_nomeadas
022600,01369186000113,BdGeral.mdb:Geral,colunas_nomeadas
022601,86046562000191,BdGeral.mdb:Geral,colunas_nomeadas
022602,01366003000106,BdGeral.mdb:Geral,colunas_nomeadas
022605,04461316000131,BdGeral.mdb:Geral,colunas_nomeadas
022606,01951597000112,BdGeral.mdb:Geral,colunas_nomeadas
022607,06987491000192,BdGeral.mdb:Geral,colunas_nomeadas
022608,05238271000101,BdGeral.mdb:Geral,colunas_nomeadas
022609,07689696000154,BdGeral.mdb:Geral,colunas_nomeadas
022610,06996742000103,BdGeral.mdb:Geral,colunas_nomeadas
022611,71551139000171,BdGeral.mdb:Geral,colunas_nomeadas
022612,61258463000657,BdGeral.mdb:Geral,colunas_nomeadas
022613,02024855000188,BdGeral.mdb:Geral,colunas_nomeadas
022614,05965709000145,BdGeral.mdb:Geral,colunas_nomeadas
022615,54525597000117,BdGeral.mdb:Geral,colunas_nomeadas
022616,06937609000178,BdGeral.mdb:Geral,colunas_nomeadas
022617,07682422000133,BdGeral.mdb:Geral,colunas_nomeadas
022618,06136772000131,BdGeral.mdb:Geral,colunas_nomeadas
022619,76726223000364,BdGeral.mdb:Geral,colunas_nomeadas
022621,01055327000123,BdGeral.mdb:Geral,colunas_nomeadas
022622,07522978000162,BdGeral.mdb:Geral,colunas_nomeadas
022623,81099277000115,BdGeral.mdb:Geral,colunas_nomeadas
022624,07795175000181,BdGeral.mdb:Geral,colunas_nomeadas
022627,53654877000162,BdGeral.mdb:Geral,colunas_nomeadas
022628,04507066000123,BdGeral.mdb:Geral,colunas_nomeadas
022629,03132987000196,BdGeral.mdb:Geral,colunas_nomeadas
022632,02228721000189,BdGeral.mdb:Geral,colunas_nomeadas
022633,01916705000116,BdGeral.mdb:Geral,colunas_nomeadas
022635,07524997000128,BdGeral.mdb:Geral,colunas_nomeadas
022636,95837837000104,BdGeral.mdb:Geral,colunas_nomeadas
022637,04333553000117,BdGeral.mdb:Geral,colunas_nomeadas
022638,01694225000158,BdGeral.mdb:Geral,colunas_nomeadas
022639,01450961000160,BdGeral.mdb:Geral,colunas_nomeadas
022640,59185512000112,BdGeral.mdb:Geral,colunas_nomeadas
022641,04204374000180,BdGeral.mdb:Geral,colunas_nomeadas
022642,02545210000190,BdGeral.mdb:Geral,colunas_nomeadas
022643,81072399000207,BdGeral.mdb:Geral,colunas_nomeadas
022644,07458770000121,BdGeral.mdb:Geral,colunas_nomeadas
022645,04440724000107,BdGeral.mdb:Geral,colunas_nomeadas
022646,04418934000107,BdGeral.mdb:Geral,colunas_nomeadas
022647,16482127000124,BdGeral.mdb:Geral,colunas_nomeadas
022648,07294704000163,BdGeral.mdb:Geral,colunas_nomeadas
022649,02516539000123,BdGeral.mdb:Geral,colunas_nomeadas
022650,00022242000186,BdGeral.mdb:Geral,colunas_nomeadas
022651,07196620000197,BdGeral.mdb:Geral,colunas_nomeadas
022652,07231719000182,BdGeral.mdb:Geral,colunas_nomeadas
022653,79931341000130,BdGeral.mdb:Geral,colunas_nomeadas
022654,02108718000121,BdGeral.mdb:Geral,colunas_nomeadas
022655,04499466000134,BdGeral.mdb:Geral,colunas_nomeadas
022656,75823989000132,BdGeral.mdb:Geral,colunas_nomeadas
022659,04137522000514,BdGeral.mdb:Geral,colunas_nomeadas
022660,07602954000113,BdGeral.mdb:Geral,colunas_nomeadas
022662,02516650000110,BdGeral.mdb:Geral,colunas_nomeadas
022663,04295781000140,BdGeral.mdb:Geral,colunas_nomeadas
022664,07335825000106,BdGeral.mdb:Geral,colunas_nomeadas
022665,59311241000102,BdGeral.mdb:Geral,colunas_nomeadas
022666,04171607000195,BdGeral.mdb:Geral,colunas_nomeadas
022667,02666186000148,BdGeral.mdb:Geral,colunas_nomeadas
022668,07640164000122,BdGeral.mdb:Geral,colunas_nomeadas
022669,07900596000125,BdGeral.mdb:Geral,colunas_nomeadas
022670,07461642000137,BdGeral.mdb:Geral,colunas_nomeadas
022671,33069766006112,BdGeral.mdb:Geral,colunas_nomeadas
022672,75717355000367,BdGeral.mdb:Geral,colunas_nomeadas
022673,81516593000145,BdGeral.mdb:Geral,colunas_nomeadas
022675,75295188000141,BdGeral.mdb:Geral,colunas_nomeadas
022676,07858712000195,BdGeral.mdb:Geral,colunas_nomeadas
022677,01597168000601,BdGeral.mdb:Geral,colunas_nomeadas
022678,96824594003492,BdGeral.mdb:Geral,colunas_nomeadas
022679,07926917000160,BdGeral.mdb:Geral,colunas_nomeadas
022680,07659905000117,BdGeral.mdb:Geral,colunas_nomeadas
022681,01714420000100,BdGeral.mdb:Geral,colunas_nomeadas
022683,48050330000118,BdGeral.mdb:Geral,colunas_nomeadas
022684,07730871000100,BdGeral.mdb:Geral,colunas_nomeadas
022685,89508931000290,BdGeral.mdb:Geral,colunas_nomeadas
022686,03982231000136,BdGeral.mdb:Geral,colunas_nomeadas
022687,01897308000144,BdGeral.mdb:Geral,colunas_nomeadas
022688,81588873000169,BdGeral.mdb:Geral,colunas_nomeadas
022689,75717355000871,BdGeral.mdb:Geral,colunas_nomeadas
022690,86886884000149,BdGeral.mdb:Geral,colunas_nomeadas
022692,79613030000204,BdGeral.mdb:Geral,colunas_nomeadas
022693,07984472000175,BdGeral.mdb:Geral,colunas_nomeadas
022694,01506086000353,BdGeral.mdb:Geral,colunas_nomeadas
022695,02122403000139,BdGeral.mdb:Geral,colunas_nomeadas
022696,52315249000190,BdGeral.mdb:Geral,colunas_nomeadas
022697,07784407000104,BdGeral.mdb:Geral,colunas_nomeadas
022699,07874097000100,BdGeral.mdb:Geral,colunas_nomeadas
022700,00680933000410,BdGeral.mdb:Geral,colunas_nomeadas
022701,60869336004961,BdGeral.mdb:Geral,colunas_nomeadas
022702,03677493000197,BdGeral.mdb:Geral,colunas_nomeadas
022703,05192803000109,BdGeral.mdb:Geral,colunas_nomeadas
022704,61205837000161,BdGeral.mdb:Geral,colunas_nomeadas
022705,07167211000162,BdGeral.mdb:Geral,colunas_nomeadas
022706,60489275000162,BdGeral.mdb:Geral,colunas_nomeadas
022707,84819622000136,BdGeral.mdb:Geral,colunas_nomeadas
022708,78571411001015,BdGeral.mdb:Geral,colunas_nomeadas
022709,04471954000133,BdGeral.mdb:Geral,colunas_nomeadas
022711,01637895008206,BdGeral.mdb:Geral,colunas_nomeadas
022712,07814211000107,BdGeral.mdb:Geral,colunas_nomeadas
022713,06272947000138,BdGeral.mdb:Geral,colunas_nomeadas
022714,92660893000110,BdGeral.mdb:Geral,colunas_nomeadas
022715,07409365000113,BdGeral.mdb:Geral,colunas_nomeadas
022716,07277712000100,BdGeral.mdb:Geral,colunas_nomeadas
022717,05265663000151,BdGeral.mdb:Geral,colunas_nomeadas
022718,73462624000102,BdGeral.mdb:Geral,colunas_nomeadas
022719,08032733000110,BdGeral.mdb:Geral,colunas_nomeadas
022720,06990079000121,BdGeral.mdb:Geral,colunas_nomeadas
022721,00927115000126,BdGeral.mdb:Geral,colunas_nomeadas
022722,73039893000152,BdGeral.mdb:Geral,colunas_nomeadas
022723,02328443000131,BdGeral.mdb:Geral,colunas_nomeadas
022724,08187519000132,BdGeral.mdb:Geral,colunas_nomeadas
022725,90195892001945,BdGeral.mdb:Geral,colunas_nomeadas
022726,07243218000116,BdGeral.mdb:Geral,colunas_nomeadas
022727,03001379000142,BdGeral.mdb:Geral,colunas_nomeadas
022728,08125646000107,BdGeral.mdb:Geral,colunas_nomeadas
022729,76323518000128,BdGeral.mdb:Geral,colunas_nomeadas
022730,58594722000100,BdGeral.mdb:Geral,colunas_nomeadas
022731,01637895008460,BdGeral.mdb:Geral,colunas_nomeadas
022732,72275944000182,BdGeral.mdb:Geral,colunas_nomeadas
022733,81552887000122,BdGeral.mdb:Geral,colunas_nomeadas
022734,04203604000196,BdGeral.mdb:Geral,colunas_nomeadas
022735,60858131000136,BdGeral.mdb:Geral,colunas_nomeadas
022736,86403128000111,BdGeral.mdb:Geral,colunas_nomeadas
022737,08156498000198,BdGeral.mdb:Geral,colunas_nomeadas
022739,85134864000159,BdGeral.mdb:Geral,colunas_nomeadas
022740,08144655000145,BdGeral.mdb:Geral,colunas_nomeadas
022741,05403138000236,BdGeral.mdb:Geral,colunas_nomeadas
022742,04638009000183,BdGeral.mdb:Geral,colunas_nomeadas
022743,96824594007056,BdGeral.mdb:Geral,colunas_nomeadas
022744,61952685000160,BdGeral.mdb:Geral,colunas_nomeadas
022745,61142865000187,BdGeral.mdb:Geral,colunas_nomeadas
022746,79247466000146,BdGeral.mdb:Geral,colunas_nomeadas
022747,93360162000111,BdGeral.mdb:Geral,colunas_nomeadas
022748,80024557000100,BdGeral.mdb:Geral,colunas_nomeadas
022749,08051552000130,BdGeral.mdb:Geral,colunas_nomeadas
022750,91007609000229,BdGeral.mdb:Geral,colunas_nomeadas
022751,77890846002708,BdGeral.mdb:Geral,colunas_nomeadas
022752,08098260000153,BdGeral.mdb:Geral,colunas_nomeadas
022754,90154063000195,BdGeral.mdb:Geral,colunas_nomeadas
022755,07906370000131,BdGeral.mdb:Geral,colunas_nomeadas
022756,95805941000109,BdGeral.mdb:Geral,colunas_nomeadas
022757,75023689000179,BdGeral.mdb:Geral,colunas_nomeadas
022758,02602863000164,BdGeral.mdb:Geral,colunas_nomeadas
022759,05320804000191,BdGeral.mdb:Geral,colunas_nomeadas
022760,00700460000122,BdGeral.mdb:Geral,colunas_nomeadas
022761,03251668000108,BdGeral.mdb:Geral,colunas_nomeadas
022762,02477809000134,BdGeral.mdb:Geral,colunas_nomeadas
022763,07244728000108,BdGeral.mdb:Geral,colunas_nomeadas
022764,08335237000135,BdGeral.mdb:Geral,colunas_nomeadas
022766,82310889000178,BdGeral.mdb:Geral,colunas_nomeadas
022767,02144581000160,BdGeral.mdb:Geral,colunas_nomeadas
022768,24842742000122,BdGeral.mdb:Geral,colunas_nomeadas
022769,68341072000136,BdGeral.mdb:Geral,colunas_nomeadas
022770,07580512001519,BdGeral.mdb:Geral,colunas_nomeadas
022771,85129526000200,BdGeral.mdb:Geral,colunas_nomeadas
022772,05196606000168,BdGeral.mdb:Geral,colunas_nomeadas
022773,00798989000120,BdGeral.mdb:Geral,colunas_nomeadas
022774,05416012000115,BdGeral.mdb:Geral,colunas_nomeadas
022775,02232603000144,BdGeral.mdb:Geral,colunas_nomeadas
022776,07120489000184,BdGeral.mdb:Geral,colunas_nomeadas
022777,94071909000184,BdGeral.mdb:Geral,colunas_nomeadas
022779,01703439000143,BdGeral.mdb:Geral,colunas_nomeadas
022780,08276981000106,BdGeral.mdb:Geral,colunas_nomeadas
022781,07269524000121,BdGeral.mdb:Geral,colunas_nomeadas
022782,08349189000134,BdGeral.mdb:Geral,colunas_nomeadas
022783,05283865000126,BdGeral.mdb:Geral,colunas_nomeadas
022784,78157260000162,BdGeral.mdb:Geral,colunas_nomeadas
022785,07208442000177,BdGeral.mdb:Geral,colunas_nomeadas
022786,08111038000143,BdGeral.mdb:Geral,colunas_nomeadas
022787,01254752000141,BdGeral.mdb:Geral,colunas_nomeadas
022788,08110952000170,BdGeral.mdb:Geral,colunas_nomeadas
022789,44604973000105,BdGeral.mdb:Geral,colunas_nomeadas
022790,07903282000186,BdGeral.mdb:Geral,colunas_nomeadas
022791,00584832000100,BdGeral.mdb:Geral,colunas_nomeadas
022792,08426931000168,BdGeral.mdb:Geral,colunas_nomeadas
022793,07986155000198,BdGeral.mdb:Geral,colunas_nomeadas
022794,07156627000185,BdGeral.mdb:Geral,colunas_nomeadas
022795,85392140000105,BdGeral.mdb:Geral,colunas_nomeadas
022796,08496045000100,BdGeral.mdb:Geral,colunas_nomeadas
022797,72231418000110,BdGeral.mdb:Geral,colunas_nomeadas
022798,56110760000106,BdGeral.mdb:Geral,colunas_nomeadas
022799,05533282000106,BdGeral.mdb:Geral,colunas_nomeadas
022800,05383840000102,BdGeral.mdb:Geral,colunas_nomeadas
022801,04137522000603,BdGeral.mdb:Geral,colunas_nomeadas
022802,08414105000107,BdGeral.mdb:Geral,colunas_nomeadas
022803,01362538000109,BdGeral.mdb:Geral,colunas_nomeadas
022805,00112092000100,BdGeral.mdb:Geral,colunas_nomeadas
022806,77575330000482,BdGeral.mdb:Geral,colunas_nomeadas
022807,96824594002178,BdGeral.mdb:Geral,colunas_nomeadas
022808,96824594001104,BdGeral.mdb:Geral,colunas_nomeadas
022809,43290980000117,BdGeral.mdb:Geral,colunas_nomeadas
022810,96824594000477,BdGeral.mdb:Geral,colunas_nomeadas
022811,96824594005436,BdGeral.mdb:Geral,colunas_nomeadas
022812,01977936000130,BdGeral.mdb:Geral,colunas_nomeadas
022813,05421737000100,BdGeral.mdb:Geral,colunas_nomeadas
022814,01129082000301,BdGeral.mdb:Geral,colunas_nomeadas
022815,07049579000126,BdGeral.mdb:Geral,colunas_nomeadas
022816,03106449000127,BdGeral.mdb:Geral,colunas_nomeadas
022817,77769388000114,BdGeral.mdb:Geral,colunas_nomeadas
022818,08431750000120,BdGeral.mdb:Geral,colunas_nomeadas
022819,04291766000123,BdGeral.mdb:Geral,colunas_nomeadas
022820,04233428000135,BdGeral.mdb:Geral,colunas_nomeadas
022821,08098684000118,BdGeral.mdb:Geral,colunas_nomeadas
022822,02068894000187,BdGeral.mdb:Geral,colunas_nomeadas
022823,08062665000131,BdGeral.mdb:Geral,colunas_nomeadas
022825,07730871000100,BdGeral.mdb:Geral,colunas_nomeadas
022826,08611822000110,BdGeral.mdb:Geral,colunas_nomeadas
022827,08542647000157,BdGeral.mdb:Geral,colunas_nomeadas
022828,08601851000100,BdGeral.mdb:Geral,colunas_nomeadas
022829,08652852000175,BdGeral.mdb:Geral,colunas_nomeadas
022830,01385741000109,BdGeral.mdb:Geral,colunas_nomeadas
022831,08276742000156,BdGeral.mdb:Geral,colunas_nomeadas
022832,05016216000169,BdGeral.mdb:Geral,colunas_nomeadas
022833,00199069000196,BdGeral.mdb:Geral,colunas_nomeadas
022834,04915742000106,BdGeral.mdb:Geral,colunas_nomeadas
022835,07761345000107,BdGeral.mdb:Geral,colunas_nomeadas
022836,03135015000155,BdGeral.mdb:Geral,colunas_nomeadas
022837,07614069000154,BdGeral.mdb:Geral,colunas_nomeadas
022838,76151273000107,BdGeral.mdb:Geral,colunas_nomeadas
022839,05624675000125,BdGeral.mdb:Geral,colunas_nomeadas
022840,84893437000191,BdGeral.mdb:Geral,colunas_nomeadas
022841,81138885000191,BdGeral.mdb:Geral,colunas_nomeadas
022842,94415536000111,BdGeral.mdb:Geral,colunas_nomeadas
022843,07964478000180,BdGeral.mdb:Geral,colunas_nomeadas
022844,08490752000190,BdGeral.mdb:Geral,colunas_nomeadas
022846,08691892000126,BdGeral.mdb:Geral,colunas_nomeadas
022847,93055010000105,BdGeral.mdb:Geral,colunas_nomeadas
022848,07190421000171,BdGeral.mdb:Geral,colunas_nomeadas
022849,94464914000157,BdGeral.mdb:Geral,colunas_nomeadas
022850,61044137000132,BdGeral.mdb:Geral,colunas_nomeadas
022851,79080602000318,BdGeral.mdb:Geral,colunas_nomeadas
022852,20070418000000,BdGeral.mdb:Geral,scan_celula:DATA
022853,01467754000119,BdGeral.mdb:Geral,colunas_nomeadas
022854,73292872000144,BdGeral.mdb:Geral,colunas_nomeadas
022855,08080115000145,BdGeral.mdb:Geral,colunas_nomeadas
022856,05990672000105,BdGeral.mdb:Geral,colunas_nomeadas
022857,08486891000140,BdGeral.mdb:Geral,colunas_nomeadas
022858,97406607000108,BdGeral.mdb:Geral,colunas_nomeadas
022859,08080115000145,BdGeral.mdb:Geral,colunas_nomeadas
022860,02189661000132,BdGeral.mdb:Geral,colunas_nomeadas
022861,08696090000109,BdGeral.mdb:Geral,colunas_nomeadas
022862,79749859000158,BdGeral.mdb:Geral,colunas_nomeadas
022863,06315316000159,BdGeral.mdb:Geral,colunas_nomeadas
022864,57773855000172,BdGeral.mdb:Geral,colunas_nomeadas
022865,07317061000126,BdGeral.mdb:Geral,colunas_nomeadas
022866,02083718000114,BdGeral.mdb:Geral,colunas_nomeadas
022867,82574997000158,BdGeral.mdb:Geral,colunas_nomeadas
022868,78748209000125,BdGeral.mdb:Geral,colunas_nomeadas
022869,03246074000109,BdGeral.mdb:Geral,colunas_nomeadas
022870,91389452000162,BdGeral.mdb:Geral,colunas_nomeadas
022871,01481663000138,BdGeral.mdb:Geral,colunas_nomeadas
022872,00411002000920,BdGeral.mdb:Geral,colunas_nomeadas
022873,07654251000139,BdGeral.mdb:Geral,colunas_nomeadas
022874,07337084000100,BdGeral.mdb:Geral,colunas_nomeadas
022875,93055010000296,BdGeral.mdb:Geral,colunas_nomeadas
022876,08226381000133,BdGeral.mdb:Geral,colunas_nomeadas
022877,06009228000129,BdGeral.mdb:Geral,colunas_nomeadas
022878,54402144000101,BdGeral.mdb:Geral,colunas_nomeadas
022879,08858439000161,BdGeral.mdb:Geral,colunas_nomeadas
022880,08796592000101,BdGeral.mdb:Geral,colunas_nomeadas
022881,07544366000170,BdGeral.mdb:Geral,colunas_nomeadas
022882,08849872000130,BdGeral.mdb:Geral,colunas_nomeadas
022883,06065662000126,BdGeral.mdb:Geral,colunas_nomeadas
022884,44217453000140,BdGeral.mdb:Geral,colunas_nomeadas
022885,03452690000108,BdGeral.mdb:Geral,colunas_nomeadas
022886,07826546000145,BdGeral.mdb:Geral,colunas_nomeadas
022887,44046845000193,BdGeral.mdb:Geral,colunas_nomeadas
022888,07394704000135,BdGeral.mdb:Geral,colunas_nomeadas
022889,05540650000143,BdGeral.mdb:Geral,colunas_nomeadas
022890,04276377000129,BdGeral.mdb:Geral,colunas_nomeadas
022891,08647116000129,BdGeral.mdb:Geral,colunas_nomeadas
022892,05318805000100,BdGeral.mdb:Geral,colunas_nomeadas
022893,75717355000448,BdGeral.mdb:Geral,colunas_nomeadas
022894,86985926000107,BdGeral.mdb:Geral,colunas_nomeadas
022895,79281960000127,BdGeral.mdb:Geral,colunas_nomeadas
022896,08342507000135,BdGeral.mdb:Geral,colunas_nomeadas
022897,95828968000117,BdGeral.mdb:Geral,colunas_nomeadas
022898,08718423000153,BdGeral.mdb:Geral,colunas_nomeadas
022899,08488697000101,BdGeral.mdb:Geral,colunas_nomeadas
022900,07782400000145,BdGeral.mdb:Geral,colunas_nomeadas
022901,08879434000115,BdGeral.mdb:Geral,colunas_nomeadas
022902,08799335000123,BdGeral.mdb:Geral,colunas_nomeadas
022903,83054437000135,BdGeral.mdb:Geral,colunas_nomeadas
022904,00726274000162,BdGeral.mdb:Geral,colunas_nomeadas
022905,08836659000194,BdGeral.mdb:Geral,colunas_nomeadas
022906,08844006000157,BdGeral.mdb:Geral,colunas_nomeadas
022907,82927385000444,BdGeral.mdb:Geral,colunas_nomeadas
022908,08181457000151,BdGeral.mdb:Geral,colunas_nomeadas
022909,80657448000200,BdGeral.mdb:Geral,colunas_nomeadas
022910,76960517000194,BdGeral.mdb:Geral,colunas_nomeadas
022911,76509611000121,BdGeral.mdb:Geral,colunas_nomeadas
022912,92572742000100,BdGeral.mdb:Geral,colunas_nomeadas
022913,02632315000349,BdGeral.mdb:Geral,colunas_nomeadas
022914,77989531000183,BdGeral.mdb:Geral,colunas_nomeadas
022915,80657448000111,BdGeral.mdb:Geral,colunas_nomeadas
022916,08673759000147,BdGeral.mdb:Geral,colunas_nomeadas
022917,07033966000174,BdGeral.mdb:Geral,colunas_nomeadas
022918,08475810000106,BdGeral.mdb:Geral,colunas_nomeadas
022919,82370958000139,BdGeral.mdb:Geral,colunas_nomeadas
022920,43683069000331,BdGeral.mdb:Geral,colunas_nomeadas
022921,01712246000159,BdGeral.mdb:Geral,colunas_nomeadas
022922,08984704000158,BdGeral.mdb:Geral,colunas_nomeadas
022923,79815304000167,BdGeral.mdb:Geral,colunas_nomeadas
022924,75988444000186,BdGeral.mdb:Geral,colunas_nomeadas
022925,08936087000115,BdGeral.mdb:Geral,colunas_nomeadas
022926,07907002000108,BdGeral.mdb:Geral,colunas_nomeadas
022927,04316175000163,BdGeral.mdb:Geral,colunas_nomeadas
022928,08777705000121,BdGeral.mdb:Geral,colunas_nomeadas
022929,02750009000145,BdGeral.mdb:Geral,colunas_nomeadas
022930,76509611000393,BdGeral.mdb:Geral,colunas_nomeadas
022931,81725988000158,BdGeral.mdb:Geral,colunas_nomeadas
022932,53432332000101,BdGeral.mdb:Geral,colunas_nomeadas
022933,05689366000133,BdGeral.mdb:Geral,colunas_nomeadas
022935,08167425000100,BdGeral.mdb:Geral,colunas_nomeadas
022936,08646816000107,BdGeral.mdb:Geral,colunas_nomeadas
022937,06021949000154,BdGeral.mdb:Geral,colunas_nomeadas
022938,49380942000131,BdGeral.mdb:Geral,colunas_nomeadas
022939,01893406000103,BdGeral.mdb:Geral,colunas_nomeadas
022940,84882067000197,BdGeral.mdb:Geral,colunas_nomeadas
022941,05631505000178,BdGeral.mdb:Geral,colunas_nomeadas
022942,04294900000140,BdGeral.mdb:Geral,colunas_nomeadas
022943,52559580000155,BdGeral.mdb:Geral,colunas_nomeadas
022944,04690629000161,BdGeral.mdb:Geral,colunas_nomeadas
022946,04441988000185,BdGeral.mdb:Geral,colunas_nomeadas
022948,91586594000110,BdGeral.mdb:Geral,colunas_nomeadas
022950,01747103000182,BdGeral.mdb:Geral,colunas_nomeadas
022951,82927385000100,BdGeral.mdb:Geral,colunas_nomeadas
022952,02991952000140,BdGeral.mdb:Geral,colunas_nomeadas
022953,07419292000140,BdGeral.mdb:Geral,colunas_nomeadas
022954,06233370000155,BdGeral.mdb:Geral,colunas_nomeadas
022955,05617789000148,BdGeral.mdb:Geral,colunas_nomeadas
022956,61923397001079,BdGeral.mdb:Geral,colunas_nomeadas
022957,82643016000187,BdGeral.mdb:Geral,colunas_nomeadas
022959,08082930000143,BdGeral.mdb:Geral,colunas_nomeadas
022960,91945576000187,BdGeral.mdb:Geral,colunas_nomeadas
022961,64856040000112,BdGeral.mdb:Geral,colunas_nomeadas
022962,79670501000569,BdGeral.mdb:Geral,colunas_nomeadas
022963,88210810000709,BdGeral.mdb:Geral,colunas_nomeadas
022964,07135138000147,BdGeral.mdb:Geral,colunas_nomeadas
022965,53512182000146,BdGeral.mdb:Geral,colunas_nomeadas
022966,02553803000107,BdGeral.mdb:Geral,colunas_nomeadas
022967,06880591000115,BdGeral.mdb:Geral,colunas_nomeadas
022969,00700460000122,BdGeral.mdb:Geral,colunas_nomeadas
022970,04880941000118,BdGeral.mdb:Geral,colunas_nomeadas
022971,09132365000144,BdGeral.mdb:Geral,colunas_nomeadas
022972,03385415000119,BdGeral.mdb:Geral,colunas_nomeadas
022973,06310739000186,BdGeral.mdb:Geral,colunas_nomeadas
022974,07966918000139,BdGeral.mdb:Geral,colunas_nomeadas
022975,08750876000167,BdGeral.mdb:Geral,colunas_nomeadas
022976,07580512000113,BdGeral.mdb:Geral,colunas_nomeadas
022977,87906293000159,BdGeral.mdb:Geral,colunas_nomeadas
022979,58809203000103,BdGeral.mdb:Geral,colunas_nomeadas
022980,03329557000169,BdGeral.mdb:Geral,colunas_nomeadas
022981,07834498000137,BdGeral.mdb:Geral,colunas_nomeadas
022982,07381485000150,BdGeral.mdb:Geral,colunas_nomeadas
022983,09239357000100,BdGeral.mdb:Geral,colunas_nomeadas
022984,05322731000177,BdGeral.mdb:Geral,colunas_nomeadas
022985,09160049000186,BdGeral.mdb:Geral,colunas_nomeadas
022986,78111267000143,BdGeral.mdb:Geral,colunas_nomeadas
022987,08633416000159,BdGeral.mdb:Geral,colunas_nomeadas
022989,05622331000187,BdGeral.mdb:Geral,colunas_nomeadas
022990,06960076000145,BdGeral.mdb:Geral,colunas_nomeadas
022991,09232890000131,BdGeral.mdb:Geral,colunas_nomeadas
022992,03836990000352,BdGeral.mdb:Geral,colunas_nomeadas
022993,05494863000186,BdGeral.mdb:Geral,colunas_nomeadas
022994,91481499000151,BdGeral.mdb:Geral,colunas_nomeadas
022995,09229565000110,BdGeral.mdb:Geral,colunas_nomeadas
022996,07924040000179,BdGeral.mdb:Geral,colunas_nomeadas
022997,04788457000163,BdGeral.mdb:Geral,colunas_nomeadas
022998,06695573000163,BdGeral.mdb:Geral,colunas_nomeadas
022999,06961960000102,BdGeral.mdb:Geral,colunas_nomeadas
023000,09049071000153,BdGeral.mdb:Geral,colunas_nomeadas
023001,09176889000137,BdGeral.mdb:Geral,colunas_nomeadas
023002,75717355000286,BdGeral.mdb:Geral,colunas_nomeadas
023003,07331435000168,BdGeral.mdb:Geral,colunas_nomeadas
023004,08297435000151,BdGeral.mdb:Geral,colunas_nomeadas
023006,00094064000107,BdGeral.mdb:Geral,colunas_nomeadas
023007,71793673000194,BdGeral.mdb:Geral,colunas_nomeadas
023008,79915955000129,BdGeral.mdb:Geral,colunas_nomeadas
023009,15375991001560,BdGeral.mdb:Geral,colunas_nomeadas
023010,55482475000153,BdGeral.mdb:Geral,colunas_nomeadas
023011,04102488000119,BdGeral.mdb:Geral,colunas_nomeadas
023012,09071030000163,BdGeral.mdb:Geral,colunas_nomeadas
023014,07284918000159,BdGeral.mdb:Geral,colunas_nomeadas
023015,07795033000114,BdGeral.mdb:Geral,colunas_nomeadas
023016,07051701000280,BdGeral.mdb:Geral,colunas_nomeadas
023017,08840873000114,BdGeral.mdb:Geral,colunas_nomeadas
023019,81435331000156,BdGeral.mdb:Geral,colunas_nomeadas
023022,09367744000113,BdGeral.mdb:Geral,colunas_nomeadas
023023,03307205000102,BdGeral.mdb:Geral,colunas_nomeadas
023025,79986949000162,BdGeral.mdb:Geral,colunas_nomeadas
023026,54541388000400,BdGeral.mdb:Geral,colunas_nomeadas
023027,03273469000192,BdGeral.mdb:Geral,colunas_nomeadas
023028,03846513000106,BdGeral.mdb:Geral,colunas_nomeadas
023029,08596410000159,BdGeral.mdb:Geral,colunas_nomeadas
023030,08527203000142,BdGeral.mdb:Geral,colunas_nomeadas
023031,05157491000100,BdGeral.mdb:Geral,colunas_nomeadas
023032,83544965000172,BdGeral.mdb:Geral,colunas_nomeadas
023033,09422962000103,BdGeral.mdb:Geral,colunas_nomeadas
023034,08534196000106,BdGeral.mdb:Geral,colunas_nomeadas
023035,02347019000134,BdGeral.mdb:Geral,colunas_nomeadas
023036,09072410000112,BdGeral.mdb:Geral,colunas_nomeadas
023037,08869550000153,BdGeral.mdb:Geral,colunas_nomeadas
023039,07630392000111,BdGeral.mdb:Geral,colunas_nomeadas
023040,08242923000161,BdGeral.mdb:Geral,colunas_nomeadas
023041,61092565000130,BdGeral.mdb:Geral,colunas_nomeadas
023042,01889751000173,BdGeral.mdb:Geral,colunas_nomeadas
023043,09254812000138,BdGeral.mdb:Geral,colunas_nomeadas
023044,96824594017442,BdGeral.mdb:Geral,colunas_nomeadas
023045,02438272000101,BdGeral.mdb:Geral,colunas_nomeadas
023046,08844341000155,BdGeral.mdb:Geral,colunas_nomeadas
023047,09354906000189,BdGeral.mdb:Geral,colunas_nomeadas
023048,07667495000156,BdGeral.mdb:Geral,colunas_nomeadas
023049,56912926000108,BdGeral.mdb:Geral,colunas_nomeadas
023050,07328881000113,BdGeral.mdb:Geral,colunas_nomeadas
023051,03627523000150,BdGeral.mdb:Geral,colunas_nomeadas
023052,75177857000180,BdGeral.mdb:Geral,colunas_nomeadas
023053,08206993000164,BdGeral.mdb:Geral,colunas_nomeadas
023054,04073210000160,BdGeral.mdb:Geral,colunas_nomeadas
023055,83109967000133,BdGeral.mdb:Geral,colunas_nomeadas
023056,82514795000110,BdGeral.mdb:Geral,colunas_nomeadas
023057,09039202000111,BdGeral.mdb:Geral,colunas_nomeadas
023058,97499370000157,BdGeral.mdb:Geral,colunas_nomeadas
023060,09397500000183,BdGeral.mdb:Geral,colunas_nomeadas
023061,09452802000107,BdGeral.mdb:Geral,colunas_nomeadas
023062,02394718000135,BdGeral.mdb:Geral,colunas_nomeadas
023063,68816461000170,BdGeral.mdb:Geral,colunas_nomeadas
023064,02321425000128,BdGeral.mdb:Geral,colunas_nomeadas
023065,09430925000147,BdGeral.mdb:Geral,colunas_nomeadas
023066,82343773000135,BdGeral.mdb:Geral,colunas_nomeadas
023067,02178116000140,BdGeral.mdb:Geral,colunas_nomeadas
023068,09493129000153,BdGeral.mdb:Geral,colunas_nomeadas
023069,02921346000158,BdGeral.mdb:Geral,colunas_nomeadas
023070,07914482000134,BdGeral.mdb:Geral,colunas_nomeadas
023071,08391460000108,BdGeral.mdb:Geral,colunas_nomeadas
023072,09434612000167,BdGeral.mdb:Geral,colunas_nomeadas
023073,62334289000132,BdGeral.mdb:Geral,colunas_nomeadas
023074,07782646000117,BdGeral.mdb:Geral,colunas_nomeadas
023075,08694262000105,BdGeral.mdb:Geral,colunas_nomeadas
023076,09490324000120,BdGeral.mdb:Geral,colunas_nomeadas
023078,06225525000101,BdGeral.mdb:Geral,colunas_nomeadas
023080,58021502000189,BdGeral.mdb:Geral,colunas_nomeadas
023081,60910023000165,BdGeral.mdb:Geral,colunas_nomeadas
023082,05918912000160,BdGeral.mdb:Geral,colunas_nomeadas
023083,09377149000169,BdGeral.mdb:Geral,colunas_nomeadas
023084,07750487000179,BdGeral.mdb:Geral,colunas_nomeadas
023085,07884858000105,BdGeral.mdb:Geral,colunas_nomeadas
023087,02293305000164,BdGeral.mdb:Geral,colunas_nomeadas
023089,06059896000160,BdGeral.mdb:Geral,colunas_nomeadas
023090,06959490000134,BdGeral.mdb:Geral,colunas_nomeadas
023091,01731711000107,BdGeral.mdb:Geral,colunas_nomeadas
023092,03416059000153,BdGeral.mdb:Geral,colunas_nomeadas
023093,03776750000148,BdGeral.mdb:Geral,colunas_nomeadas
023094,08967356000100,BdGeral.mdb:Geral,colunas_nomeadas
023095,09368310000138,BdGeral.mdb:Geral,colunas_nomeadas
023096,03853156000103,BdGeral.mdb:Geral,colunas_nomeadas
023097,09544810000183,BdGeral.mdb:Geral,colunas_nomeadas
023098,00588898000160,BdGeral.mdb:Geral,colunas_nomeadas
023099,06222987000175,BdGeral.mdb:Geral,colunas_nomeadas
023100,80438146000152,BdGeral.mdb:Geral,colunas_nomeadas
023101,05924213000123,BdGeral.mdb:Geral,colunas_nomeadas
023102,05098101000160,BdGeral.mdb:Geral,colunas_nomeadas
023103,75177857000342,BdGeral.mdb:Geral,colunas_nomeadas
023104,03194437000100,BdGeral.mdb:Geral,colunas_nomeadas
023105,62004346000115,BdGeral.mdb:Geral,colunas_nomeadas
023106,76661420000180,BdGeral.mdb:Geral,colunas_nomeadas
023107,94504842000124,BdGeral.mdb:Geral,colunas_nomeadas
023108,03772434000106,BdGeral.mdb:Geral,colunas_nomeadas
023109,75507152000184,BdGeral.mdb:Geral,colunas_nomeadas
023110,08830017000188,BdGeral.mdb:Geral,colunas_nomeadas
023111,85252633000140,BdGeral.mdb:Geral,colunas_nomeadas
023112,09452732000197,BdGeral.mdb:Geral,colunas_nomeadas
023113,08016748000194,BdGeral.mdb:Geral,colunas_nomeadas
023114,07291898000143,BdGeral.mdb:Geral,colunas_nomeadas
023115,09530856000143,BdGeral.mdb:Geral,colunas_nomeadas
023116,02113424000198,BdGeral.mdb:Geral,colunas_nomeadas
023117,08431936000260,BdGeral.mdb:Geral,colunas_nomeadas
023118,29067113007360,BdGeral.mdb:Geral,colunas_nomeadas
023119,60405446001876,BdGeral.mdb:Geral,colunas_nomeadas
023120,29067113016866,BdGeral.mdb:Geral,colunas_nomeadas
023121,29067113015207,BdGeral.mdb:Geral,colunas_nomeadas
023122,82660861000675,BdGeral.mdb:Geral,colunas_nomeadas
023123,29067113015541,BdGeral.mdb:Geral,colunas_nomeadas
023124,09245469000165,BdGeral.mdb:Geral,colunas_nomeadas
023125,09527199000185,BdGeral.mdb:Geral,colunas_nomeadas
023126,29067113016602,BdGeral.mdb:Geral,colunas_nomeadas
023127,08616046000141,BdGeral.mdb:Geral,colunas_nomeadas
023128,67911388000153,BdGeral.mdb:Geral,colunas_nomeadas
023129,08891685000115,BdGeral.mdb:Geral,colunas_nomeadas
023130,09345595000191,BdGeral.mdb:Geral,colunas_nomeadas
023131,73759235000135,BdGeral.mdb:Geral,colunas_nomeadas
023132,09510641000160,BdGeral.mdb:Geral,colunas_nomeadas
023133,29067113014308,BdGeral.mdb:Geral,colunas_nomeadas
023134,60405446012487,BdGeral.mdb:Geral,colunas_nomeadas
023135,29067113015622,BdGeral.mdb:Geral,colunas_nomeadas
023136,29067113015380,BdGeral.mdb:Geral,colunas_nomeadas
023137,96824594016802,BdGeral.mdb:Geral,colunas_nomeadas
023138,01970368000145,BdGeral.mdb:Geral,colunas_nomeadas
023140,09497419000175,BdGeral.mdb:Geral,colunas_nomeadas
023141,29067113018800,BdGeral.mdb:Geral,colunas_nomeadas
023142,29067113016190,BdGeral.mdb:Geral,colunas_nomeadas
023143,82281262000136,BdGeral.mdb:Geral,colunas_nomeadas
023144,10174963000165,BdGeral.mdb:Geral,colunas_nomeadas
023145,06331220000184,BdGeral.mdb:Geral,colunas_nomeadas
023146,01805937000105,BdGeral.mdb:Geral,colunas_nomeadas
023147,08314919000161,BdGeral.mdb:Geral,colunas_nomeadas
023148,82321027000140,BdGeral.mdb:Geral,colunas_nomeadas
023149,09131528000174,BdGeral.mdb:Geral,colunas_nomeadas
023150,85040111000184,BdGeral.mdb:Geral,colunas_nomeadas
023151,06020040000181,BdGeral.mdb:Geral,colunas_nomeadas
023152,03025789000123,BdGeral.mdb:Geral,colunas_nomeadas
023153,10268785000131,BdGeral.mdb:Geral,colunas_nomeadas
023154,73304982000189,BdGeral.mdb:Geral,colunas_nomeadas
023155,07351397000105,BdGeral.mdb:Geral,colunas_nomeadas
023156,09660822000173,BdGeral.mdb:Geral,colunas_nomeadas
023157,61381554000170,BdGeral.mdb:Geral,colunas_nomeadas
023158,82956889000492,BdGeral.mdb:Geral,colunas_nomeadas
023159,07786109000145,BdGeral.mdb:Geral,colunas_nomeadas
023160,06945746000154,BdGeral.mdb:Geral,colunas_nomeadas
023161,08814701000176,BdGeral.mdb:Geral,colunas_nomeadas
023162,29067113014499,BdGeral.mdb:Geral,colunas_nomeadas
023163,09585823000109,BdGeral.mdb:Geral,colunas_nomeadas
023164,10302311000169,BdGeral.mdb:Geral,colunas_nomeadas
023165,10343493000116,BdGeral.mdb:Geral,colunas_nomeadas
023167,07964478000261,BdGeral.mdb:Geral,colunas_nomeadas
023168,09618575000147,BdGeral.mdb:Geral,colunas_nomeadas
023169,75103739000128,BdGeral.mdb:Geral,colunas_nomeadas
023170,57488868000108,BdGeral.mdb:Geral,colunas_nomeadas
023171,00357719000427,BdGeral.mdb:Geral,colunas_nomeadas
023172,10340707000109,BdGeral.mdb:Geral,colunas_nomeadas
023173,10257536000140,BdGeral.mdb:Geral,colunas_nomeadas
023174,76803972000186,BdGeral.mdb:Geral,colunas_nomeadas
023175,72332125000120,BdGeral.mdb:Geral,colunas_nomeadas
023177,80359771000109,BdGeral.mdb:Geral,colunas_nomeadas
023178,34230979010098,BdGeral.mdb:Geral,colunas_nomeadas
023179,81220634000151,BdGeral.mdb:Geral,colunas_nomeadas
023180,55653802000192,BdGeral.mdb:Geral,colunas_nomeadas
023181,07590559000168,BdGeral.mdb:Geral,colunas_nomeadas
023182,02900679000109,BdGeral.mdb:Geral,colunas_nomeadas
023183,09528893000117,BdGeral.mdb:Geral,colunas_nomeadas
023184,01714529000130,BdGeral.mdb:Geral,colunas_nomeadas
023185,82044694000123,BdGeral.mdb:Geral,colunas_nomeadas
023186,07937810000118,BdGeral.mdb:Geral,colunas_nomeadas
023187,00776924000184,BdGeral.mdb:Geral,colunas_nomeadas
023188,08212087000172,BdGeral.mdb:Geral,colunas_nomeadas
023190,04217375000169,BdGeral.mdb:Geral,colunas_nomeadas
023191,06876546000278,BdGeral.mdb:Geral,colunas_nomeadas
023192,00377653000194,BdGeral.mdb:Geral,colunas_nomeadas
023193,09296992000110,BdGeral.mdb:Geral,colunas_nomeadas
023194,09112489000753,BdGeral.mdb:Geral,colunas_nomeadas
023195,07207197000183,BdGeral.mdb:Geral,colunas_nomeadas
023196,05828870000177,BdGeral.mdb:Geral,colunas_nomeadas
023197,92747492000878,BdGeral.mdb:Geral,colunas_nomeadas
023198,66690819000136,BdGeral.mdb:Geral,colunas_nomeadas
023199,07855544000184,BdGeral.mdb:Geral,colunas_nomeadas
023200,82406315000106,BdGeral.mdb:Geral,colunas_nomeadas
023201,00282869000176,BdGeral.mdb:Geral,colunas_nomeadas
023202,68859016000198,BdGeral.mdb:Geral,colunas_nomeadas
023203,30046296000142,BdGeral.mdb:Geral,colunas_nomeadas
023204,04822043000103,BdGeral.mdb:Geral,colunas_nomeadas
023205,80853955000120,BdGeral.mdb:Geral,colunas_nomeadas
023206,79227534000296,BdGeral.mdb:Geral,colunas_nomeadas
023207,08016593000196,BdGeral.mdb:Geral,colunas_nomeadas
023208,52774833000103,BdGeral.mdb:Geral,colunas_nomeadas
023209,80432883000148,BdGeral.mdb:Geral,colunas_nomeadas
023210,29067113018133,BdGeral.mdb:Geral,colunas_nomeadas
023211,96824594005517,BdGeral.mdb:Geral,colunas_nomeadas
023212,01842768000175,BdGeral.mdb:Geral,colunas_nomeadas
023213,85206936000126,BdGeral.mdb:Geral,colunas_nomeadas
023214,76483726002219,BdGeral.mdb:Geral,colunas_nomeadas
023215,34230979006570,BdGeral.mdb:Geral,colunas_nomeadas
023216,76920917000176,BdGeral.mdb:Geral,colunas_nomeadas
023217,59894113000120,BdGeral.mdb:Geral,colunas_nomeadas
023218,01892664000175,BdGeral.mdb:Geral,colunas_nomeadas
023219,73219651000140,BdGeral.mdb:Geral,colunas_nomeadas
023220,75808659000178,BdGeral.mdb:Geral,colunas_nomeadas
023221,03218517000140,BdGeral.mdb:Geral,colunas_nomeadas
023222,07365888000105,BdGeral.mdb:Geral,colunas_nomeadas
023223,10363990000186,BdGeral.mdb:Geral,colunas_nomeadas
023224,03112532000109,BdGeral.mdb:Geral,colunas_nomeadas
023225,09404841000139,BdGeral.mdb:Geral,colunas_nomeadas
023226,07548966000107,BdGeral.mdb:Geral,colunas_nomeadas
023227,52292406000199,BdGeral.mdb:Geral,colunas_nomeadas
023228,08532415000118,BdGeral.mdb:Geral,colunas_nomeadas
023230,10517740000153,BdGeral.mdb:Geral,colunas_nomeadas
023231,82594714000130,BdGeral.mdb:Geral,colunas_nomeadas
023232,85468668000110,BdGeral.mdb:Geral,colunas_nomeadas
023233,09406759000143,BdGeral.mdb:Geral,colunas_nomeadas
023234,43187962000104,BdGeral.mdb:Geral,colunas_nomeadas
023236,80129042000166,BdGeral.mdb:Geral,colunas_nomeadas
023237,08970137000180,BdGeral.mdb:Geral,colunas_nomeadas
023238,04810550000127,BdGeral.mdb:Geral,colunas_nomeadas
023239,06894496000170,BdGeral.mdb:Geral,colunas_nomeadas
023240,84866342000855,BdGeral.mdb:Geral,colunas_nomeadas
023241,10278387000104,BdGeral.mdb:Geral,colunas_nomeadas
023242,09015383000146,BdGeral.mdb:Geral,colunas_nomeadas
023243,79475752000169,BdGeral.mdb:Geral,colunas_nomeadas
023244,05743093000168,BdGeral.mdb:Geral,colunas_nomeadas
023245,04997261000189,BdGeral.mdb:Geral,colunas_nomeadas
023246,03146966000200,BdGeral.mdb:Geral,colunas_nomeadas
023247,10521670000107,BdGeral.mdb:Geral,colunas_nomeadas
023248,07012238000186,BdGeral.mdb:Geral,colunas_nomeadas
023249,07665443000140,BdGeral.mdb:Geral,colunas_nomeadas
023250,09312530000140,BdGeral.mdb:Geral,colunas_nomeadas
023251,02126484000145,BdGeral.mdb:Geral,colunas_nomeadas
023252,08048251000158,BdGeral.mdb:Geral,colunas_nomeadas
023253,01317277000105,BdGeral.mdb:Geral,colunas_nomeadas
023254,03020098000137,BdGeral.mdb:Geral,colunas_nomeadas
023255,05483642000102,BdGeral.mdb:Geral,colunas_nomeadas
023256,62529219000300,BdGeral.mdb:Geral,colunas_nomeadas
023257,02125191000143,BdGeral.mdb:Geral,colunas_nomeadas
023258,04740195000167,BdGeral.mdb:Geral,colunas_nomeadas
023260,05794746000138,BdGeral.mdb:Geral,colunas_nomeadas
023261,10514390000171,BdGeral.mdb:Geral,colunas_nomeadas
023262,07204861000130,BdGeral.mdb:Geral,colunas_nomeadas
023263,94479052000136,BdGeral.mdb:Geral,colunas_nomeadas
023264,10516053000113,BdGeral.mdb:Geral,colunas_nomeadas
023265,02868975000161,BdGeral.mdb:Geral,colunas_nomeadas
023266,78382215000101,BdGeral.mdb:Geral,colunas_nomeadas
023267,75444430000100,BdGeral.mdb:Geral,colunas_nomeadas
023268,07896401000200,BdGeral.mdb:Geral,colunas_nomeadas
023269,07010089000116,BdGeral.mdb:Geral,colunas_nomeadas
023270,08092302000149,BdGeral.mdb:Geral,colunas_nomeadas
023271,08325096000170,BdGeral.mdb:Geral,colunas_nomeadas
023272,04212273000150,BdGeral.mdb:Geral,colunas_nomeadas
023273,94504842000205,BdGeral.mdb:Geral,colunas_nomeadas
023274,10661228000186,BdGeral.mdb:Geral,colunas_nomeadas
023275,15375991001721,BdGeral.mdb:Geral,colunas_nomeadas
023276,15375991001802,BdGeral.mdb:Geral,colunas_nomeadas
023277,05136649000158,BdGeral.mdb:Geral,colunas_nomeadas
023278,76522200000176,BdGeral.mdb:Geral,colunas_nomeadas
023279,09527502000140,BdGeral.mdb:Geral,colunas_nomeadas
023280,43683069000170,BdGeral.mdb:Geral,colunas_nomeadas
023281,10593313000154,BdGeral.mdb:Geral,colunas_nomeadas
023282,03290140000130,BdGeral.mdb:Geral,colunas_nomeadas
023283,80084809000188,BdGeral.mdb:Geral,colunas_nomeadas
023284,04239779000153,BdGeral.mdb:Geral,colunas_nomeadas
023285,09580364000162,BdGeral.mdb:Geral,colunas_nomeadas
023286,06314665000156,BdGeral.mdb:Geral,colunas_nomeadas
023287,10177010000150,BdGeral.mdb:Geral,colunas_nomeadas
023288,02995097000307,BdGeral.mdb:Geral,colunas_nomeadas
023289,08744959000143,BdGeral.mdb:Geral,colunas_nomeadas
023290,10636386000186,BdGeral.mdb:Geral,colunas_nomeadas
023291,05924730000100,BdGeral.mdb:Geral,colunas_nomeadas
023292,77955532000107,BdGeral.mdb:Geral,colunas_nomeadas
023293,10618055000113,BdGeral.mdb:Geral,colunas_nomeadas
023294,01971272000100,BdGeral.mdb:Geral,colunas_nomeadas
023295,02761533000111,BdGeral.mdb:Geral,colunas_nomeadas
023296,72484538000120,BdGeral.mdb:Geral,colunas_nomeadas
023297,07232744000261,BdGeral.mdb:Geral,colunas_nomeadas
023298,10428839000189,BdGeral.mdb:Geral,colunas_nomeadas
023299,01283982000139,BdGeral.mdb:Geral,colunas_nomeadas
023300,02632315000691,BdGeral.mdb:Geral,colunas_nomeadas
023301,10339058000118,BdGeral.mdb:Geral,colunas_nomeadas
023302,10593423000116,BdGeral.mdb:Geral,colunas_nomeadas
023303,07788158000117,BdGeral.mdb:Geral,colunas_nomeadas
023304,10578861000105,BdGeral.mdb:Geral,colunas_nomeadas
023305,76212372000143,BdGeral.mdb:Geral,colunas_nomeadas
023306,08654502000148,BdGeral.mdb:Geral,colunas_nomeadas
023307,05501839000127,BdGeral.mdb:Geral,colunas_nomeadas
023308,05635178000122,BdGeral.mdb:Geral,colunas_nomeadas
023309,78357969000969,BdGeral.mdb:Geral,colunas_nomeadas
023310,05923288000190,BdGeral.mdb:Geral,colunas_nomeadas
023311,04528722000174,BdGeral.mdb:Geral,colunas_nomeadas
023312,02945519000178,BdGeral.mdb:Geral,colunas_nomeadas
023313,89036099000195,BdGeral.mdb:Geral,colunas_nomeadas
023314,20090507000000,BdGeral.mdb:Geral,scan_celula:DATA
023315,10319881000161,BdGeral.mdb:Geral,colunas_nomeadas
023316,00628659000197,BdGeral.mdb:Geral,colunas_nomeadas
023317,10450782000114,BdGeral.mdb:Geral,colunas_nomeadas
023318,02418819000107,BdGeral.mdb:Geral,colunas_nomeadas
023319,10699545000191,BdGeral.mdb:Geral,colunas_nomeadas
023320,10754073000122,BdGeral.mdb:Geral,colunas_nomeadas
023322,82013319000116,BdGeral.mdb:Geral,colunas_nomeadas
023323,10551884000126,BdGeral.mdb:Geral,colunas_nomeadas
023324,07626066000130,BdGeral.mdb:Geral,colunas_nomeadas
023325,07383792000170,BdGeral.mdb:Geral,colunas_nomeadas
023326,80831712000191,BdGeral.mdb:Geral,colunas_nomeadas
023327,37397486000153,BdGeral.mdb:Geral,colunas_nomeadas
023328,10363609000189,BdGeral.mdb:Geral,colunas_nomeadas
023329,05895208000130,BdGeral.mdb:Geral,colunas_nomeadas
023330,10720313000178,BdGeral.mdb:Geral,colunas_nomeadas
023331,76592542000677,BdGeral.mdb:Geral,colunas_nomeadas
023332,80700024000192,BdGeral.mdb:Geral,colunas_nomeadas
023333,03802746000107,BdGeral.mdb:Geral,colunas_nomeadas
023334,08285171000116,BdGeral.mdb:Geral,colunas_nomeadas
023335,50227255000160,BdGeral.mdb:Geral,colunas_nomeadas
023336,01525675000117,BdGeral.mdb:Geral,colunas_nomeadas
023337,10486894000125,BdGeral.mdb:Geral,colunas_nomeadas
023338,93293736000186,BdGeral.mdb:Geral,colunas_nomeadas
023339,06172042000196,BdGeral.mdb:Geral,colunas_nomeadas
023340,01405656000157,BdGeral.mdb:Geral,colunas_nomeadas
023341,03572965000147,BdGeral.mdb:Geral,colunas_nomeadas
023342,08321096000100,BdGeral.mdb:Geral,colunas_nomeadas
023343,02632315000500,BdGeral.mdb:Geral,colunas_nomeadas
023344,09334091000257,BdGeral.mdb:Geral,colunas_nomeadas
023345,10473089000167,BdGeral.mdb:Geral,colunas_nomeadas
023346,44373108000600,BdGeral.mdb:Geral,colunas_nomeadas
023348,07646939000177,BdGeral.mdb:Geral,colunas_nomeadas
023350,85316651000148,BdGeral.mdb:Geral,colunas_nomeadas
023351,10928826000179,BdGeral.mdb:Geral,colunas_nomeadas
023352,92660893000209,BdGeral.mdb:Geral,colunas_nomeadas
023353,10748455000143,BdGeral.mdb:Geral,colunas_nomeadas
023354,81073850000111,BdGeral.mdb:Geral,colunas_nomeadas
023356,07256305000108,BdGeral.mdb:Geral,colunas_nomeadas
023357,10230033000181,BdGeral.mdb:Geral,colunas_nomeadas
023358,10593313000154,BdGeral.mdb:Geral,colunas_nomeadas
023359,04073539000121,BdGeral.mdb:Geral,colunas_nomeadas
023360,08876847000146,BdGeral.mdb:Geral,colunas_nomeadas
023361,07546860000174,BdGeral.mdb:Geral,colunas_nomeadas
023362,91967067000155,BdGeral.mdb:Geral,colunas_nomeadas
023365,03077506000197,BdGeral.mdb:Geral,colunas_nomeadas
023366,06005740000105,BdGeral.mdb:Geral,colunas_nomeadas
023367,20090731000000,BdGeral.mdb:Geral,scan_celula:DATA
023368,10665363000108,BdGeral.mdb:Geral,colunas_nomeadas
023369,68408806000157,BdGeral.mdb:Geral,colunas_nomeadas
023370,07390004000172,BdGeral.mdb:Geral,colunas_nomeadas
023371,05898105000123,BdGeral.mdb:Geral,colunas_nomeadas
023372,85052645000120,BdGeral.mdb:Geral,colunas_nomeadas
023373,10793152000142,BdGeral.mdb:Geral,colunas_nomeadas
023374,10954989000126,BdGeral.mdb:Geral,colunas_nomeadas
023375,03754039000192,BdGeral.mdb:Geral,colunas_nomeadas
023376,03994824000112,BdGeral.mdb:Geral,colunas_nomeadas
023378,08251872000134,BdGeral.mdb:Geral,colunas_nomeadas
023379,08633211000173,BdGeral.mdb:Geral,colunas_nomeadas
023380,86843646000156,BdGeral.mdb:Geral,colunas_nomeadas
023384,09501475000136,BdGeral.mdb:Geral,colunas_nomeadas
023386,09442869000160,BdGeral.mdb:Geral,colunas_nomeadas
023387,00263742000100,BdGeral.mdb:Geral,colunas_nomeadas
023388,03713592000187,BdGeral.mdb:Geral,colunas_nomeadas
023389,10469900000136,BdGeral.mdb:Geral,colunas_nomeadas
023390,08112233000198,BdGeral.mdb:Geral,colunas_nomeadas
023391,06089521000143,BdGeral.mdb:Geral,colunas_nomeadas
023392,11104167000119,BdGeral.mdb:Geral,colunas_nomeadas
023393,05046646000123,BdGeral.mdb:Geral,colunas_nomeadas
023394,79087177000127,BdGeral.mdb:Geral,colunas_nomeadas
023396,10268971000170,BdGeral.mdb:Geral,colunas_nomeadas
023397,78539780000210,BdGeral.mdb:Geral,colunas_nomeadas
023398,05666061000106,BdGeral.mdb:Geral,colunas_nomeadas
023399,72731920000190,BdGeral.mdb:Geral,colunas_nomeadas
023400,06915614000180,BdGeral.mdb:Geral,colunas_nomeadas
023401,08048251000239,BdGeral.mdb:Geral,colunas_nomeadas
023402,04935362000125,BdGeral.mdb:Geral,colunas_nomeadas
023403,04692720000116,BdGeral.mdb:Geral,colunas_nomeadas
023404,96824594016209,BdGeral.mdb:Geral,colunas_nomeadas
023405,10984498000128,BdGeral.mdb:Geral,colunas_nomeadas
023406,11198605000155,BdGeral.mdb:Geral,colunas_nomeadas
023407,09351945000122,BdGeral.mdb:Geral,colunas_nomeadas
023408,11209625000184,BdGeral.mdb:Geral,colunas_nomeadas
023409,11221558000113,BdGeral.mdb:Geral,colunas_nomeadas
023410,78352416000166,BdGeral.mdb:Geral,colunas_nomeadas
023411,07818849000116,BdGeral.mdb:Geral,colunas_nomeadas
023413,96824594015903,BdGeral.mdb:Geral,colunas_nomeadas
023414,83132597000155,BdGeral.mdb:Geral,colunas_nomeadas
023415,00821296000101,BdGeral.mdb:Geral,colunas_nomeadas
023416,06867194000103,BdGeral.mdb:Geral,colunas_nomeadas
023417,17262213012010,BdGeral.mdb:Geral,colunas_nomeadas
023418,00860837000100,BdGeral.mdb:Geral,colunas_nomeadas
023419,10212649000120,BdGeral.mdb:Geral,colunas_nomeadas
023420,02904092000160,BdGeral.mdb:Geral,colunas_nomeadas
023421,81438525000105,BdGeral.mdb:Geral,colunas_nomeadas
023422,04184831000111,BdGeral.mdb:Geral,colunas_nomeadas
023423,10568653000125,BdGeral.mdb:Geral,colunas_nomeadas
023426,11189633000106,BdGeral.mdb:Geral,colunas_nomeadas
023427,07617124000160,BdGeral.mdb:Geral,colunas_nomeadas
023428,09649019000138,BdGeral.mdb:Geral,colunas_nomeadas
023429,11278994000129,BdGeral.mdb:Geral,colunas_nomeadas
023430,96824594003816,BdGeral.mdb:Geral,colunas_nomeadas
023431,10482729000103,BdGeral.mdb:Geral,colunas_nomeadas
023432,10579053000162,BdGeral.mdb:Geral,colunas_nomeadas
023433,03890687000176,BdGeral.mdb:Geral,colunas_nomeadas
023434,05007043000112,BdGeral.mdb:Geral,colunas_nomeadas
023435,07178982000155,BdGeral.mdb:Geral,colunas_nomeadas
023436,86183449000581,BdGeral.mdb:Geral,colunas_nomeadas
023437,11042095000122,BdGeral.mdb:Geral,colunas_nomeadas
023438,11336463000145,BdGeral.mdb:Geral,colunas_nomeadas
023439,10992344000188,BdGeral.mdb:Geral,colunas_nomeadas
023441,04298728000100,BdGeral.mdb:Geral,colunas_nomeadas
023442,01376057000152,BdGeral.mdb:Geral,colunas_nomeadas
023443,11240220000109,BdGeral.mdb:Geral,colunas_nomeadas
023444,07942433000105,BdGeral.mdb:Geral,colunas_nomeadas
023445,08027889000102,BdGeral.mdb:Geral,colunas_nomeadas
023446,80223324000128,BdGeral.mdb:Geral,colunas_nomeadas
023447,07175044000100,BdGeral.mdb:Geral,colunas_nomeadas
023448,00139680000129,BdGeral.mdb:Geral,colunas_nomeadas
023449,01042830000144,BdGeral.mdb:Geral,colunas_nomeadas
023450,86445665000124,BdGeral.mdb:Geral,colunas_nomeadas
023451,10888869000178,BdGeral.mdb:Geral,colunas_nomeadas
023452,11369660000160,BdGeral.mdb:Geral,colunas_nomeadas
023453,07884258000147,BdGeral.mdb:Geral,colunas_nomeadas
023454,07401286000166,BdGeral.mdb:Geral,colunas_nomeadas
023455,10937018000178,BdGeral.mdb:Geral,colunas_nomeadas
023456,04909970000165,BdGeral.mdb:Geral,colunas_nomeadas
023457,50951805000946,BdGeral.mdb:Geral,colunas_nomeadas
023458,00220359000174,BdGeral.mdb:Geral,colunas_nomeadas
023459,01398219000153,BdGeral.mdb:Geral,colunas_nomeadas
023460,96824594016390,BdGeral.mdb:Geral,colunas_nomeadas
023461,00453448000160,BdGeral.mdb:Geral,colunas_nomeadas
023462,11419708000106,BdGeral.mdb:Geral,colunas_nomeadas
023463,66887597000146,BdGeral.mdb:Geral,colunas_nomeadas
023464,10466862000168,BdGeral.mdb:Geral,colunas_nomeadas
023465,08816067000100,BdGeral.mdb:Geral,colunas_nomeadas
023466,11462081000168,BdGeral.mdb:Geral,colunas_nomeadas
023467,77505717000110,BdGeral.mdb:Geral,colunas_nomeadas
023468,81418956000100,BdGeral.mdb:Geral,colunas_nomeadas
023469,11379121000102,BdGeral.mdb:Geral,colunas_nomeadas
023470,03402181000251,BdGeral.mdb:Geral,colunas_nomeadas
023471,09554977000125,BdGeral.mdb:Geral,colunas_nomeadas
023472,91506246000195,BdGeral.mdb:Geral,colunas_nomeadas
023473,77171106000182,BdGeral.mdb:Geral,colunas_nomeadas
023474,11066755000105,BdGeral.mdb:Geral,colunas_nomeadas
023475,11617435000104,BdGeral.mdb:Geral,colunas_nomeadas
023476,82694993000103,BdGeral.mdb:Geral,colunas_nomeadas
023477,10177297000119,BdGeral.mdb:Geral,colunas_nomeadas
023478,80084809000340,BdGeral.mdb:Geral,colunas_nomeadas
023479,11071048000107,BdGeral.mdb:Geral,colunas_nomeadas
023480,10857017000113,BdGeral.mdb:Geral,colunas_nomeadas
023481,01850126000118,BdGeral.mdb:Geral,colunas_nomeadas
023482,02594494000105,BdGeral.mdb:Geral,colunas_nomeadas
023483,05646441000189,BdGeral.mdb:Geral,colunas_nomeadas
023485,10887723000108,BdGeral.mdb:Geral,colunas_nomeadas
023487,01715496000142,BdGeral.mdb:Geral,colunas_nomeadas
023488,11245053000199,BdGeral.mdb:Geral,colunas_nomeadas
023489,92678432000174,BdGeral.mdb:Geral,colunas_nomeadas
023490,76488196000258,BdGeral.mdb:Geral,colunas_nomeadas
023491,11151309000107,BdGeral.mdb:Geral,colunas_nomeadas
023492,04290376000139,BdGeral.mdb:Geral,colunas_nomeadas
023493,07994527000128,BdGeral.mdb:Geral,colunas_nomeadas
023495,11427851000131,BdGeral.mdb:Geral,colunas_nomeadas
023496,10869943000109,BdGeral.mdb:Geral,colunas_nomeadas
023497,10655821000110,BdGeral.mdb:Geral,colunas_nomeadas
023498,02614911000215,BdGeral.mdb:Geral,colunas_nomeadas
023499,06823358000109,BdGeral.mdb:Geral,colunas_nomeadas
023500,10287044000106,BdGeral.mdb:Geral,colunas_nomeadas
023501,02394303000161,BdGeral.mdb:Geral,colunas_nomeadas
023502,11501486000168,BdGeral.mdb:Geral,colunas_nomeadas
023503,10539178000169,BdGeral.mdb:Geral,colunas_nomeadas
023504,03149113000141,BdGeral.mdb:Geral,colunas_nomeadas
023505,11657205000160,BdGeral.mdb:Geral,colunas_nomeadas
023506,07654014000178,BdGeral.mdb:Geral,colunas_nomeadas
023507,04634285000173,BdGeral.mdb:Geral,colunas_nomeadas
023508,07402565000144,BdGeral.mdb:Geral,colunas_nomeadas
023510,02509988000144,BdGeral.mdb:Geral,colunas_nomeadas
023511,11619274000180,BdGeral.mdb:Geral,colunas_nomeadas
023512,11410939000140,BdGeral.mdb:Geral,colunas_nomeadas
023513,10881791000160,BdGeral.mdb:Geral,colunas_nomeadas
023514,78208261000270,BdGeral.mdb:Geral,colunas_nomeadas
023515,80834732000116,BdGeral.mdb:Geral,colunas_nomeadas
023516,86923851000121,BdGeral.mdb:Geral,colunas_nomeadas
023517,00836947000137,BdGeral.mdb:Geral,colunas_nomeadas
023518,11489241000162,BdGeral.mdb:Geral,colunas_nomeadas
023519,76488469000183,BdGeral.mdb:Geral,colunas_nomeadas
023520,02394390000157,BdGeral.mdb:Geral,colunas_nomeadas
023521,03559090000143,BdGeral.mdb:Geral,colunas_nomeadas
023522,03625211000108,BdGeral.mdb:Geral,colunas_nomeadas
023523,01321793000294,BdGeral.mdb:Geral,colunas_nomeadas
023524,08930039000110,BdGeral.mdb:Geral,colunas_nomeadas
023525,11476799000103,BdGeral.mdb:Geral,colunas_nomeadas
023526,08065022000141,BdGeral.mdb:Geral,colunas_nomeadas
023527,06375211000195,BdGeral.mdb:Geral,colunas_nomeadas
023528,00092394000236,BdGeral.mdb:Geral,colunas_nomeadas
023529,08164779000192,BdGeral.mdb:Geral,colunas_nomeadas
023530,76087964000261,BdGeral.mdb:Geral,colunas_nomeadas
023531,07309434000117,BdGeral.mdb:Geral,colunas_nomeadas
023532,78539780000130,BdGeral.mdb:Geral,colunas_nomeadas
023533,10349910000138,BdGeral.mdb:Geral,colunas_nomeadas
023534,87921060000125,BdGeral.mdb:Geral,colunas_nomeadas
023535,10974422000111,BdGeral.mdb:Geral,colunas_nomeadas
023536,81702284000160,BdGeral.mdb:Geral,colunas_nomeadas
023537,11434146000161,BdGeral.mdb:Geral,colunas_nomeadas
023538,10412352000108,BdGeral.mdb:Geral,colunas_nomeadas
023540,90810706002589,BdGeral.mdb:Geral,colunas_nomeadas
023541,10722038000121,BdGeral.mdb:Geral,colunas_nomeadas
023542,79233672000105,BdGeral.mdb:Geral,colunas_nomeadas
023543,83052407000351,BdGeral.mdb:Geral,colunas_nomeadas
023545,11614446000122,BdGeral.mdb:Geral,colunas_nomeadas
023546,05149189000100,BdGeral.mdb:Geral,colunas_nomeadas
023547,07428684000176,BdGeral.mdb:Geral,colunas_nomeadas
023548,02263791001069,BdGeral.mdb:Geral,colunas_nomeadas
023549,11842426000109,BdGeral.mdb:Geral,colunas_nomeadas
023550,02277612000151,BdGeral.mdb:Geral,colunas_nomeadas
023552,02928483000114,BdGeral.mdb:Geral,colunas_nomeadas
023553,10363894000138,BdGeral.mdb:Geral,colunas_nomeadas
023554,85466944000101,BdGeral.mdb:Geral,colunas_nomeadas
023555,80865280000130,BdGeral.mdb:Geral,colunas_nomeadas
023556,07181174000147,BdGeral.mdb:Geral,colunas_nomeadas
023557,03554833000354,BdGeral.mdb:Geral,colunas_nomeadas
023558,02091041000166,BdGeral.mdb:Geral,colunas_nomeadas
023559,09565574000181,BdGeral.mdb:Geral,colunas_nomeadas
023560,11925648000195,BdGeral.mdb:Geral,colunas_nomeadas
023561,08188564000101,BdGeral.mdb:Geral,colunas_nomeadas
023562,05033074000148,BdGeral.mdb:Geral,colunas_nomeadas
023563,06977279000144,BdGeral.mdb:Geral,colunas_nomeadas
023564,10693041000164,BdGeral.mdb:Geral,colunas_nomeadas
023565,11053951000145,BdGeral.mdb:Geral,colunas_nomeadas
023566,09347567000103,BdGeral.mdb:Geral,colunas_nomeadas
023567,03464104000226,BdGeral.mdb:Geral,colunas_nomeadas
023568,80688633000173,BdGeral.mdb:Geral,colunas_nomeadas
023569,12044686000100,BdGeral.mdb:Geral,colunas_nomeadas
023570,80597644000148,BdGeral.mdb:Geral,colunas_nomeadas
023571,10306288000180,BdGeral.mdb:Geral,colunas_nomeadas
023572,12310950000100,BdGeral.mdb:Geral,colunas_nomeadas
023573,01511503000194,BdGeral.mdb:Geral,colunas_nomeadas
023574,05743087000100,BdGeral.mdb:Geral,colunas_nomeadas
023575,11746071000154,BdGeral.mdb:Geral,colunas_nomeadas
023576,04698093000120,BdGeral.mdb:Geral,colunas_nomeadas
023577,11219090000122,BdGeral.mdb:Geral,colunas_nomeadas
023578,11950739000180,BdGeral.mdb:Geral,colunas_nomeadas
023579,47509120000182,BdGeral.mdb:Geral,colunas_nomeadas
023581,12391667000141,BdGeral.mdb:Geral,colunas_nomeadas
023582,12341324000172,BdGeral.mdb:Geral,colunas_nomeadas
023583,12006058000121,BdGeral.mdb:Geral,colunas_nomeadas
023584,11982859000160,BdGeral.mdb:Geral,colunas_nomeadas
023585,10944373000174,BdGeral.mdb:Geral,colunas_nomeadas
023586,11503096000127,BdGeral.mdb:Geral,colunas_nomeadas
023587,54813811000130,BdGeral.mdb:Geral,colunas_nomeadas
023588,00820634000190,BdGeral.mdb:Geral,colunas_nomeadas
023591,05112317000133,BdGeral.mdb:Geral,colunas_nomeadas
023592,85077311000101,BdGeral.mdb:Geral,colunas_nomeadas
023593,10673585000164,BdGeral.mdb:Geral,colunas_nomeadas
023595,01779234000141,BdGeral.mdb:Geral,colunas_nomeadas
023597,08796968000188,BdGeral.mdb:Geral,colunas_nomeadas
023598,12140079000135,BdGeral.mdb:Geral,colunas_nomeadas
023599,06023538000106,BdGeral.mdb:Geral,colunas_nomeadas
023600,10570603000182,BdGeral.mdb:Geral,colunas_nomeadas
023601,00194447000149,BdGeral.mdb:Geral,colunas_nomeadas
023602,08146023000110,BdGeral.mdb:Geral,colunas_nomeadas
023604,02460193000199,BdGeral.mdb:Geral,colunas_nomeadas
023605,02100270000108,BdGeral.mdb:Geral,colunas_nomeadas
023606,58225756000119,BdGeral.mdb:Geral,colunas_nomeadas
023607,06223049000190,BdGeral.mdb:Geral,colunas_nomeadas
023608,12480697000124,BdGeral.mdb:Geral,colunas_nomeadas
023609,77952794000118,BdGeral.mdb:Geral,colunas_nomeadas
023610,00591028000140,BdGeral.mdb:Geral,colunas_nomeadas
023613,10193702000192,BdGeral.mdb:Geral,colunas_nomeadas
023614,04552585000103,BdGeral.mdb:Geral,colunas_nomeadas
023615,10933084000170,BdGeral.mdb:Geral,colunas_nomeadas
023616,11103080000127,BdGeral.mdb:Geral,colunas_nomeadas
023617,10985405000180,BdGeral.mdb:Geral,colunas_nomeadas
023618,76188127000148,BdGeral.mdb:Geral,colunas_nomeadas
023620,12211059000108,BdGeral.mdb:Geral,colunas_nomeadas
023622,46448270000403,BdGeral.mdb:Geral,colunas_nomeadas
023623,12683068000100,BdGeral.mdb:Geral,colunas_nomeadas
023624,11951958000184,BdGeral.mdb:Geral,colunas_nomeadas
023625,12471887000185,BdGeral.mdb:Geral,colunas_nomeadas
023626,08139052000155,BdGeral.mdb:Geral,colunas_nomeadas
023627,03744713000158,BdGeral.mdb:Geral,colunas_nomeadas
023629,11786627000136,BdGeral.mdb:Geral,colunas_nomeadas
023630,09480413000195,BdGeral.mdb:Geral,colunas_nomeadas
023631,01937624000100,BdGeral.mdb:Geral,colunas_nomeadas
023632,09054122000135,BdGeral.mdb:Geral,colunas_nomeadas
023633,01506081000240,BdGeral.mdb:Geral,colunas_nomeadas
023635,07994527000209,BdGeral.mdb:Geral,colunas_nomeadas
023636,08323347001078,BdGeral.mdb:Geral,colunas_nomeadas
023637,82217654000136,BdGeral.mdb:Geral,colunas_nomeadas
023638,01810557000150,BdGeral.mdb:Geral,colunas_nomeadas
023639,08769147000152,BdGeral.mdb:Geral,colunas_nomeadas
023640,12885698000159,BdGeral.mdb:Geral,colunas_nomeadas
023641,03339499000154,BdGeral.mdb:Geral,colunas_nomeadas
023642,10957068000117,BdGeral.mdb:Geral,colunas_nomeadas
023643,12159195000104,BdGeral.mdb:Geral,colunas_nomeadas
023644,01920863000140,BdGeral.mdb:Geral,colunas_nomeadas
023645,12474093000175,BdGeral.mdb:Geral,colunas_nomeadas
023646,84683408000103,BdGeral.mdb:Geral,colunas_nomeadas
023647,12134239000133,BdGeral.mdb:Geral,colunas_nomeadas
023648,07772674000153,BdGeral.mdb:Geral,colunas_nomeadas
023649,08852518000165,BdGeral.mdb:Geral,colunas_nomeadas
023650,48603948000168,BdGeral.mdb:Geral,colunas_nomeadas
023651,82401597000140,BdGeral.mdb:Geral,colunas_nomeadas
023652,07728621000135,BdGeral.mdb:Geral,colunas_nomeadas
023653,05373752000383,BdGeral.mdb:Geral,colunas_nomeadas
023654,11814975000170,BdGeral.mdb:Geral,colunas_nomeadas
023655,10425968000113,BdGeral.mdb:Geral,colunas_nomeadas
023656,01525242000161,BdGeral.mdb:Geral,colunas_nomeadas
023657,13038841000130,BdGeral.mdb:Geral,colunas_nomeadas
023658,77386282000131,BdGeral.mdb:Geral,colunas_nomeadas
023659,11940402000192,BdGeral.mdb:Geral,colunas_nomeadas
023660,10746724000132,BdGeral.mdb:Geral,colunas_nomeadas
023661,11508719000154,BdGeral.mdb:Geral,colunas_nomeadas
023662,12321214000149,BdGeral.mdb:Geral,colunas_nomeadas
023663,32487258001637,BdGeral.mdb:Geral,colunas_nomeadas
023664,12741941000165,BdGeral.mdb:Geral,colunas_nomeadas
023665,92633437000180,BdGeral.mdb:Geral,colunas_nomeadas
023666,07842783000108,BdGeral.mdb:Geral,colunas_nomeadas
023667,04924266000181,BdGeral.mdb:Geral,colunas_nomeadas
023668,00790622000160,BdGeral.mdb:Geral,colunas_nomeadas
023669,76468214000159,BdGeral.mdb:Geral,colunas_nomeadas
023670,11951773000170,BdGeral.mdb:Geral,colunas_nomeadas
023671,09091050000104,BdGeral.mdb:Geral,colunas_nomeadas
023672,10492293000125,BdGeral.mdb:Geral,colunas_nomeadas
023673,11960344000169,BdGeral.mdb:Geral,colunas_nomeadas
023675,12436735000141,BdGeral.mdb:Geral,colunas_nomeadas
023676,10929021000140,BdGeral.mdb:Geral,colunas_nomeadas
023677,09209455000196,BdGeral.mdb:Geral,colunas_nomeadas
023678,11412931000113,BdGeral.mdb:Geral,colunas_nomeadas
023679,12819799000121,BdGeral.mdb:Geral,colunas_nomeadas
023680,10994836000102,BdGeral.mdb:Geral,colunas_nomeadas
023681,09277651000106,BdGeral.mdb:Geral,colunas_nomeadas
023683,01797504000147,BdGeral.mdb:Geral,colunas_nomeadas
023685,83647909000910,BdGeral.mdb:Geral,colunas_nomeadas
023686,07400572000107,BdGeral.mdb:Geral,colunas_nomeadas
023687,10878624000160,BdGeral.mdb:Geral,colunas_nomeadas
023688,06981851000149,BdGeral.mdb:Geral,colunas_nomeadas
023691,11237874000183,BdGeral.mdb:Geral,colunas_nomeadas
023693,81301350000190,BdGeral.mdb:Geral,colunas_nomeadas
023694,12555807000170,BdGeral.mdb:Geral,colunas_nomeadas
023695,65826372000117,BdGeral.mdb:Geral,colunas_nomeadas
023696,04543446000113,BdGeral.mdb:Geral,colunas_nomeadas
023697,00131723000120,BdGeral.mdb:Geral,colunas_nomeadas
023698,12970614000185,BdGeral.mdb:Geral,colunas_nomeadas
023699,11112940000199,BdGeral.mdb:Geral,colunas_nomeadas
023700,03321555000123,BdGeral.mdb:Geral,colunas_nomeadas
023701,64850662000133,BdGeral.mdb:Geral,colunas_nomeadas
023702,05421958000170,BdGeral.mdb:Geral,colunas_nomeadas
023703,13207887000135,BdGeral.mdb:Geral,colunas_nomeadas
023704,61221446000130,BdGeral.mdb:Geral,colunas_nomeadas
023705,81735201000139,BdGeral.mdb:Geral,colunas_nomeadas
023706,02673754000219,BdGeral.mdb:Geral,colunas_nomeadas
023707,13109292000147,BdGeral.mdb:Geral,colunas_nomeadas
023708,10569086000121,BdGeral.mdb:Geral,colunas_nomeadas
023709,12987865000172,BdGeral.mdb:Geral,colunas_nomeadas
023710,05512978000156,BdGeral.mdb:Geral,colunas_nomeadas
023711,11493581000167,BdGeral.mdb:Geral,colunas_nomeadas
023712,13223994000157,BdGeral.mdb:Geral,colunas_nomeadas
023713,82222696000165,BdGeral.mdb:Geral,colunas_nomeadas
023714,02006924000120,BdGeral.mdb:Geral,colunas_nomeadas
023715,78865540000125,BdGeral.mdb:Geral,colunas_nomeadas
023716,09061452000158,BdGeral.mdb:Geral,colunas_nomeadas
023717,11810861000151,BdGeral.mdb:Geral,colunas_nomeadas
023719,09597825000100,BdGeral.mdb:Geral,colunas_nomeadas
023720,03856513000197,BdGeral.mdb:Geral,colunas_nomeadas
023721,07972598000120,BdGeral.mdb:Geral,colunas_nomeadas
023722,13290090000144,BdGeral.mdb:Geral,colunas_nomeadas
023723,05318238000183,BdGeral.mdb:Geral,colunas_nomeadas
023724,51064095000148,BdGeral.mdb:Geral,colunas_nomeadas
023725,01216164000113,BdGeral.mdb:Geral,colunas_nomeadas
023726,44898690000113,BdGeral.mdb:Geral,colunas_nomeadas
023727,54403290000143,BdGeral.mdb:Geral,colunas_nomeadas
023728,12565178000169,BdGeral.mdb:Geral,colunas_nomeadas
023729,06016161000150,BdGeral.mdb:Geral,colunas_nomeadas
023730,82333915000183,BdGeral.mdb:Geral,colunas_nomeadas
023731,04107015000104,BdGeral.mdb:Geral,colunas_nomeadas
023732,08070566001769,BdGeral.mdb:Geral,colunas_nomeadas
023733,02309778000102,BdGeral.mdb:Geral,colunas_nomeadas
023734,10969163000130,BdGeral.mdb:Geral,colunas_nomeadas
023735,83942235000120,BdGeral.mdb:Geral,colunas_nomeadas
023736,07584400000130,BdGeral.mdb:Geral,colunas_nomeadas
023737,84852250000140,BdGeral.mdb:Geral,colunas_nomeadas
023738,03628331000169,BdGeral.mdb:Geral,colunas_nomeadas
023739,12899082000137,BdGeral.mdb:Geral,colunas_nomeadas
023740,05856868000101,BdGeral.mdb:Geral,colunas_nomeadas
023741,86754413000349,BdGeral.mdb:Geral,colunas_nomeadas
023743,11106918000136,BdGeral.mdb:Geral,colunas_nomeadas
023744,13431022000158,BdGeral.mdb:Geral,colunas_nomeadas
023745,11228674000164,BdGeral.mdb:Geral,colunas_nomeadas
023746,00495285000189,BdGeral.mdb:Geral,colunas_nomeadas
023747,09108431000140,BdGeral.mdb:Geral,colunas_nomeadas
023748,82522491000103,BdGeral.mdb:Geral,colunas_nomeadas
023749,79991535000121,BdGeral.mdb:Geral,colunas_nomeadas
023750,04332684000180,BdGeral.mdb:Geral,colunas_nomeadas
023751,01669987000102,BdGeral.mdb:Geral,colunas_nomeadas
023752,10328891000163,BdGeral.mdb:Geral,colunas_nomeadas
023753,07795209000138,BdGeral.mdb:Geral,colunas_nomeadas
023754,07952441000132,BdGeral.mdb:Geral,colunas_nomeadas
023755,13173051000167,BdGeral.mdb:Geral,colunas_nomeadas
023757,78575065000152,BdGeral.mdb:Geral,colunas_nomeadas
023758,05858080000134,BdGeral.mdb:Geral,colunas_nomeadas
023759,64521156000109,BdGeral.mdb:Geral,colunas_nomeadas
023760,07799537000102,BdGeral.mdb:Geral,colunas_nomeadas
023761,95365680000153,BdGeral.mdb:Geral,colunas_nomeadas
023762,08110373000127,BdGeral.mdb:Geral,colunas_nomeadas
023763,02192694000131,BdGeral.mdb:Geral,colunas_nomeadas
023764,07531634000110,BdGeral.mdb:Geral,colunas_nomeadas
023765,77701324000181,BdGeral.mdb:Geral,colunas_nomeadas
023766,13734607000147,BdGeral.mdb:Geral,colunas_nomeadas
023767,13299795000122,BdGeral.mdb:Geral,colunas_nomeadas
023768,10204489000177,BdGeral.mdb:Geral,colunas_nomeadas
023769,07420317000126,BdGeral.mdb:Geral,colunas_nomeadas
023770,82430927000126,BdGeral.mdb:Geral,colunas_nomeadas
023771,13697561000133,BdGeral.mdb:Geral,colunas_nomeadas
023772,13822064000110,BdGeral.mdb:Geral,colunas_nomeadas
023773,08906558000142,BdGeral.mdb:Geral,colunas_nomeadas
023774,09047859000120,BdGeral.mdb:Geral,colunas_nomeadas
023775,05120387000303,BdGeral.mdb:Geral,colunas_nomeadas
023776,12626778000190,BdGeral.mdb:Geral,colunas_nomeadas
023777,13379463000158,BdGeral.mdb:Geral,colunas_nomeadas
023778,04951431000194,BdGeral.mdb:Geral,colunas_nomeadas
023779,03200754000183,BdGeral.mdb:Geral,colunas_nomeadas
023780,04056176000116,BdGeral.mdb:Geral,colunas_nomeadas
023781,10502288000156,BdGeral.mdb:Geral,colunas_nomeadas
023782,04020488000170,BdGeral.mdb:Geral,colunas_nomeadas
023783,07027750000104,BdGeral.mdb:Geral,colunas_nomeadas
023784,06144377000109,BdGeral.mdb:Geral,colunas_nomeadas
023785,01057745000150,BdGeral.mdb:Geral,colunas_nomeadas
023786,13220740000185,BdGeral.mdb:Geral,colunas_nomeadas
023787,05298368000100,BdGeral.mdb:Geral,colunas_nomeadas
023788,13407939000117,BdGeral.mdb:Geral,colunas_nomeadas
023790,01938990000176,BdGeral.mdb:Geral,colunas_nomeadas
023791,10736523000154,BdGeral.mdb:Geral,colunas_nomeadas
023792,00708092000169,BdGeral.mdb:Geral,colunas_nomeadas
023793,06101244000228,BdGeral.mdb:Geral,colunas_nomeadas
023795,07114179000157,BdGeral.mdb:Geral,colunas_nomeadas
023796,11632741000101,BdGeral.mdb:Geral,colunas_nomeadas
023797,95877973000110,BdGeral.mdb:Geral,colunas_nomeadas
023798,12153450000101,BdGeral.mdb:Geral,colunas_nomeadas
023799,07084727000143,BdGeral.mdb:Geral,colunas_nomeadas
023800,13869325000157,BdGeral.mdb:Geral,colunas_nomeadas
023801,12021401000107,BdGeral.mdb:Geral,colunas_nomeadas
023802,08944535000122,BdGeral.mdb:Geral,colunas_nomeadas
023806,13801269000119,BdGeral.mdb:Geral,colunas_nomeadas
023807,01766993000170,BdGeral.mdb:Geral,colunas_nomeadas
023808,20110809000000,BdGeral.mdb:Geral,scan_celula:DATA
023809,07320824000198,BdGeral.mdb:Geral,colunas_nomeadas
023810,12284702000123,BdGeral.mdb:Geral,colunas_nomeadas
023811,74679697000105,BdGeral.mdb:Geral,colunas_nomeadas
023813,60595295000118,BdGeral.mdb:Geral,colunas_nomeadas
023814,12290249000168,BdGeral.mdb:Geral,colunas_nomeadas
023815,00517928000148,BdGeral.mdb:Geral,colunas_nomeadas
023816,81384752000103,BdGeral.mdb:Geral,colunas_nomeadas
023819,92690700000254,BdGeral.mdb:Geral,colunas_nomeadas
023820,13840833000102,BdGeral.mdb:Geral,colunas_nomeadas
023821,07229593000101,BdGeral.mdb:Geral,colunas_nomeadas
023822,02379611000118,BdGeral.mdb:Geral,colunas_nomeadas
023824,10892134000118,BdGeral.mdb:Geral,colunas_nomeadas
023825,11411192000145,BdGeral.mdb:Geral,colunas_nomeadas
023827,04957859000144,BdGeral.mdb:Geral,colunas_nomeadas
023829,07827491000198,BdGeral.mdb:Geral,colunas_nomeadas
023830,01331667000130,BdGeral.mdb:Geral,colunas_nomeadas
023831,14233206000176,BdGeral.mdb:Geral,colunas_nomeadas
023832,07298800000180,BdGeral.mdb:Geral,colunas_nomeadas
023833,80400005000140,BdGeral.mdb:Geral,colunas_nomeadas
023834,02257049000150,BdGeral.mdb:Geral,colunas_nomeadas
023835,13343101000107,BdGeral.mdb:Geral,colunas_nomeadas
023837,75793828000143,BdGeral.mdb:Geral,colunas_nomeadas
023838,76630573002538,BdGeral.mdb:Geral,colunas_nomeadas
023839,00941296000145,BdGeral.mdb:Geral,colunas_nomeadas
023841,11552360000112,BdGeral.mdb:Geral,colunas_nomeadas
023842,10321344000156,BdGeral.mdb:Geral,colunas_nomeadas
023844,94304631000148,BdGeral.mdb:Geral,colunas_nomeadas
023845,05659665000125,BdGeral.mdb:Geral,colunas_nomeadas
023846,14201766000149,BdGeral.mdb:Geral,colunas_nomeadas
023848,53503652000296,BdGeral.mdb:Geral,colunas_nomeadas
023849,01475960000170,BdGeral.mdb:Geral,colunas_nomeadas
023850,47247705000171,BdGeral.mdb:Geral,colunas_nomeadas
023851,09460852000136,BdGeral.mdb:Geral,colunas_nomeadas
023852,07294381000108,BdGeral.mdb:Geral,colunas_nomeadas
023853,06333428000132,BdGeral.mdb:Geral,colunas_nomeadas
023854,02869546000109,BdGeral.mdb:Geral,colunas_nomeadas
023855,06308045000104,BdGeral.mdb:Geral,colunas_nomeadas
023857,13954321000177,BdGeral.mdb:Geral,colunas_nomeadas
023859,78865540000478,BdGeral.mdb:Geral,colunas_nomeadas
023861,12968331000107,BdGeral.mdb:Geral,colunas_nomeadas
023863,92587369000160,BdGeral.mdb:Geral,colunas_nomeadas
023865,11432040000129,BdGeral.mdb:Geral,colunas_nomeadas
023867,06157842000138,BdGeral.mdb:Geral,colunas_nomeadas
023868,09002207000170,BdGeral.mdb:Geral,colunas_nomeadas
023869,11069265000162,BdGeral.mdb:Geral,colunas_nomeadas
023871,13550683000100,BdGeral.mdb:Geral,colunas_nomeadas
023872,73841769000106,BdGeral.mdb:Geral,colunas_nomeadas
023877,11523518000126,BdGeral.mdb:Geral,colunas_nomeadas
023878,08665089000117,BdGeral.mdb:Geral,colunas_nomeadas
023880,14303126000140,BdGeral.mdb:Geral,colunas_nomeadas
023881,13793785000149,BdGeral.mdb:Geral,colunas_nomeadas
023884,13420190000148,BdGeral.mdb:Geral,colunas_nomeadas
023885,13732503000101,BdGeral.mdb:Geral,colunas_nomeadas
023886,13356377000120,BdGeral.mdb:Geral,colunas_nomeadas
023887,09626798000156,BdGeral.mdb:Geral,colunas_nomeadas
023888,05049037000128,BdGeral.mdb:Geral,colunas_nomeadas
023889,20111111000000,BdGeral.mdb:Geral,scan_celula:DATA
023890,07747601000101,BdGeral.mdb:Geral,colunas_nomeadas
023892,11502476000147,BdGeral.mdb:Geral,colunas_nomeadas
023893,81451957000156,BdGeral.mdb:Geral,colunas_nomeadas
023894,00884374000117,BdGeral.mdb:Geral,colunas_nomeadas
023895,82595901000138,BdGeral.mdb:Geral,colunas_nomeadas
023897,04497320000150,BdGeral.mdb:Geral,colunas_nomeadas
023900,10657917000117,BdGeral.mdb:Geral,colunas_nomeadas
023901,02028857000145,BdGeral.mdb:Geral,colunas_nomeadas
023902,13357299000188,BdGeral.mdb:Geral,colunas_nomeadas
023903,08727967000181,BdGeral.mdb:Geral,colunas_nomeadas
023906,14524966000132,BdGeral.mdb:Geral,colunas_nomeadas
023909,14253416000126,BdGeral.mdb:Geral,colunas_nomeadas
023910,02098620000130,BdGeral.mdb:Geral,colunas_nomeadas
023912,13436731000126,BdGeral.mdb:Geral,colunas_nomeadas
023913,92526961000152,BdGeral.mdb:Geral,colunas_nomeadas
023914,10619797000163,BdGeral.mdb:Geral,colunas_nomeadas
023917,14391137000129,BdGeral.mdb:Geral,colunas_nomeadas
023918,11451816000158,BdGeral.mdb:Geral,colunas_nomeadas
023920,11002088000105,BdGeral.mdb:Geral,colunas_nomeadas
023923,11194327000168,BdGeral.mdb:Geral,colunas_nomeadas
023924,07417696000103,BdGeral.mdb:Geral,colunas_nomeadas
023926,80551427000117,BdGeral.mdb:Geral,colunas_nomeadas
023930,81483174000316,BdGeral.mdb:Geral,colunas_nomeadas
023932,14265702000101,BdGeral.mdb:Geral,colunas_nomeadas
023933,12077077000149,BdGeral.mdb:Geral,colunas_nomeadas
023934,06138680000190,BdGeral.mdb:Geral,colunas_nomeadas
023935,05623553000114,BdGeral.mdb:Geral,colunas_nomeadas
023939,13254502000190,BdGeral.mdb:Geral,colunas_nomeadas
023940,08718032000139,BdGeral.mdb:Geral,colunas_nomeadas
023941,85491520000105,BdGeral.mdb:Geral,colunas_nomeadas
023943,02783830000168,BdGeral.mdb:Geral,colunas_nomeadas
023944,03976110000181,BdGeral.mdb:Geral,colunas_nomeadas
023947,13416845000104,BdGeral.mdb:Geral,colunas_nomeadas
023948,04169100000105,BdGeral.mdb:Geral,colunas_nomeadas
023949,75392563000171,BdGeral.mdb:Geral,colunas_nomeadas
023950,03053235000130,BdGeral.mdb:Geral,colunas_nomeadas
023951,13111798000190,BdGeral.mdb:Geral,colunas_nomeadas
023953,14702475000134,BdGeral.mdb:Geral,colunas_nomeadas
023956,06218782000116,BdGeral.mdb:Geral,colunas_nomeadas
023957,13349384000102,BdGeral.mdb:Geral,colunas_nomeadas
023958,77643179000634,BdGeral.mdb:Geral,colunas_nomeadas
023959,76097518000157,BdGeral.mdb:Geral,colunas_nomeadas
023961,92747492000282,BdGeral.mdb:Geral,colunas_nomeadas
023962,78144300001537,BdGeral.mdb:Geral,colunas_nomeadas
023963,12504217000118,BdGeral.mdb:Geral,colunas_nomeadas
023964,04346443000190,BdGeral.mdb:Geral,colunas_nomeadas
023965,14969716000106,BdGeral.mdb:Geral,colunas_nomeadas
023966,13558591000169,BdGeral.mdb:Geral,colunas_nomeadas
023967,09414990000189,BdGeral.mdb:Geral,colunas_nomeadas
023968,07260744000194,BdGeral.mdb:Geral,colunas_nomeadas
023969,10367732000178,BdGeral.mdb:Geral,colunas_nomeadas
023971,68720218000154,BdGeral.mdb:Geral,colunas_nomeadas
023979,97531835000100,BdGeral.mdb:Geral,colunas_nomeadas
023980,14937294000197,BdGeral.mdb:Geral,colunas_nomeadas
023982,05120387000133,BdGeral.mdb:Geral,colunas_nomeadas
023984,10805816000146,BdGeral.mdb:Geral,colunas_nomeadas
023985,08598391000108,BdGeral.mdb:Geral,colunas_nomeadas
023986,43932102000581,BdGeral.mdb:Geral,colunas_nomeadas
023987,00847351000132,BdGeral.mdb:Geral,colunas_nomeadas
023989,09208045000120,BdGeral.mdb:Geral,colunas_nomeadas
023990,15030321000106,BdGeral.mdb:Geral,colunas_nomeadas
023991,78557659000300,BdGeral.mdb:Geral,colunas_nomeadas
023992,05234185000112,BdGeral.mdb:Geral,colunas_nomeadas
023994,14968985000158,BdGeral.mdb:Geral,colunas_nomeadas
023995,14490224000133,BdGeral.mdb:Geral,colunas_nomeadas
023996,14916687000114,BdGeral.mdb:Geral,colunas_nomeadas
023997,25986118000161,BdGeral.mdb:Geral,colunas_nomeadas
023998,14092892000102,BdGeral.mdb:Geral,colunas_nomeadas
024000,08840786000167,BdGeral.mdb:Geral,colunas_nomeadas
024002,05821890000116,BdGeral.mdb:Geral,colunas_nomeadas
024003,04336374000133,BdGeral.mdb:Geral,colunas_nomeadas
024004,02845538000122,BdGeral.mdb:Geral,colunas_nomeadas
024006,14993205000120,BdGeral.mdb:Geral,colunas_nomeadas
024007,12927738000188,BdGeral.mdb:Geral,colunas_nomeadas
024009,12550279000166,BdGeral.mdb:Geral,colunas_nomeadas
024012,15341438000100,BdGeral.mdb:Geral,colunas_nomeadas
024014,08070566001254,BdGeral.mdb:Geral,colunas_nomeadas
024015,12249624000126,BdGeral.mdb:Geral,colunas_nomeadas
024016,77754372000138,BdGeral.mdb:Geral,colunas_nomeadas
024018,15320888000117,BdGeral.mdb:Geral,colunas_nomeadas
024019,14875356000183,BdGeral.mdb:Geral,colunas_nomeadas
024020,11444570000197,BdGeral.mdb:Geral,colunas_nomeadas
024021,76564624000101,BdGeral.mdb:Geral,colunas_nomeadas
024022,76212315000326,BdGeral.mdb:Geral,colunas_nomeadas
024023,08070566001688,BdGeral.mdb:Geral,colunas_nomeadas
024024,15227096000100,BdGeral.mdb:Geral,colunas_nomeadas
024025,94992922000176,BdGeral.mdb:Geral,colunas_nomeadas
024028,08070566001173,BdGeral.mdb:Geral,colunas_nomeadas
024029,10226624000185,BdGeral.mdb:Geral,colunas_nomeadas
024030,97545115000101,BdGeral.mdb:Geral,colunas_nomeadas
024032,03385401000103,BdGeral.mdb:Geral,colunas_nomeadas
024033,11926197000100,BdGeral.mdb:Geral,colunas_nomeadas
024034,09292105000136,BdGeral.mdb:Geral,colunas_nomeadas
024035,05802930000182,BdGeral.mdb:Geral,colunas_nomeadas
024036,15254862000118,BdGeral.mdb:Geral,colunas_nomeadas
024037,08321097000146,BdGeral.mdb:Geral,colunas_nomeadas
024038,00540496000196,BdGeral.mdb:Geral,colunas_nomeadas
024039,14087041000171,BdGeral.mdb:Geral,colunas_nomeadas
024040,10655810000130,BdGeral.mdb:Geral,colunas_nomeadas
024041,05758630000143,BdGeral.mdb:Geral,colunas_nomeadas
024042,14056471000126,BdGeral.mdb:Geral,colunas_nomeadas
024044,14758442000106,BdGeral.mdb:Geral,colunas_nomeadas
024046,12695141000155,BdGeral.mdb:Geral,colunas_nomeadas
024047,79986949000243,BdGeral.mdb:Geral,colunas_nomeadas
024048,08753396000150,BdGeral.mdb:Geral,colunas_nomeadas
024049,13536846000192,BdGeral.mdb:Geral,colunas_nomeadas
024050,11937624000156,BdGeral.mdb:Geral,colunas_nomeadas
024051,02661266000100,BdGeral.mdb:Geral,colunas_nomeadas
024052,08273895000140,BdGeral.mdb:Geral,colunas_nomeadas
024053,02978467000136,BdGeral.mdb:Geral,colunas_nomeadas
024054,05871163000163,BdGeral.mdb:Geral,colunas_nomeadas
024055,03324087000140,BdGeral.mdb:Geral,colunas_nomeadas
024056,03040774000134,BdGeral.mdb:Geral,colunas_nomeadas
024057,79216776000101,BdGeral.mdb:Geral,colunas_nomeadas
024059,06069902000160,BdGeral.mdb:Geral,colunas_nomeadas
024060,15397784000100,BdGeral.mdb:Geral,colunas_nomeadas
024061,11244925000102,BdGeral.mdb:Geral,colunas_nomeadas
024066,09194631000163,BdGeral.mdb:Geral,colunas_nomeadas
024067,05806220000120,BdGeral.mdb:Geral,colunas_nomeadas
024068,02241623000181,BdGeral.mdb:Geral,colunas_nomeadas
024069,05220266000163,BdGeral.mdb:Geral,colunas_nomeadas
024070,15567467000195,BdGeral.mdb:Geral,colunas_nomeadas
024073,03453317000171,BdGeral.mdb:Geral,colunas_nomeadas
024074,05054587000135,BdGeral.mdb:Geral,colunas_nomeadas
024075,15484103000141,BdGeral.mdb:Geral,colunas_nomeadas
024076,03641694000134,BdGeral.mdb:Geral,colunas_nomeadas
024077,06311243000208,BdGeral.mdb:Geral,colunas_nomeadas
024080,16416963000100,BdGeral.mdb:Geral,colunas_nomeadas
024081,07834422000101,BdGeral.mdb:Geral,colunas_nomeadas
024082,13374868000101,BdGeral.mdb:Geral,colunas_nomeadas
024083,93810760000145,BdGeral.mdb:Geral,colunas_nomeadas
024084,00273613000100,BdGeral.mdb:Geral,colunas_nomeadas
024085,14252793000140,BdGeral.mdb:Geral,colunas_nomeadas
024086,16513149000104,BdGeral.mdb:Geral,colunas_nomeadas
024087,13084741000140,BdGeral.mdb:Geral,colunas_nomeadas
024089,89437271000112,BdGeral.mdb:Geral,colunas_nomeadas
024090,05027386000149,BdGeral.mdb:Geral,colunas_nomeadas
024091,89923544000139,BdGeral.mdb:Geral,colunas_nomeadas
024092,03430759000100,BdGeral.mdb:Geral,colunas_nomeadas
024093,01688660000170,BdGeral.mdb:Geral,colunas_nomeadas
024094,97467856000103,BdGeral.mdb:Geral,colunas_nomeadas
024095,81120255000190,BdGeral.mdb:Geral,colunas_nomeadas
024096,16751087000179,BdGeral.mdb:Geral,colunas_nomeadas
024097,72202161000179,BdGeral.mdb:Geral,colunas_nomeadas
024098,11028141000139,BdGeral.mdb:Geral,colunas_nomeadas
024099,08692109000149,BdGeral.mdb:Geral,colunas_nomeadas
024100,15233941000142,BdGeral.mdb:Geral,colunas_nomeadas
024101,07297364000124,BdGeral.mdb:Geral,colunas_nomeadas
024102,16524888000100,BdGeral.mdb:Geral,colunas_nomeadas
024103,82360538000171,BdGeral.mdb:Geral,colunas_nomeadas
024104,77371789001940,BdGeral.mdb:Geral,colunas_nomeadas
024105,15008120000102,BdGeral.mdb:Geral,colunas_nomeadas
024106,15182391000180,BdGeral.mdb:Geral,colunas_nomeadas
024107,02553316000136,BdGeral.mdb:Geral,colunas_nomeadas
024108,05105164000105,BdGeral.mdb:Geral,colunas_nomeadas
024109,03719012000240,BdGeral.mdb:Geral,colunas_nomeadas
024110,78377363000138,BdGeral.mdb:Geral,colunas_nomeadas
024112,05803763000194,BdGeral.mdb:Geral,colunas_nomeadas
024116,10733667000157,BdGeral.mdb:Geral,colunas_nomeadas
024117,01782512000110,BdGeral.mdb:Geral,colunas_nomeadas
024118,08906457000171,BdGeral.mdb:Geral,colunas_nomeadas
024119,06233947000129,BdGeral.mdb:Geral,colunas_nomeadas
024120,15757215000129,BdGeral.mdb:Geral,colunas_nomeadas
024121,07959756000101,BdGeral.mdb:Geral,colunas_nomeadas
024122,10922413000187,BdGeral.mdb:Geral,colunas_nomeadas
024123,03846117000189,BdGeral.mdb:Geral,colunas_nomeadas
024125,20121003000000,BdGeral.mdb:Geral,scan_celula:DATA
024126,20121003000000,BdGeral.mdb:Geral,scan_celula:DATA
024127,10404544000172,BdGeral.mdb:Geral,colunas_nomeadas
024128,07288763000129,BdGeral.mdb:Geral,colunas_nomeadas
024129,76494459000150,BdGeral.mdb:Geral,colunas_nomeadas
024131,05476398000150,BdGeral.mdb:Geral,colunas_nomeadas
024132,01902148000184,BdGeral.mdb:Geral,colunas_nomeadas
024133,08282715000196,BdGeral.mdb:Geral,colunas_nomeadas
024135,14544262000121,BdGeral.mdb:Geral,colunas_nomeadas
024136,05726816000110,BdGeral.mdb:Geral,colunas_nomeadas
024137,11066755000296,BdGeral.mdb:Geral,colunas_nomeadas
024139,14938472000102,BdGeral.mdb:Geral,colunas_nomeadas
024141,00934809000190,BdGeral.mdb:Geral,colunas_nomeadas
024145,14341889000185,BdGeral.mdb:Geral,colunas_nomeadas
024146,04023532000103,BdGeral.mdb:Geral,colunas_nomeadas
024148,16702545000180,BdGeral.mdb:Geral,colunas_nomeadas
024149,87661062000122,BdGeral.mdb:Geral,colunas_nomeadas
024150,09289855000159,BdGeral.mdb:Geral,colunas_nomeadas
024151,02248063000197,BdGeral.mdb:Geral,colunas_nomeadas
024153,17026715000116,BdGeral.mdb:Geral,colunas_nomeadas
024155,94347770000159,BdGeral.mdb:Geral,colunas_nomeadas
024156,13708207000167,BdGeral.mdb:Geral,colunas_nomeadas
024157,15206336000182,BdGeral.mdb:Geral,colunas_nomeadas
024159,16790801000138,BdGeral.mdb:Geral,colunas_nomeadas
024160,11290698000143,BdGeral.mdb:Geral,colunas_nomeadas
024161,62637715000107,BdGeral.mdb:Geral,colunas_nomeadas
024162,00899154000248,BdGeral.mdb:Geral,colunas_nomeadas
024166,74719535000153,BdGeral.mdb:Geral,colunas_nomeadas
024167,04670117000133,BdGeral.mdb:Geral,colunas_nomeadas
024168,16637881000196,BdGeral.mdb:Geral,colunas_nomeadas
024172,10814709000184,BdGeral.mdb:Geral,colunas_nomeadas
024175,09565943000136,BdGeral.mdb:Geral,colunas_nomeadas
024176,04476882000117,BdGeral.mdb:Geral,colunas_nomeadas
024177,80313224000192,BdGeral.mdb:Geral,colunas_nomeadas
024178,15864341000182,BdGeral.mdb:Geral,colunas_nomeadas
024179,07896306000117,BdGeral.mdb:Geral,colunas_nomeadas
024180,08849889000198,BdGeral.mdb:Geral,colunas_nomeadas
024181,08335372000180,BdGeral.mdb:Geral,colunas_nomeadas
024182,05928619000184,BdGeral.mdb:Geral,colunas_nomeadas
024183,06997441000196,BdGeral.mdb:Geral,colunas_nomeadas
024184,06139650000107,BdGeral.mdb:Geral,colunas_nomeadas
024185,04945409000131,BdGeral.mdb:Geral,colunas_nomeadas
024186,16718527000196,BdGeral.mdb:Geral,colunas_nomeadas
024187,10769085000120,BdGeral.mdb:Geral,colunas_nomeadas
024189,15549846000152,BdGeral.mdb:Geral,colunas_nomeadas
024190,75487058000100,BdGeral.mdb:Geral,colunas_nomeadas
024191,17073522000116,BdGeral.mdb:Geral,colunas_nomeadas
024192,12871587000193,BdGeral.mdb:Geral,colunas_nomeadas
024194,14846719000152,BdGeral.mdb:Geral,colunas_nomeadas
024195,76736446000221,BdGeral.mdb:Geral,colunas_nomeadas
024196,01641096000130,BdGeral.mdb:Geral,colunas_nomeadas
024197,08042174000129,BdGeral.mdb:Geral,colunas_nomeadas
024199,16633367000182,BdGeral.mdb:Geral,colunas_nomeadas
024201,72459696000120,BdGeral.mdb:Geral,colunas_nomeadas
024202,15346971000165,BdGeral.mdb:Geral,colunas_nomeadas
024203,13814433000122,BdGeral.mdb:Geral,colunas_nomeadas
024204,14089158000194,BdGeral.mdb:Geral,colunas_nomeadas
024205,07052226000185,BdGeral.mdb:Geral,colunas_nomeadas
024206,15823658000170,BdGeral.mdb:Geral,colunas_nomeadas
024207,05535110000171,BdGeral.mdb:Geral,colunas_nomeadas
024208,13102236000180,BdGeral.mdb:Geral,colunas_nomeadas
024209,13498286000129,BdGeral.mdb:Geral,colunas_nomeadas
024210,12147533000180,BdGeral.mdb:Geral,colunas_nomeadas
024211,05832810000128,BdGeral.mdb:Geral,colunas_nomeadas
024212,02070157000119,BdGeral.mdb:Geral,colunas_nomeadas
024213,12749621000151,BdGeral.mdb:Geral,colunas_nomeadas
024214,13765644000112,BdGeral.mdb:Geral,colunas_nomeadas
024215,00088651000185,BdGeral.mdb:Geral,colunas_nomeadas
024216,03980847000178,BdGeral.mdb:Geral,colunas_nomeadas
024217,15692173000195,BdGeral.mdb:Geral,colunas_nomeadas
024218,04427314000126,BdGeral.mdb:Geral,colunas_nomeadas
024219,06120009000112,BdGeral.mdb:Geral,colunas_nomeadas
024220,01862370000109,BdGeral.mdb:Geral,colunas_nomeadas
024221,90627332000517,BdGeral.mdb:Geral,colunas_nomeadas
024222,03784429000105,BdGeral.mdb:Geral,colunas_nomeadas
024224,05876724000117,BdGeral.mdb:Geral,colunas_nomeadas
024225,13041739000193,BdGeral.mdb:Geral,colunas_nomeadas
024227,97553309000140,BdGeral.mdb:Geral,colunas_nomeadas
024228,17461015000150,BdGeral.mdb:Geral,colunas_nomeadas
024229,06049180000182,BdGeral.mdb:Geral,colunas_nomeadas
024230,05079776000162,BdGeral.mdb:Geral,colunas_nomeadas
024231,10963420000127,BdGeral.mdb:Geral,colunas_nomeadas
024232,17870212000122,BdGeral.mdb:Geral,colunas_nomeadas
024233,13635072000157,BdGeral.mdb:Geral,colunas_nomeadas
024234,08614277000116,BdGeral.mdb:Geral,colunas_nomeadas
024235,17747285000121,BdGeral.mdb:Geral,colunas_nomeadas
024236,09176746000125,BdGeral.mdb:Geral,colunas_nomeadas
024237,78956968004502,BdGeral.mdb:Geral,colunas_nomeadas
024238,15029470000155,BdGeral.mdb:Geral,colunas_nomeadas
024239,10462213000199,BdGeral.mdb:Geral,colunas_nomeadas
024240,01179433000119,BdGeral.mdb:Geral,colunas_nomeadas
024241,06759884000149,BdGeral.mdb:Geral,colunas_nomeadas
024242,09499049000105,BdGeral.mdb:Geral,colunas_nomeadas
024243,07832501000183,BdGeral.mdb:Geral,colunas_nomeadas
024244,09301116000135,BdGeral.mdb:Geral,colunas_nomeadas
024245,03341618000103,BdGeral.mdb:Geral,colunas_nomeadas
024246,14421263000189,BdGeral.mdb:Geral,colunas_nomeadas
024247,17897477000114,BdGeral.mdb:Geral,colunas_nomeadas
024248,07073946000127,BdGeral.mdb:Geral,colunas_nomeadas
024250,07723903000140,BdGeral.mdb:Geral,colunas_nomeadas
024251,16567981000193,BdGeral.mdb:Geral,colunas_nomeadas
024253,05446007000155,BdGeral.mdb:Geral,colunas_nomeadas
024254,07929985000183,BdGeral.mdb:Geral,colunas_nomeadas
024255,00389362000116,BdGeral.mdb:Geral,colunas_nomeadas
024256,17967784000124,BdGeral.mdb:Geral,colunas_nomeadas
024257,17270074000140,BdGeral.mdb:Geral,colunas_nomeadas
024258,03608109000102,BdGeral.mdb:Geral,colunas_nomeadas
024259,02438176000155,BdGeral.mdb:Geral,colunas_nomeadas
024260,17671911000143,BdGeral.mdb:Geral,colunas_nomeadas
024261,10728788000100,BdGeral.mdb:Geral,colunas_nomeadas
024262,07104477000166,BdGeral.mdb:Geral,colunas_nomeadas
024263,86907318000176,BdGeral.mdb:Geral,colunas_nomeadas
024264,15447780000190,BdGeral.mdb:Geral,colunas_nomeadas
024266,17854770000102,BdGeral.mdb:Geral,colunas_nomeadas
024267,10528384000173,BdGeral.mdb:Geral,colunas_nomeadas
024269,16756552000164,BdGeral.mdb:Geral,colunas_nomeadas
024270,17877588000169,BdGeral.mdb:Geral,colunas_nomeadas
024271,01972573000220,BdGeral.mdb:Geral,colunas_nomeadas
024272,01175957000131,BdGeral.mdb:Geral,colunas_nomeadas
024273,09134038000121,BdGeral.mdb:Geral,colunas_nomeadas
024274,33651993000200,BdGeral.mdb:Geral,colunas_nomeadas
024275,15202610000145,BdGeral.mdb:Geral,colunas_nomeadas
024276,05522796000247,BdGeral.mdb:Geral,colunas_nomeadas
024278,04171751000121,BdGeral.mdb:Geral,colunas_nomeadas
024279,07384950000106,BdGeral.mdb:Geral,colunas_nomeadas
024280,13988785000102,BdGeral.mdb:Geral,colunas_nomeadas
024281,18175967000170,BdGeral.mdb:Geral,colunas_nomeadas
024282,13771098000122,BdGeral.mdb:Geral,colunas_nomeadas
024283,06101244000147,BdGeral.mdb:Geral,colunas_nomeadas
024284,00198057000732,BdGeral.mdb:Geral,colunas_nomeadas
024285,00399701000145,BdGeral.mdb:Geral,colunas_nomeadas
024286,07904906000180,BdGeral.mdb:Geral,colunas_nomeadas
024287,04495554000168,BdGeral.mdb:Geral,colunas_nomeadas
024288,07210548000105,BdGeral.mdb:Geral,colunas_nomeadas
024289,00793077000166,BdGeral.mdb:Geral,colunas_nomeadas
024290,06334922000111,BdGeral.mdb:Geral,colunas_nomeadas
024291,26591305000109,BdGeral.mdb:Geral,colunas_nomeadas
024292,11333550000149,BdGeral.mdb:Geral,colunas_nomeadas
024293,13332418000148,BdGeral.mdb:Geral,colunas_nomeadas
024294,03782661000104,BdGeral.mdb:Geral,colunas_nomeadas
024295,13385487000110,BdGeral.mdb:Geral,colunas_nomeadas
024296,16994446000119,BdGeral.mdb:Geral,colunas_nomeadas
024297,18160638000155,BdGeral.mdb:Geral,colunas_nomeadas
024298,81126963000138,BdGeral.mdb:Geral,colunas_nomeadas
024299,17609497000142,BdGeral.mdb:Geral,colunas_nomeadas
024300,06192766000100,BdGeral.mdb:Geral,colunas_nomeadas
024301,05881555000103,BdGeral.mdb:Geral,colunas_nomeadas
024302,15520348000187,BdGeral.mdb:Geral,colunas_nomeadas
024304,02832906000106,BdGeral.mdb:Geral,colunas_nomeadas
024305,11901767000108,BdGeral.mdb:Geral,colunas_nomeadas
024306,34466706000165,BdGeral.mdb:Geral,colunas_nomeadas
024307,05682224000144,BdGeral.mdb:Geral,colunas_nomeadas
024308,01629618000188,BdGeral.mdb:Geral,colunas_nomeadas
024309,17176944000117,BdGeral.mdb:Geral,colunas_nomeadas
024310,92168640000123,BdGeral.mdb:Geral,colunas_nomeadas
024311,17678043000123,BdGeral.mdb:Geral,colunas_nomeadas
024313,03544614000122,BdGeral.mdb:Geral,colunas_nomeadas
024314,18116397000147,BdGeral.mdb:Geral,colunas_nomeadas
024315,18149593000118,BdGeral.mdb:Geral,colunas_nomeadas
024316,11063847000131,BdGeral.mdb:Geral,colunas_nomeadas
024317,18087024000195,BdGeral.mdb:Geral,colunas_nomeadas
024319,03694786000182,BdGeral.mdb:Geral,colunas_nomeadas
024320,02359273000233,BdGeral.mdb:Geral,colunas_nomeadas
024321,24742629000175,BdGeral.mdb:Geral,colunas_nomeadas
024322,03274481000111,BdGeral.mdb:Geral,colunas_nomeadas
024323,06923708000109,BdGeral.mdb:Geral,colunas_nomeadas
024324,15464968000146,BdGeral.mdb:Geral,colunas_nomeadas
024325,76511260000193,BdGeral.mdb:Geral,colunas_nomeadas
024326,00898402000406,BdGeral.mdb:Geral,colunas_nomeadas
024327,17516615000178,BdGeral.mdb:Geral,colunas_nomeadas
024328,07647619000131,BdGeral.mdb:Geral,colunas_nomeadas
024329,17819703000149,BdGeral.mdb:Geral,colunas_nomeadas
024330,14003425000169,BdGeral.mdb:Geral,colunas_nomeadas
024331,18213212000112,BdGeral.mdb:Geral,colunas_nomeadas
024332,08648106000108,BdGeral.mdb:Geral,colunas_nomeadas
024333,14724886000120,BdGeral.mdb:Geral,colunas_nomeadas
024334,48539407007392,BdGeral.mdb:Geral,colunas_nomeadas
024335,04530001000107,BdGeral.mdb:Geral,colunas_nomeadas
024336,18238763000130,BdGeral.mdb:Geral,colunas_nomeadas
024337,18150880000148,BdGeral.mdb:Geral,colunas_nomeadas
024338,83475913000272,BdGeral.mdb:Geral,colunas_nomeadas
024339,09263126000123,BdGeral.mdb:Geral,colunas_nomeadas
024342,18517150000132,BdGeral.mdb:Geral,colunas_nomeadas
024343,13982918000125,BdGeral.mdb:Geral,colunas_nomeadas
024344,82247198000177,BdGeral.mdb:Geral,colunas_nomeadas
024345,84631209000143,BdGeral.mdb:Geral,colunas_nomeadas
024347,38992327000160,BdGeral.mdb:Geral,colunas_nomeadas
024349,09256687000103,BdGeral.mdb:Geral,colunas_nomeadas
024350,85777217000670,BdGeral.mdb:Geral,colunas_nomeadas
024351,10839895000106,BdGeral.mdb:Geral,colunas_nomeadas
024353,10660042000102,BdGeral.mdb:Geral,colunas_nomeadas
024354,01492039000136,BdGeral.mdb:Geral,colunas_nomeadas
024355,18371681000160,BdGeral.mdb:Geral,colunas_nomeadas
024356,94477288000133,BdGeral.mdb:Geral,colunas_nomeadas
024357,18352960000186,BdGeral.mdb:Geral,colunas_nomeadas
024359,07425562000126,BdGeral.mdb:Geral,colunas_nomeadas
024360,03096641000180,BdGeral.mdb:Geral,colunas_nomeadas
024361,26538777000106,BdGeral.mdb:Geral,colunas_nomeadas
024362,08751955000192,BdGeral.mdb:Geral,colunas_nomeadas
024363,00927013000100,BdGeral.mdb:Geral,colunas_nomeadas
024364,34746230000116,BdGeral.mdb:Geral,colunas_nomeadas
024365,37506102000193,BdGeral.mdb:Geral,colunas_nomeadas
024366,12658049000115,BdGeral.mdb:Geral,colunas_nomeadas
024367,07955430000106,BdGeral.mdb:Geral,colunas_nomeadas
024368,11247117000190,BdGeral.mdb:Geral,colunas_nomeadas
024369,15444904000183,BdGeral.mdb:Geral,colunas_nomeadas
024370,07242947000158,BdGeral.mdb:Geral,colunas_nomeadas
024371,18281894000109,BdGeral.mdb:Geral,colunas_nomeadas
024372,18534915000142,BdGeral.mdb:Geral,colunas_nomeadas
024373,18422461000118,BdGeral.mdb:Geral,colunas_nomeadas
024375,11430577000150,BdGeral.mdb:Geral,colunas_nomeadas
024376,14795275000173,BdGeral.mdb:Geral,colunas_nomeadas
024377,05013850000148,BdGeral.mdb:Geral,colunas_nomeadas
024378,18653313000104,BdGeral.mdb:Geral,colunas_nomeadas
024379,02575973000184,BdGeral.mdb:Geral,colunas_nomeadas
024380,14187721000167,BdGeral.mdb:Geral,colunas_nomeadas
024382,12343019000110,BdGeral.mdb:Geral,colunas_nomeadas
024383,03102779000144,BdGeral.mdb:Geral,colunas_nomeadas
024384,00340198000152,BdGeral.mdb:Geral,colunas_nomeadas
024385,76505411000109,BdGeral.mdb:Geral,colunas_nomeadas
024386,06314665000237,BdGeral.mdb:Geral,colunas_nomeadas
024389,89984934000119,BdGeral.mdb:Geral,colunas_nomeadas
024391,14020383000174,BdGeral.mdb:Geral,colunas_nomeadas
024393,18111562000178,BdGeral.mdb:Geral,colunas_nomeadas
024394,44984490000426,BdGeral.mdb:Geral,colunas_nomeadas
024395,93480382000189,BdGeral.mdb:Geral,colunas_nomeadas
024396,16580639000123,BdGeral.mdb:Geral,colunas_nomeadas
024397,09313574000194,BdGeral.mdb:Geral,colunas_nomeadas
024398,10588530000156,BdGeral.mdb:Geral,colunas_nomeadas
024399,17903613000131,BdGeral.mdb:Geral,colunas_nomeadas
024400,10633983000157,BdGeral.mdb:Geral,colunas_nomeadas
024402,01506081000169,BdGeral.mdb:Geral,colunas_nomeadas
024403,08866737000101,BdGeral.mdb:Geral,colunas_nomeadas
024404,16595172000195,BdGeral.mdb:Geral,colunas_nomeadas
024405,14266775000118,BdGeral.mdb:Geral,colunas_nomeadas
024406,07337863000106,BdGeral.mdb:Geral,colunas_nomeadas
024407,18880116000128,BdGeral.mdb:Geral,colunas_nomeadas
024408,05596149000107,BdGeral.mdb:Geral,colunas_nomeadas
024409,08182346000160,BdGeral.mdb:Geral,colunas_nomeadas
024410,37216363000250,BdGeral.mdb:Geral,colunas_nomeadas
024411,83744904000159,BdGeral.mdb:Geral,colunas_nomeadas
024413,14724811000140,BdGeral.mdb:Geral,colunas_nomeadas
024414,52748597000150,BdGeral.mdb:Geral,colunas_nomeadas
024417,16839062000121,BdGeral.mdb:Geral,colunas_nomeadas
024418,10554925000138,BdGeral.mdb:Geral,colunas_nomeadas
024419,05886493000122,BdGeral.mdb:Geral,colunas_nomeadas
024420,79456943000183,BdGeral.mdb:Geral,colunas_nomeadas
024421,84812361000122,BdGeral.mdb:Geral,colunas_nomeadas
024422,02708439000107,BdGeral.mdb:Geral,colunas_nomeadas
024423,07321707000149,BdGeral.mdb:Geral,colunas_nomeadas
024424,19044045000196,BdGeral.mdb:Geral,colunas_nomeadas
024425,17978611000101,BdGeral.mdb:Geral,colunas_nomeadas
024426,24700148000105,BdGeral.mdb:Geral,colunas_nomeadas
024427,05681837000167,BdGeral.mdb:Geral,colunas_nomeadas
024428,17725726000194,BdGeral.mdb:Geral,colunas_nomeadas
024429,78579133000151,BdGeral.mdb:Geral,colunas_nomeadas
024431,10970339000174,BdGeral.mdb:Geral,colunas_nomeadas
024432,55889075000167,BdGeral.mdb:Geral,colunas_nomeadas
024434,10827979000120,BdGeral.mdb:Geral,colunas_nomeadas
024435,15688299000196,BdGeral.mdb:Geral,colunas_nomeadas
024436,16616950000185,BdGeral.mdb:Geral,colunas_nomeadas
024437,12905984000139,BdGeral.mdb:Geral,colunas_nomeadas
024438,10664983000114,BdGeral.mdb:Geral,colunas_nomeadas
024439,11994269000157,BdGeral.mdb:Geral,colunas_nomeadas
024440,90838046000177,BdGeral.mdb:Geral,colunas_nomeadas
024441,03204091000175,BdGeral.mdb:Geral,colunas_nomeadas
024442,04278136000119,BdGeral.mdb:Geral,colunas_nomeadas
024443,05552367000131,BdGeral.mdb:Geral,colunas_nomeadas
024444,02247940000105,BdGeral.mdb:Geral,colunas_nomeadas
024446,82844408000104,BdGeral.mdb:Geral,colunas_nomeadas
024449,14965553000193,BdGeral.mdb:Geral,colunas_nomeadas
024451,20170724000000,BdGeral.mdb:Geral,scan_celula:CLIP_CD
024452,05740076000177,BdGeral.mdb:Geral,colunas_nomeadas
024453,18418803000126,BdGeral.mdb:Geral,colunas_nomeadas
024455,02359273000152,BdGeral.mdb:Geral,colunas_nomeadas
024456,03756177000100,BdGeral.mdb:Geral,colunas_nomeadas
024457,10717146000106,BdGeral.mdb:Geral,colunas_nomeadas
024458,00570090000156,BdGeral.mdb:Geral,colunas_nomeadas
024459,18811858000100,BdGeral.mdb:Geral,colunas_nomeadas
024460,55261226000138,BdGeral.mdb:Geral,colunas_nomeadas
024461,18958291000190,BdGeral.mdb:Geral,colunas_nomeadas
024468,00220982000127,BdGeral.mdb:Geral,colunas_nomeadas
024469,18983820000106,BdGeral.mdb:Geral,colunas_nomeadas
024470,15278221000101,BdGeral.mdb:Geral,colunas_nomeadas
024472,02189805000150,BdGeral.mdb:Geral,colunas_nomeadas
024473,16492536000101,BdGeral.mdb:Geral,colunas_nomeadas
024474,11507446000123,BdGeral.mdb:Geral,colunas_nomeadas
024476,17704431000131,BdGeral.mdb:Geral,colunas_nomeadas
024477,00396146000106,BdGeral.mdb:Geral,colunas_nomeadas
024478,09436475000108,BdGeral.mdb:Geral,colunas_nomeadas
024479,09129391000113,BdGeral.mdb:Geral,colunas_nomeadas
024480,11804459000164,BdGeral.mdb:Geral,colunas_nomeadas
024481,19423782000108,BdGeral.mdb:Geral,colunas_nomeadas
024484,08013648000104,BdGeral.mdb:Geral,colunas_nomeadas
024485,12701956000108,BdGeral.mdb:Geral,colunas_nomeadas
024486,20140203000000,BdGeral.mdb:Geral,scan_celula:DATA
024487,18736494000132,BdGeral.mdb:Geral,colunas_nomeadas
024488,19072105000184,BdGeral.mdb:Geral,colunas_nomeadas
024489,84692144000146,BdGeral.mdb:Geral,colunas_nomeadas
024490,46772414000130,BdGeral.mdb:Geral,colunas_nomeadas
024491,45682325000130,BdGeral.mdb:Geral,colunas_nomeadas
024492,18299090000129,BdGeral.mdb:Geral,colunas_nomeadas
024495,71305155000184,BdGeral.mdb:Geral,colunas_nomeadas
024496,01493100000160,BdGeral.mdb:Geral,colunas_nomeadas
024497,14710716000197,BdGeral.mdb:Geral,colunas_nomeadas
024498,19609579000112,BdGeral.mdb:Geral,colunas_nomeadas
024499,19486771000169,BdGeral.mdb:Geral,colunas_nomeadas
024501,04896796000163,BdGeral.mdb:Geral,colunas_nomeadas
024502,89142103000108,BdGeral.mdb:Geral,colunas_nomeadas
024503,18558790000190,BdGeral.mdb:Geral,colunas_nomeadas
024504,17838254000186,BdGeral.mdb:Geral,colunas_nomeadas
024505,82584764000136,BdGeral.mdb:Geral,colunas_nomeadas
024507,15239295000120,BdGeral.mdb:Geral,colunas_nomeadas
024508,05258300000199,BdGeral.mdb:Geral,colunas_nomeadas
024509,17566736000124,BdGeral.mdb:Geral,colunas_nomeadas
024510,08271164000165,BdGeral.mdb:Geral,colunas_nomeadas
024511,12150234000102,BdGeral.mdb:Geral,colunas_nomeadas
024512,02466142000174,BdGeral.mdb:Geral,colunas_nomeadas
024513,81304727000750,BdGeral.mdb:Geral,colunas_nomeadas
024514,07094666000103,BdGeral.mdb:Geral,colunas_nomeadas
024515,17998088000185,BdGeral.mdb:Geral,colunas_nomeadas
024516,88610191003927,BdGeral.mdb:Geral,colunas_nomeadas
024517,12778024000155,BdGeral.mdb:Geral,colunas_nomeadas
024519,05063653000133,BdGeral.mdb:Geral,colunas_nomeadas
024520,18182355000104,BdGeral.mdb:Geral,colunas_nomeadas
024521,11009159000193,BdGeral.mdb:Geral,colunas_nomeadas
024522,04990563000206,BdGeral.mdb:Geral,colunas_nomeadas
024523,07009769000209,BdGeral.mdb:Geral,colunas_nomeadas
024524,07075744000114,BdGeral.mdb:Geral,colunas_nomeadas
024525,10518542000104,BdGeral.mdb:Geral,colunas_nomeadas
024526,12487885000184,BdGeral.mdb:Geral,colunas_nomeadas
024529,94373685000165,BdGeral.mdb:Geral,colunas_nomeadas
024530,10557442000197,BdGeral.mdb:Geral,colunas_nomeadas
024531,03442182000149,BdGeral.mdb:Geral,colunas_nomeadas
024533,02776570000101,BdGeral.mdb:Geral,colunas_nomeadas
024534,15312612000197,BdGeral.mdb:Geral,colunas_nomeadas
024535,03345641000338,BdGeral.mdb:Geral,colunas_nomeadas
024536,79863569000726,BdGeral.mdb:Geral,colunas_nomeadas
024538,17469383000144,BdGeral.mdb:Geral,colunas_nomeadas
024539,10214233000140,BdGeral.mdb:Geral,colunas_nomeadas
024542,76480185000140,BdGeral.mdb:Geral,colunas_nomeadas
024543,09011322000100,BdGeral.mdb:Geral,colunas_nomeadas
024545,08296553000145,BdGeral.mdb:Geral,colunas_nomeadas
024547,76407014000358,BdGeral.mdb:Geral,colunas_nomeadas
024548,01252405000180,BdGeral.mdb:Geral,colunas_nomeadas
024549,18252342000164,BdGeral.mdb:Geral,colunas_nomeadas
024550,20140519000000,BdGeral.mdb:Geral,scan_celula:DATA
024551,12988935000107,BdGeral.mdb:Geral,colunas_nomeadas
024552,14310143000104,BdGeral.mdb:Geral,colunas_nomeadas
024553,04047818000110,BdGeral.mdb:Geral,colunas_nomeadas
024554,13888470000185,BdGeral.mdb:Geral,colunas_nomeadas
024555,08055928000185,BdGeral.mdb:Geral,colunas_nomeadas
024556,04657794000111,BdGeral.mdb:Geral,colunas_nomeadas
024559,19592909000104,BdGeral.mdb:Geral,colunas_nomeadas
024561,78357969001000,BdGeral.mdb:Geral,colunas_nomeadas
024563,16436486000145,BdGeral.mdb:Geral,colunas_nomeadas
024565,19944616000149,BdGeral.mdb:Geral,colunas_nomeadas
024566,20009886000141,BdGeral.mdb:Geral,colunas_nomeadas
024567,17559955000186,BdGeral.mdb:Geral,colunas_nomeadas
024568,07903169001768,BdGeral.mdb:Geral,colunas_nomeadas
024569,04688192000121,BdGeral.mdb:Geral,colunas_nomeadas
024571,54418660000116,BdGeral.mdb:Geral,colunas_nomeadas
024572,18975845000168,BdGeral.mdb:Geral,colunas_nomeadas
024574,16912089000100,BdGeral.mdb:Geral,colunas_nomeadas
024575,17967296000117,BdGeral.mdb:Geral,colunas_nomeadas
024576,36949790000101,BdGeral.mdb:Geral,colunas_nomeadas
024577,12649094000103,BdGeral.mdb:Geral,colunas_nomeadas
024578,20281019000160,BdGeral.mdb:Geral,colunas_nomeadas
024581,13674404000102,BdGeral.mdb:Geral,colunas_nomeadas
024582,01012577000186,BdGeral.mdb:Geral,colunas_nomeadas
024583,19160640000197,BdGeral.mdb:Geral,colunas_nomeadas
024585,04124908000168,BdGeral.mdb:Geral,colunas_nomeadas
024587,20192270000159,BdGeral.mdb:Geral,colunas_nomeadas
024590,18564032000185,BdGeral.mdb:Geral,colunas_nomeadas
024592,12078157000119,BdGeral.mdb:Geral,colunas_nomeadas
024593,09296688000173,BdGeral.mdb:Geral,colunas_nomeadas
024594,11158081000179,BdGeral.mdb:Geral,colunas_nomeadas
024595,20315592000148,BdGeral.mdb:Geral,colunas_nomeadas
024596,07365744000159,BdGeral.mdb:Geral,colunas_nomeadas
024597,10790804000195,BdGeral.mdb:Geral,colunas_nomeadas
024598,11066755000377,BdGeral.mdb:Geral,colunas_nomeadas
024599,56139066000626,BdGeral.mdb:Geral,colunas_nomeadas
024600,15683486000187,BdGeral.mdb:Geral,colunas_nomeadas
024601,06074185000165,BdGeral.mdb:Geral,colunas_nomeadas
024602,06234143000578,BdGeral.mdb:Geral,colunas_nomeadas
024603,17561466000169,BdGeral.mdb:Geral,colunas_nomeadas
024604,14413992000193,BdGeral.mdb:Geral,colunas_nomeadas
024606,20411130000124,BdGeral.mdb:Geral,colunas_nomeadas
024607,00577103000119,BdGeral.mdb:Geral,colunas_nomeadas
024608,20802066000102,BdGeral.mdb:Geral,colunas_nomeadas
024610,06949525000154,BdGeral.mdb:Geral,colunas_nomeadas
024611,07150434000117,BdGeral.mdb:Geral,colunas_nomeadas
024612,15524645000109,BdGeral.mdb:Geral,colunas_nomeadas
024614,04890806000153,BdGeral.mdb:Geral,colunas_nomeadas
024615,19166501000170,BdGeral.mdb:Geral,colunas_nomeadas
024616,07577726000130,BdGeral.mdb:Geral,colunas_nomeadas
024619,20155698000121,BdGeral.mdb:Geral,colunas_nomeadas
024621,19096415000139,BdGeral.mdb:Geral,colunas_nomeadas
024622,19269462000137,BdGeral.mdb:Geral,colunas_nomeadas
024623,12106617000175,BdGeral.mdb:Geral,colunas_nomeadas
024624,11243356000172,BdGeral.mdb:Geral,colunas_nomeadas
024625,19375439000127,BdGeral.mdb:Geral,colunas_nomeadas
024626,09495448000106,BdGeral.mdb:Geral,colunas_nomeadas
024627,10346621000185,BdGeral.mdb:Geral,colunas_nomeadas
024629,75095679000149,BdGeral.mdb:Geral,colunas_nomeadas
024630,18907149000114,BdGeral.mdb:Geral,colunas_nomeadas
024631,19984282000137,BdGeral.mdb:Geral,colunas_nomeadas
024632,09266005000135,BdGeral.mdb:Geral,colunas_nomeadas
024634,08684773000146,BdGeral.mdb:Geral,colunas_nomeadas
024635,18011402000157,BdGeral.mdb:Geral,colunas_nomeadas
024636,06927739000120,BdGeral.mdb:Geral,colunas_nomeadas
024637,21104190000167,BdGeral.mdb:Geral,colunas_nomeadas
024639,04107111000152,BdGeral.mdb:Geral,colunas_nomeadas
024640,12026706000101,BdGeral.mdb:Geral,colunas_nomeadas
024641,14962369000190,BdGeral.mdb:Geral,colunas_nomeadas
024642,09163597000160,BdGeral.mdb:Geral,colunas_nomeadas
024643,66703745000125,BdGeral.mdb:Geral,colunas_nomeadas
024644,10725256000110,BdGeral.mdb:Geral,colunas_nomeadas
024646,20686941000138,BdGeral.mdb:Geral,colunas_nomeadas
024647,03663852000157,BdGeral.mdb:Geral,colunas_nomeadas
024648,04887619000110,BdGeral.mdb:Geral,colunas_nomeadas
024649,11821247000195,BdGeral.mdb:Geral,colunas_nomeadas
024650,09201296000183,BdGeral.mdb:Geral,colunas_nomeadas
024652,09118959000109,BdGeral.mdb:Geral,colunas_nomeadas
024653,19345845000147,BdGeral.mdb:Geral,colunas_nomeadas
024654,05094963000115,BdGeral.mdb:Geral,colunas_nomeadas
024655,03331356000104,BdGeral.mdb:Geral,colunas_nomeadas
024656,11927650000101,BdGeral.mdb:Geral,colunas_nomeadas
024657,20083081000148,BdGeral.mdb:Geral,colunas_nomeadas
024658,19161689000164,BdGeral.mdb:Geral,colunas_nomeadas
024659,27575950000281,BdGeral.mdb:Geral,colunas_nomeadas
024660,07903169000109,BdGeral.mdb:Geral,colunas_nomeadas
024662,15470462000140,BdGeral.mdb:Geral,colunas_nomeadas
024663,15126870000189,BdGeral.mdb:Geral,colunas_nomeadas
024665,90471061000120,BdGeral.mdb:Geral,colunas_nomeadas
024666,20193121000104,BdGeral.mdb:Geral,colunas_nomeadas
024667,20461712000115,BdGeral.mdb:Geral,colunas_nomeadas
024668,19785752000133,BdGeral.mdb:Geral,colunas_nomeadas
024669,18580413000158,BdGeral.mdb:Geral,colunas_nomeadas
024670,17393654000125,BdGeral.mdb:Geral,colunas_nomeadas
027027,20100215000000,Movime2.mdb:ComissoesPagas,scan_celula:PGTO
027029,02702904012010,Movime2.mdb:ComissoesPagas,scan_celula:PROV
027043,20100305000000,Movime2.mdb:ComissoesPagas,scan_celula:PGTO
027053,20100215000000,Movime2.mdb:ComissoesPagas,scan_celula:PGTO
027055,20100215000000,Movime2.mdb:ComissoesPagas,scan_celula:PGTO
027095,20100215000000,Movime2.mdb:ComissoesPagas,scan_celula:PGTO
027101,20100224000000,Movime2.mdb:ComissoesPagas,scan_celula:PGTO
027121,20100215000000,Movime2.mdb:ComissoesPagas,scan_celula:PGTO
027152,20100215000000,Movime2.mdb:ComissoesPagas,scan_celula:PGTO
027162,02716214012010,Movime2.mdb:ComissoesPagas,scan_celula:PROV
027174,20100215000000,Movime2.mdb:PagarReceber,scan_celula:VECT
027175,20100215000000,Movime2.mdb:PagarReceber,scan_celula:VECT
027176,20100215000000,Movime2.mdb:PagarReceber,scan_celula:VECT
027177,20100215000000,Movime2.mdb:PagarReceber,scan_celula:VECT
027178,20100305000000,Movime2.mdb:ComissoesPagas,scan_celula:PGTO
027179,20100215000000,Movime2.mdb:PagarReceber,scan_celula:VECT
027180,20100215000000,Movime2.mdb:PagarReceber,scan_celula:VECT
027181,20100215000000,Movime2.mdb:PagarReceber,scan_celula:VECT
027182,20100215000000,Movime2.mdb:PagarReceber,scan_celula:VECT
027183,20100215000000,Movime2.mdb:PagarReceber,scan_celula:VECT
027184,20100215000000,Movime2.mdb:PagarReceber,scan_celula:VECT
027224,20100224000000,Movime2.mdb:ComissoesPagas,scan_celula:PGTO
027236,20100504000000,Movime2.mdb:PagarReceber,scan_celula:PGTO
027242,20100224000000,Movime2.mdb:PagarReceber,scan_celula:VECT
027244,20100224000000,Movime2.mdb:PagarReceber,scan_celula:VECT
027245,20100224000000,Movime2.mdb:PagarReceber,scan_celula:VECT
027246,20100224000000,Movime2.mdb:PagarReceber,scan_celula:VECT
027247,20100224000000,Movime2.mdb:PagarReceber,scan_celula:VECT
027248,20100224000000,Movime2.mdb:PagarReceber,scan_celula:VECT
027249,20100224000000,Movime2.mdb:PagarReceber,scan_celula:VECT
027250,20100224000000,Movime2.mdb:PagarReceber,scan_celula:VECT
027251,20100224000000,Movime2.mdb:PagarReceber,scan_celula:VECT
027252,20100224000000,Movime2.mdb:PagarReceber,scan_celula:VECT
027253,20100224000000,Movime2.mdb:PagarReceber,scan_celula:VECT
027254,20100224000000,Movime2.mdb:PagarReceber,scan_celula:VECT
027255,20100224000000,Movime2.mdb:PagarReceber,scan_celula:VECT
027256,20100224000000,Movime2.mdb:PagarReceber,scan_celula:VECT
027257,20100224000000,Movime2.mdb:PagarReceber,scan_celula:VECT
027258,20100224000000,Movime2.mdb:PagarReceber,scan_celula:VECT
027269,02726926012010,Movime2.mdb:ComissoesPagas,scan_celula:PROV
027287,20100305000000,Movime2.mdb:ComissoesPagas,scan_celula:PGTO
027328,20100504000000,Movime2.mdb:ComissoesPagas,scan_celula:PGTO
027332,20100224000000,Movime2.mdb:ComissoesPagas,scan_celula:PGTO
027342,20100305000000,Movime2.mdb:PagarReceber,scan_celula:VECT
027343,20100305000000,Movime2.mdb:PagarReceber,scan_celula:VECT
027344,20100305000000,Movime2.mdb:PagarReceber,scan_celula:VECT
027345,20100305000000,Movime2.mdb:PagarReceber,scan_celula:VECT
027346,20100305000000,Movime2.mdb:PagarReceber,scan_celula:VECT
027347,20100305000000,Movime2.mdb:PagarReceber,scan_celula:VECT
027348,20100305000000,Movime2.mdb:ComissoesPagas,scan_celula:PGTO
027349,02734903022010,Movime2.mdb:ComissoesPagas,scan_celula:PROV
027350,20100305000000,Movime2.mdb:ComissoesPagas,scan_celula:PGTO
027353,02735304022010,Movime2.mdb:ComissoesPagas,scan_celula:PROV
027363,20100423000000,Movime2.mdb:ComissoesPagas,scan_celula:PGTO
027367,20100601000000,Movime2.mdb:ComissoesPagas,scan_celula:PGTO
027387,20100520000000,Movime2.mdb:ComissoesPagas,scan_celula:PGTO
027400,20100215000000,Movime2.mdb:PagarReceber,scan_celula:DTPG
027403,20100504000000,Movime2.mdb:ComissoesPagas,scan_celula:PGTO
027408,20100215000000,Movime2.mdb:PagarReceber,scan_celula:DTPG
027424,02742412022010,Movime2.mdb:ComissoesPagas,scan_celula:PROV
027434,20100215000000,Movime2.mdb:PagarReceber,scan_celula:DATA
027435,20100215000000,Movime2.mdb:PagarReceber,scan_celula:DATA
027436,20100215000000,Movime2.mdb:ComissoesPagas,scan_celula:DATA
027437,20100215000000,Movime2.mdb:ComissoesPagas,scan_celula:DATA
027438,20100215000000,Movime2.mdb:ComissoesPagas,scan_celula:DATA
027439,20100215000000,Movime2.mdb:ComissoesPagas,scan_celula:DATA
027440,20100215000000,Movime2.mdb:ComissoesPagas,scan_celula:DATA
027441,20100215000000,Movime2.mdb:ComissoesPagas,scan_celula:DATA
027442,20100215000000,Movime2.mdb:ComissoesPagas,scan_celula:DATA
027443,20100215000000,Movime2.mdb:PagarReceber,scan_celula:DATA
027444,20100215000000,Movime2.mdb:PagarReceber,scan_celula:DATA
027445,02744515022010,Movime2.mdb:ComissoesPagas,scan_celula:PROV
027446,20100215000000,Movime2.mdb:PagarReceber,scan_celula:DATA
027447,20100215000000,Movime2.mdb:PagarReceber,scan_celula:DATA
027448,20100215000000,Movime2.mdb:ComissoesPagas,scan_celula:DATA
027449,20100215000000,Movime2.mdb:ComissoesPagas,scan_celula:DATA
027474,20100224000000,Movime2.mdb:PagarReceber,scan_celula:DTPG
027475,20100224000000,Movime2.mdb:PagarReceber,scan_celula:DTPG
027476,20100224000000,Movime2.mdb:PagarReceber,scan_celula:DTPG
027479,20100224000000,Movime2.mdb:PagarReceber,scan_celula:DTPG
027495,20100423000000,Movime2.mdb:ComissoesPagas,scan_celula:PGTO
027499,02749922022010,Movime2.mdb:ComissoesPagas,scan_celula:PROV
027502,20100224000000,Movime2.mdb:PagarReceber,scan_celula:DTPG
027520,02752024022010,Movime2.mdb:PagarReceber,scan_celula:COMP
027521,20100224000000,Movime2.mdb:PagarReceber,scan_celula:DATA
027522,20100224000000,Movime2.mdb:ComissoesPagas,scan_celula:DATA
027523,20100224000000,Movime2.mdb:ComissoesPagas,scan_celula:DATA
027524,20100224000000,Movime2.mdb:ComissoesPagas,scan_celula:DATA
027525,20100224000000,Movime2.mdb:ComissoesPagas,scan_celula:DATA
027526,20100224000000,Movime2.mdb:ComissoesPagas,scan_celula:DATA
027527,20100224000000,Movime2.mdb:ComissoesPagas,scan_celula:DATA
027555,20100305000000,Movime2.mdb:PagarReceber,scan_celula:DTPG
027564,20100305000000,Movime2.mdb:PagarReceber,scan_celula:DTPG
027573,20100305000000,Movime2.mdb:PagarReceber,scan_celula:DTPG
027582,20100305000000,Movime2.mdb:PagarReceber,scan_celula:DTPG
027583,20100305000000,Movime2.mdb:PagarReceber,scan_celula:DTPG
027584,20100305000000,Movime2.mdb:PagarReceber,scan_celula:DTPG
027606,20100520000000,Movime2.mdb:ComissoesPagas,scan_celula:PGTO
027612,20100305000000,Movime2.mdb:PagarReceber,scan_celula:DATA
027613,20100305000000,Movime2.mdb:PagarReceber,scan_celula:DATA
027614,20100305000000,Movime2.mdb:PagarReceber,scan_celula:DATA
027615,20100305000000,Movime2.mdb:ComissoesPagas,scan_celula:DATA
027616,20100305000000,Movime2.mdb:PagarReceber,scan_celula:DATA
027617,20100305000000,Movime2.mdb:ComissoesPagas,scan_celula:DATA
027618,20100305000000,Movime2.mdb:ComissoesPagas,scan_celula:DATA
027619,20100305000000,Movime2.mdb:ComissoesPagas,scan_celula:DATA
027620,20100305000000,Movime2.mdb:ComissoesPagas,scan_celula:DATA
027621,20100305000000,Movime2.mdb:ComissoesPagas,scan_celula:DATA
027622,20100305000000,Movime2.mdb:ComissoesPagas,scan_celula:DATA
027623,20100305000000,Movime2.mdb:ComissoesPagas,scan_celula:DATA
027632,20100423000000,Movime2.mdb:ComissoesPagas,scan_celula:PGTO
027701,20100423000000,Movime2.mdb:ComissoesPagas,scan_celula:PGTO
027743,52724998474121,Movime2.mdb:ComissoesPagas,scan_celula:VLCM
027760,20100423000000,Movime2.mdb:ComissoesPagas,scan_celula:PGTO
027770,20100423000000,Movime2.mdb:ComissoesPagas,scan_celula:PGTO
027779,20100423000000,Movime2.mdb:ComissoesPagas,scan_celula:PGTO
027783,20100423000000,Movime2.mdb:ComissoesPagas,scan_celula:PGTO
027799,20100520000000,Movime2.mdb:ComissoesPagas,scan_celula:PGTO
027805,20100423000000,Movime2.mdb:PagarReceber,scan_celula:VECT
027806,20100423000000,Movime2.mdb:PagarReceber,scan_celula:VECT
027807,20100423000000,Movime2.mdb:PagarReceber,scan_celula:VECT
027808,20100423000000,Movime2.mdb:PagarReceber,scan_celula:VECT
027809,20100423000000,Movime2.mdb:PagarReceber,scan_celula:VECT
027810,20100423000000,Movime2.mdb:PagarReceber,scan_celula:VECT
027811,20100423000000,Movime2.mdb:PagarReceber,scan_celula:VECT
027812,20100423000000,Movime2.mdb:PagarReceber,scan_celula:VECT
027813,20100423000000,Movime2.mdb:PagarReceber,scan_celula:VECT
027814,20100423000000,Movime2.mdb:PagarReceber,scan_celula:VECT
027815,20100423000000,Movime2.mdb:PagarReceber,scan_celula:VECT
027816,20100423000000,Movime2.mdb:PagarReceber,scan_celula:VECT
027817,20100423000000,Movime2.mdb:PagarReceber,scan_celula:VECT
027818,20100423000000,Movime2.mdb:PagarReceber,scan_celula:VECT
027819,20100423000000,Movime2.mdb:PagarReceber,scan_celula:VECT
027841,20100504000000,Movime2.mdb:PagarReceber,scan_celula:PGTO
027848,02784827032010,Movime2.mdb:ComissoesPagas,scan_celula:PROV
027866,02786630032010,Movime2.mdb:ComissoesPagas,scan_celula:PROV
027870,02787031032010,Movime2.mdb:PagarReceber,scan_celula:COMP
027872,20100601000000,Movime2.mdb:PagarReceber,scan_celula:PGTO
027878,20100601000000,Movime2.mdb:ComissoesPagas,scan_celula:PGTO
027902,20100520000000,Movime2.mdb:ComissoesPagas,scan_celula:PGTO
027958,02795812042010,Movime2.mdb:ComissoesPagas,scan_celula:PROV
027962,02796213042010,Movime2.mdb:PagarReceber,scan_celula:COMP
027965,20100601000000,Movime2.mdb:PagarReceber,scan_celula:PGTO
028002,76509611000393,BdGeral.mdb:Geral,colunas_nomeadas
028003,76509611000121,BdGeral.mdb:Geral,colunas_nomeadas
028004,01746614000180,BdGeral.mdb:Geral,colunas_nomeadas
028010,06160418000142,BdGeral.mdb:Geral,colunas_nomeadas
028011,05346426000204,BdGeral.mdb:Geral,colunas_nomeadas
028012,78334380000198,BdGeral.mdb:Geral,colunas_nomeadas
028013,00874014000134,BdGeral.mdb:Geral,colunas_nomeadas
028015,07853894000101,BdGeral.mdb:Geral,colunas_nomeadas
028016,06234143000306,BdGeral.mdb:Geral,colunas_nomeadas
028022,02802216042010,Movime2.mdb:ComissoesPagas,scan_celula:PROV
028027,20080407000000,BdGeral.mdb:Geral,scan_celula:DATA
028028,81068629000175,BdGeral.mdb:Geral,colunas_nomeadas
028030,01919348000140,BdGeral.mdb:Geral,colunas_nomeadas
028031,20100520000000,Movime2.mdb:PagarReceber,scan_celula:PGTO
028032,20100520000000,Movime2.mdb:PagarReceber,scan_celula:PGTO
028036,02064972000175,BdGeral.mdb:Geral,colunas_nomeadas
028037,91061036000130,BdGeral.mdb:Geral,colunas_nomeadas
028044,68703834000105,BdGeral.mdb:Geral,colunas_nomeadas
028045,80105133000161,BdGeral.mdb:Geral,colunas_nomeadas
028046,20100520000000,Movime2.mdb:PagarReceber,scan_celula:VECT
028047,20100520000000,Movime2.mdb:PagarReceber,scan_celula:VECT
028048,20100520000000,Movime2.mdb:PagarReceber,scan_celula:VECT
028049,20100520000000,Movime2.mdb:PagarReceber,scan_celula:VECT
028051,20100520000000,Movime2.mdb:PagarReceber,scan_celula:VECT
028052,20100520000000,Movime2.mdb:PagarReceber,scan_celula:VECT
028053,20100520000000,Movime2.mdb:PagarReceber,scan_celula:VECT
028054,20100520000000,Movime2.mdb:PagarReceber,scan_celula:VECT
028055,02805520042010,Movime2.mdb:ComissoesPagas,scan_celula:PROV
028056,20100520000000,Movime2.mdb:PagarReceber,scan_celula:VECT
028057,20100520000000,Movime2.mdb:PagarReceber,scan_celula:VECT
028058,20100520000000,Movime2.mdb:PagarReceber,scan_celula:VECT
028059,20100520000000,Movime2.mdb:PagarReceber,scan_celula:VECT
028060,20100520000000,Movime2.mdb:PagarReceber,scan_celula:VECT
028064,02175428000109,BdGeral.mdb:Geral,colunas_nomeadas
028072,92376771000104,BdGeral.mdb:Geral,colunas_nomeadas
028073,01591198000198,BdGeral.mdb:Geral,colunas_nomeadas
028074,20100423000000,Movime2.mdb:PagarReceber,scan_celula:DATA
028075,20100423000000,Movime2.mdb:PagarReceber,scan_celula:DATA
028076,02807623042010,Movime2.mdb:ComissoesPagas,scan_celula:PROV
028077,20100423000000,Movime2.mdb:ComissoesPagas,scan_celula:DATA
028078,20100423000000,Movime2.mdb:ComissoesPagas,scan_celula:DATA
028079,20100423000000,Movime2.mdb:ComissoesPagas,scan_celula:DATA
028080,20100423000000,Movime2.mdb:ComissoesPagas,scan_celula:DATA
028081,20100423000000,Movime2.mdb:ComissoesPagas,scan_celula:DATA
028082,20100423000000,Movime2.mdb:PagarReceber,scan_celula:DATA
028083,20100423000000,Movime2.mdb:PagarReceber,scan_celula:DATA
028085,20100423000000,Movime2.mdb:ComissoesPagas,scan_celula:DATA
028086,94513116000178,BdGeral.mdb:Geral,colunas_nomeadas
028087,20100423000000,Movime2.mdb:ComissoesPagas,scan_celula:DATA
028088,20100423000000,Movime2.mdb:PagarReceber,scan_celula:DATA
028089,20100423000000,Movime2.mdb:ComissoesPagas,scan_celula:DATA
028090,20100423000000,Movime2.mdb:PagarReceber,scan_celula:DATA
028091,94188901000100,BdGeral.mdb:Geral,colunas_nomeadas
028093,75892067000187,BdGeral.mdb:Geral,colunas_nomeadas
028113,30720002441406,BdGeral.mdb:Geral,scan_celula:CLIACUM
028127,04716386000193,BdGeral.mdb:Geral,colunas_nomeadas
028129,02812928042010,Movime2.mdb:ComissoesPagas,scan_celula:PROV
028131,20080606000000,BdGeral.mdb:Geral,scan_celula:DATA
028132,78409034000121,BdGeral.mdb:Geral,colunas_nomeadas
028133,02813329042010,Movime2.mdb:PagarReceber,scan_celula:COMP
028138,20100504000000,Movime2.mdb:PagarReceber,scan_celula:DTPG
028149,77817674000108,BdGeral.mdb:Geral,colunas_nomeadas
028150,77817674000299,BdGeral.mdb:Geral,colunas_nomeadas
028166,75892067001159,BdGeral.mdb:Geral,colunas_nomeadas
028167,96704127000160,BdGeral.mdb:Geral,colunas_nomeadas
028176,20100504000000,Movime2.mdb:ComissoesPagas,scan_celula:DATA
028177,20100504000000,Movime2.mdb:ComissoesPagas,scan_celula:DATA
028178,03570755000110,BdGeral.mdb:Geral,colunas_nomeadas
028179,06292922000104,BdGeral.mdb:Geral,colunas_nomeadas
028180,20100504000000,Movime2.mdb:ComissoesPagas,scan_celula:DATA
028181,02818104052010,Movime2.mdb:ComissoesPagas,scan_celula:PROV
028182,20100504000000,Movime2.mdb:ComissoesPagas,scan_celula:DATA
028183,20100504000000,Movime2.mdb:ComissoesPagas,scan_celula:DATA
028184,20100504000000,Movime2.mdb:ComissoesPagas,scan_celula:DATA
028185,20100504000000,Movime2.mdb:ComissoesPagas,scan_celula:DATA
028186,20100504000000,Movime2.mdb:ComissoesPagas,scan_celula:DATA
028187,20080814000000,BdGeral.mdb:Geral,scan_celula:DATA
028188,20080814000000,BdGeral.mdb:Geral,scan_celula:DATA
028189,04795960000146,BdGeral.mdb:Geral,colunas_nomeadas
028196,02819605052010,Movime2.mdb:ComissoesPagas,scan_celula:PROV
028206,20080911000000,BdGeral.mdb:Geral,scan_celula:DATA
028207,20080911000000,BdGeral.mdb:Geral,scan_celula:DATA
028208,20080911000000,BdGeral.mdb:Geral,scan_celula:DATA
028213,07385731000141,BdGeral.mdb:Geral,colunas_nomeadas
028214,05522796000166,BdGeral.mdb:Geral,colunas_nomeadas
028215,11068842000100,BdGeral.mdb:Geral,colunas_nomeadas
028216,82071465000360,BdGeral.mdb:Geral,colunas_nomeadas
028217,80605298000100,BdGeral.mdb:Geral,colunas_nomeadas
028223,09017218000123,BdGeral.mdb:Geral,colunas_nomeadas
028224,10349789000144,BdGeral.mdb:Geral,colunas_nomeadas
028225,86051398000100,BdGeral.mdb:Geral,colunas_nomeadas
028227,80840861000117,BdGeral.mdb:Geral,colunas_nomeadas
028229,75023242000108,BdGeral.mdb:Geral,colunas_nomeadas
028250,20100520000000,Movime2.mdb:PagarReceber,scan_celula:PGTO
028252,02825212052010,Movime2.mdb:ComissoesPagas,scan_celula:PROV
028267,02826713052010,Movime2.mdb:ComissoesPagas,scan_celula:PROV
028285,20100520000000,Movime2.mdb:PagarReceber,scan_celula:DTPG
028297,20100520000000,Movime2.mdb:PagarReceber,scan_celula:DTPG
028298,20100520000000,Movime2.mdb:PagarReceber,scan_celula:DTPG
028300,20100520000000,Movime2.mdb:PagarReceber,scan_celula:DTPG
028305,02830517052010,Movime2.mdb:ComissoesPagas,scan_celula:PROV
028339,20100520000000,Movime2.mdb:PagarReceber,scan_celula:DATA
028340,20100520000000,Movime2.mdb:PagarReceber,scan_celula:DATA
028341,20100520000000,Movime2.mdb:ComissoesPagas,scan_celula:DATA
028342,20100520000000,Movime2.mdb:ComissoesPagas,scan_celula:DATA
028343,20100520000000,Movime2.mdb:ComissoesPagas,scan_celula:DATA
028344,20100520000000,Movime2.mdb:ComissoesPagas,scan_celula:DATA
028345,20100520000000,Movime2.mdb:ComissoesPagas,scan_celula:DATA
028346,20100520000000,Movime2.mdb:PagarReceber,scan_celula:DATA
028348,20100520000000,Movime2.mdb:ComissoesPagas,scan_celula:DATA
028349,20100520000000,Movime2.mdb:ComissoesPagas,scan_celula:DATA
028350,20100520000000,Movime2.mdb:ComissoesPagas,scan_celula:DATA
028351,02835120052010,Movime2.mdb:ComissoesPagas,scan_celula:PROV
028402,20100601000000,Movime2.mdb:PagarReceber,scan_celula:DTPG
028403,20100601000000,Movime2.mdb:PagarReceber,scan_celula:DTPG
028425,02842528052010,Movime2.mdb:ComissoesPagas,scan_celula:PROV
028443,02844331052010,Movime2.mdb:ComissoesPagas,scan_celula:PROV
028453,20100601000000,Movime2.mdb:PagarReceber,scan_celula:DATA
028454,20100601000000,Movime2.mdb:PagarReceber,scan_celula:DATA
028455,20100601000000,Movime2.mdb:ComissoesPagas,scan_celula:DATA
028456,20100601000000,Movime2.mdb:ComissoesPagas,scan_celula:DATA
028457,20100601000000,Movime2.mdb:ComissoesPagas,scan_celula:DATA
028458,20100601000000,Movime2.mdb:ComissoesPagas,scan_celula:DATA
028459,20100601000000,Movime2.mdb:ComissoesPagas,scan_celula:DATA
028460,20100601000000,Movime2.mdb:PagarReceber,scan_celula:DATA
028492,02849205062010,Movime2.mdb:ComissoesPagas,scan_celula:PROV
028530,02853009062010,Movime2.mdb:ComissoesPagas,scan_celula:PROV
028569,41107498168945,Movime2.mdb:ComissoesPagas,scan_celula:VLCM
028635,69964996337890,Movime2.mdb:ComissoesPagas,scan_celula:VLCM
028679,02867923062010,Movime2.mdb:ComissoesPagas,scan_celula:PROV
028700,02870025062010,Movime2.mdb:PagarReceber,scan_celula:COMP
028721,02872128062010,Movime2.mdb:PagarReceber,scan_celula:COMP
028895,02889517072010,Movime2.mdb:ComissoesPagas,scan_celula:PROV
028930,02893021072010,Movime2.mdb:ComissoesPagas,scan_celula:PROV
028951,02895124072010,Movime2.mdb:ComissoesPagas,scan_celula:PROV
029044,02904402082010,Movime2.mdb:ComissoesPagas,scan_celula:PROV
029065,02906505082010,Movime2.mdb:PagarReceber,scan_celula:COMP
029115,02911510082010,Movime2.mdb:ComissoesPagas,scan_celula:PROV
029158,20110213000000,Movime2.mdb:PagarReceber,scan_celula:PGTO
029256,02925624082010,Movime2.mdb:PagarReceber,scan_celula:COMP
029336,02933601092010,Movime2.mdb:ComissoesPagas,scan_celula:PROV
029432,20101113000000,Movime2.mdb:PagarReceber,scan_celula:PGTO
029481,02948116092010,Movime2.mdb:ComissoesPagas,scan_celula:PROV
029496,02949617092010,Movime2.mdb:PagarReceber,scan_celula:COMP
029513,02951318092010,Movime2.mdb:ComissoesPagas,scan_celula:PROV
029527,02952720092010,Movime2.mdb:PagarReceber,scan_celula:COMP
029539,20101210000000,Movime2.mdb:PagarReceber,scan_celula:PGTO
029632,20101113000000,Movime2.mdb:PagarReceber,scan_celula:PGTO
029665,20101113000000,Movime2.mdb:PagarReceber,scan_celula:PGTO
029679,02967908102010,Movime2.mdb:ComissoesPagas,scan_celula:PROV
029697,02969711102010,Movime2.mdb:ComissoesPagas,scan_celula:PROV
029704,20101113000000,Movime2.mdb:PagarReceber,scan_celula:PGTO
029715,20101113000000,Movime2.mdb:PagarReceber,scan_celula:VECT
029716,20101113000000,Movime2.mdb:PagarReceber,scan_celula:VECT
029717,20101113000000,Movime2.mdb:PagarReceber,scan_celula:VECT
029719,20101113000000,Movime2.mdb:PagarReceber,scan_celula:VECT
029720,20101113000000,Movime2.mdb:PagarReceber,scan_celula:VECT
029721,20101113000000,Movime2.mdb:PagarReceber,scan_celula:VECT
029722,20101113000000,Movime2.mdb:PagarReceber,scan_celula:VECT
029723,20101113000000,Movime2.mdb:PagarReceber,scan_celula:VECT
029724,20101113000000,Movime2.mdb:PagarReceber,scan_celula:VECT
029789,02978922102010,Movime2.mdb:ComissoesPagas,scan_celula:PROV
029793,02979323102010,Movime2.mdb:ComissoesPagas,scan_celula:PROV
029831,20101210000000,Movime2.mdb:PagarReceber,scan_celula:PGTO
029856,20101210000000,Movime2.mdb:PagarReceber,scan_celula:PGTO
029902,02990206112010,Movime2.mdb:ComissoesPagas,scan_celula:PROV
029905,20101210000000,Movime2.mdb:PagarReceber,scan_celula:PGTO
029908,20101210000000,Movime2.mdb:PagarReceber,scan_celula:PGTO
029910,20101210000000,Movime2.mdb:PagarReceber,scan_celula:PGTO
029914,20101210000000,Movime2.mdb:PagarReceber,scan_celula:PGTO
029931,20101210000000,Movime2.mdb:PagarReceber,scan_celula:PGTO
029935,20101210000000,Movime2.mdb:PagarReceber,scan_celula:VECT
029936,20101210000000,Movime2.mdb:PagarReceber,scan_celula:VECT
029937,20101210000000,Movime2.mdb:PagarReceber,scan_celula:VECT
029938,20101210000000,Movime2.mdb:PagarReceber,scan_celula:VECT
029939,20101210000000,Movime2.mdb:PagarReceber,scan_celula:VECT
029940,20101210000000,Movime2.mdb:PagarReceber,scan_celula:VECT
029941,20101210000000,Movime2.mdb:PagarReceber,scan_celula:VECT
029942,20101210000000,Movime2.mdb:PagarReceber,scan_celula:VECT
029943,20101210000000,Movime2.mdb:PagarReceber,scan_celula:VECT
029944,20101210000000,Movime2.mdb:PagarReceber,scan_celula:VECT
029945,20101210000000,Movime2.mdb:PagarReceber,scan_celula:VECT
029946,20101210000000,Movime2.mdb:PagarReceber,scan_celula:VECT
029947,20101210000000,Movime2.mdb:PagarReceber,scan_celula:VECT
029948,20101210000000,Movime2.mdb:PagarReceber,scan_celula:VECT
029949,20101210000000,Movime2.mdb:PagarReceber,scan_celula:VECT
029969,20101113000000,Movime2.mdb:ComissoesPagas,scan_celula:DATA
029970,20101113000000,Movime2.mdb:ComissoesPagas,scan_celula:DATA
029971,20101113000000,Movime2.mdb:ComissoesPagas,scan_celula:DATA
029972,20101113000000,Movime2.mdb:ComissoesPagas,scan_celula:DATA
029973,20101113000000,Movime2.mdb:ComissoesPagas,scan_celula:DATA
029974,20101113000000,Movime2.mdb:ComissoesPagas,scan_celula:DATA
029975,20101113000000,Movime2.mdb:ComissoesPagas,scan_celula:DATA
029976,20101113000000,Movime2.mdb:ComissoesPagas,scan_celula:DATA
029977,20101113000000,Movime2.mdb:ComissoesPagas,scan_celula:DATA
029997,77371789000111,BdGeral.mdb:Geral,colunas_nomeadas
029999,20050212000000,BdGeral.mdb:Geral,scan_celula:DATA
030000,04256097000159,BdGeral.mdb:Geral,colunas_nomeadas
030001,82497868000103,BdGeral.mdb:Geral,colunas_nomeadas
030002,05783809000150,BdGeral.mdb:Geral,colunas_nomeadas
030003,96824594008109,BdGeral.mdb:Geral,colunas_nomeadas
030004,77183978000160,BdGeral.mdb:Geral,colunas_nomeadas
030005,95387023000107,BdGeral.mdb:Geral,colunas_nomeadas
030006,08641767000101,BdGeral.mdb:Geral,colunas_nomeadas
030007,05047004000149,BdGeral.mdb:Geral,colunas_nomeadas
030008,03705020000156,BdGeral.mdb:Geral,colunas_nomeadas
030009,82223256000122,BdGeral.mdb:Geral,colunas_nomeadas
030010,72529423000104,BdGeral.mdb:Geral,colunas_nomeadas
030011,68794296000101,BdGeral.mdb:Geral,colunas_nomeadas
030012,73309817000110,BdGeral.mdb:Geral,colunas_nomeadas
030013,02224690000198,BdGeral.mdb:Geral,colunas_nomeadas
030014,05934221000150,BdGeral.mdb:Geral,colunas_nomeadas
030015,78542867000166,BdGeral.mdb:Geral,colunas_nomeadas
030016,00693211000157,BdGeral.mdb:Geral,colunas_nomeadas
030017,02560640000181,BdGeral.mdb:Geral,colunas_nomeadas
030018,75959023000127,BdGeral.mdb:Geral,colunas_nomeadas
030019,00124498000102,BdGeral.mdb:Geral,colunas_nomeadas
030020,76008242000193,BdGeral.mdb:Geral,colunas_nomeadas
030021,80552847000118,BdGeral.mdb:Geral,colunas_nomeadas
030022,01213406000115,BdGeral.mdb:Geral,colunas_nomeadas
030023,82267592000177,BdGeral.mdb:Geral,colunas_nomeadas
030024,78911229000175,BdGeral.mdb:Geral,colunas_nomeadas
030025,78336252000183,BdGeral.mdb:Geral,colunas_nomeadas
030026,76804517000103,BdGeral.mdb:Geral,colunas_nomeadas
030027,91765339000134,BdGeral.mdb:Geral,colunas_nomeadas
030028,79120739000197,BdGeral.mdb:Geral,colunas_nomeadas
030029,90755224001097,BdGeral.mdb:Geral,colunas_nomeadas
030030,00855016000186,BdGeral.mdb:Geral,colunas_nomeadas
030031,80306251000138,BdGeral.mdb:Geral,colunas_nomeadas
030032,76212315000164,BdGeral.mdb:Geral,colunas_nomeadas
030033,07114320000111,BdGeral.mdb:Geral,colunas_nomeadas
030055,03664705000363,BdGeral.mdb:Geral,colunas_nomeadas
030059,00362811000566,BdGeral.mdb:Geral,colunas_nomeadas
030067,03006724112010,Movime2.mdb:ComissoesPagas,scan_celula:PROV
030093,12282878000146,BdGeral.mdb:Geral,colunas_nomeadas
030095,07502769000157,BdGeral.mdb:Geral,colunas_nomeadas
030097,10866334000104,BdGeral.mdb:Geral,colunas_nomeadas
030098,10655547000189,BdGeral.mdb:Geral,colunas_nomeadas
030101,13471467000161,BdGeral.mdb:Geral,colunas_nomeadas
030103,20040112000000,BdGeral.mdb:Geral,scan_celula:DATA
030104,13719095000140,BdGeral.mdb:Geral,colunas_nomeadas
030105,13719095000140,BdGeral.mdb:Geral,colunas_nomeadas
030106,66626433000165,BdGeral.mdb:Geral,colunas_nomeadas
030108,03562756000112,BdGeral.mdb:Geral,colunas_nomeadas
030115,05508029000100,BdGeral.mdb:Geral,colunas_nomeadas
030116,00078369000117,BdGeral.mdb:Geral,colunas_nomeadas
030120,03050081000122,BdGeral.mdb:Geral,colunas_nomeadas
030121,86871522000184,BdGeral.mdb:Geral,colunas_nomeadas
030122,04553015000138,BdGeral.mdb:Geral,colunas_nomeadas
030123,03664465000135,BdGeral.mdb:Geral,colunas_nomeadas
030124,02860710000117,BdGeral.mdb:Geral,colunas_nomeadas
030126,01597168004267,BdGeral.mdb:Geral,colunas_nomeadas
030127,60546801001150,BdGeral.mdb:Geral,colunas_nomeadas
030128,77863223000700,BdGeral.mdb:Geral,colunas_nomeadas
030129,77863223006067,BdGeral.mdb:Geral,colunas_nomeadas
030130,77863223002665,BdGeral.mdb:Geral,colunas_nomeadas
030131,77863223001693,BdGeral.mdb:Geral,colunas_nomeadas
030132,77863223000450,BdGeral.mdb:Geral,colunas_nomeadas
030133,77863223000298,BdGeral.mdb:Geral,colunas_nomeadas
030134,77863223002827,BdGeral.mdb:Geral,colunas_nomeadas
030136,61602199015730,BdGeral.mdb:Geral,colunas_nomeadas
030137,64132236002370,BdGeral.mdb:Geral,colunas_nomeadas
030138,75904383012561,BdGeral.mdb:Geral,colunas_nomeadas
030139,00993264003451,BdGeral.mdb:Geral,colunas_nomeadas
030140,00993264003532,BdGeral.mdb:Geral,colunas_nomeadas
030141,00993264001670,BdGeral.mdb:Geral,colunas_nomeadas
030142,00993264002803,BdGeral.mdb:Geral,colunas_nomeadas
030143,81584278000821,BdGeral.mdb:Geral,colunas_nomeadas
030144,81584278000236,BdGeral.mdb:Geral,colunas_nomeadas
030145,00718713000195,BdGeral.mdb:Geral,colunas_nomeadas
030146,77198794000174,BdGeral.mdb:Geral,colunas_nomeadas
030147,77198794000921,BdGeral.mdb:Geral,colunas_nomeadas
030148,76093731000190,BdGeral.mdb:Geral,colunas_nomeadas
030149,76093731001677,BdGeral.mdb:Geral,colunas_nomeadas
030150,76093731000352,BdGeral.mdb:Geral,colunas_nomeadas
030151,80794589000186,BdGeral.mdb:Geral,colunas_nomeadas
030152,01243395000116,BdGeral.mdb:Geral,colunas_nomeadas
030153,02964100000163,BdGeral.mdb:Geral,colunas_nomeadas
030154,81463671000190,BdGeral.mdb:Geral,colunas_nomeadas
030155,59892620000206,BdGeral.mdb:Geral,colunas_nomeadas
030156,78571411000809,BdGeral.mdb:Geral,colunas_nomeadas
030157,00993264000789,BdGeral.mdb:Geral,colunas_nomeadas
030158,01250565000190,BdGeral.mdb:Geral,colunas_nomeadas
030159,01077424000117,BdGeral.mdb:Geral,colunas_nomeadas
030160,10904193000320,BdGeral.mdb:Geral,colunas_nomeadas
030161,05047577000172,BdGeral.mdb:Geral,colunas_nomeadas
030162,01704216000109,BdGeral.mdb:Geral,colunas_nomeadas
030163,76212877000108,BdGeral.mdb:Geral,colunas_nomeadas
030164,01383574000159,BdGeral.mdb:Geral,colunas_nomeadas
030165,76416965000121,BdGeral.mdb:Geral,colunas_nomeadas
030166,96824594006165,BdGeral.mdb:Geral,colunas_nomeadas
030167,96824594006246,BdGeral.mdb:Geral,colunas_nomeadas
030169,61198164000160,BdGeral.mdb:Geral,colunas_nomeadas
030170,61064838010015,BdGeral.mdb:Geral,colunas_nomeadas
030171,04269111000159,BdGeral.mdb:Geral,colunas_nomeadas
030172,89350839000163,BdGeral.mdb:Geral,colunas_nomeadas
030173,76904192000122,BdGeral.mdb:Geral,colunas_nomeadas
030174,14975042000152,BdGeral.mdb:Geral,colunas_nomeadas
030175,20141128000000,BdGeral.mdb:Geral,scan_celula:DATA
030176,19564342000162,BdGeral.mdb:Geral,colunas_nomeadas
030177,05927226000156,BdGeral.mdb:Geral,colunas_nomeadas
030179,02117991000112,BdGeral.mdb:Geral,colunas_nomeadas
030180,04502115000135,BdGeral.mdb:Geral,colunas_nomeadas
030181,05698091000102,BdGeral.mdb:Geral,colunas_nomeadas
030182,05947586000110,BdGeral.mdb:Geral,colunas_nomeadas
030183,20141209000000,BdGeral.mdb:Geral,scan_celula:DATA
030184,21057522000108,BdGeral.mdb:Geral,colunas_nomeadas
030188,18718621000170,BdGeral.mdb:Geral,colunas_nomeadas
030189,12530974000166,BdGeral.mdb:Geral,colunas_nomeadas
030192,92779503000125,BdGeral.mdb:Geral,colunas_nomeadas
030193,06348462000180,BdGeral.mdb:Geral,colunas_nomeadas
030194,21089298000128,BdGeral.mdb:Geral,colunas_nomeadas
030195,06337147000158,BdGeral.mdb:Geral,colunas_nomeadas
030196,00618239000120,BdGeral.mdb:Geral,colunas_nomeadas
030198,10302311000169,BdGeral.mdb:Geral,colunas_nomeadas
030199,84981794000101,BdGeral.mdb:Geral,colunas_nomeadas
030200,21021836000142,BdGeral.mdb:Geral,colunas_nomeadas
030201,24673170000103,BdGeral.mdb:Geral,colunas_nomeadas
030202,73310666000110,BdGeral.mdb:Geral,colunas_nomeadas
030203,14109710000169,BdGeral.mdb:Geral,colunas_nomeadas
030204,18865306000176,BdGeral.mdb:Geral,colunas_nomeadas
030205,09368775000199,BdGeral.mdb:Geral,colunas_nomeadas
030206,11218240000183,BdGeral.mdb:Geral,colunas_nomeadas
030207,17900805000194,BdGeral.mdb:Geral,colunas_nomeadas
030208,07649349000106,BdGeral.mdb:Geral,colunas_nomeadas
030209,11785312000174,BdGeral.mdb:Geral,colunas_nomeadas
030210,15621239000156,BdGeral.mdb:Geral,colunas_nomeadas
030211,02096814000105,BdGeral.mdb:Geral,colunas_nomeadas
030212,13785793000143,BdGeral.mdb:Geral,colunas_nomeadas
030214,21708019000167,BdGeral.mdb:Geral,colunas_nomeadas
030215,20110116000000,Movime2.mdb:PagarReceber,scan_celula:PGTO
030216,16991176000192,BdGeral.mdb:Geral,colunas_nomeadas
030217,21470626000131,BdGeral.mdb:Geral,colunas_nomeadas
030219,21800634000107,BdGeral.mdb:Geral,colunas_nomeadas
030220,21294130000154,BdGeral.mdb:Geral,colunas_nomeadas
030221,17690212000140,BdGeral.mdb:Geral,colunas_nomeadas
030222,17658373000157,BdGeral.mdb:Geral,colunas_nomeadas
030223,14201440000111,BdGeral.mdb:Geral,colunas_nomeadas
030224,19007143000153,BdGeral.mdb:Geral,colunas_nomeadas
030225,20666472000195,BdGeral.mdb:Geral,colunas_nomeadas
030226,20809188000120,BdGeral.mdb:Geral,colunas_nomeadas
030227,20110116000000,Movime2.mdb:PagarReceber,scan_celula:VECT
030228,20110116000000,Movime2.mdb:PagarReceber,scan_celula:VECT
030229,20110116000000,Movime2.mdb:PagarReceber,scan_celula:VECT
030230,18902222000165,BdGeral.mdb:Geral,colunas_nomeadas
030231,21163517000171,BdGeral.mdb:Geral,colunas_nomeadas
030232,76576313000154,BdGeral.mdb:Geral,colunas_nomeadas
030233,10959030000183,BdGeral.mdb:Geral,colunas_nomeadas
030234,05660681000219,BdGeral.mdb:Geral,colunas_nomeadas
030235,00071521000130,BdGeral.mdb:Geral,colunas_nomeadas
030237,12028175000196,BdGeral.mdb:Geral,colunas_nomeadas
030238,06996742000103,BdGeral.mdb:Geral,colunas_nomeadas
030239,12144459000148,BdGeral.mdb:Geral,colunas_nomeadas
030242,21002039000118,BdGeral.mdb:Geral,colunas_nomeadas
030243,19498082000174,BdGeral.mdb:Geral,colunas_nomeadas
030244,13229171000139,BdGeral.mdb:Geral,colunas_nomeadas
030248,21186142000165,BdGeral.mdb:Geral,colunas_nomeadas
030249,26579086000142,BdGeral.mdb:Geral,colunas_nomeadas
030250,22091636000129,BdGeral.mdb:Geral,colunas_nomeadas
030251,06348466000169,BdGeral.mdb:Geral,colunas_nomeadas
030252,07913402000126,BdGeral.mdb:Geral,colunas_nomeadas
030253,03583053000170,BdGeral.mdb:Geral,colunas_nomeadas
030256,08568330000190,BdGeral.mdb:Geral,colunas_nomeadas
030257,75111021000183,BdGeral.mdb:Geral,colunas_nomeadas
030259,15288490000140,BdGeral.mdb:Geral,colunas_nomeadas
030260,04978709000117,BdGeral.mdb:Geral,colunas_nomeadas
030261,14359271000142,BdGeral.mdb:Geral,colunas_nomeadas
030262,21949489000112,BdGeral.mdb:Geral,colunas_nomeadas
030266,11131352000100,BdGeral.mdb:Geral,colunas_nomeadas
030267,89924054000157,BdGeral.mdb:Geral,colunas_nomeadas
030268,21819353000198,BdGeral.mdb:Geral,colunas_nomeadas
030270,11234823000106,BdGeral.mdb:Geral,colunas_nomeadas
030271,02203824000194,BdGeral.mdb:Geral,colunas_nomeadas
030272,20140678000187,BdGeral.mdb:Geral,colunas_nomeadas
030273,14890158000199,BdGeral.mdb:Geral,colunas_nomeadas
030276,17570500000161,BdGeral.mdb:Geral,colunas_nomeadas
030277,11516453000191,BdGeral.mdb:Geral,colunas_nomeadas
030278,82083668000104,BdGeral.mdb:Geral,colunas_nomeadas
030279,11274421000127,BdGeral.mdb:Geral,colunas_nomeadas
030281,12118086000130,BdGeral.mdb:Geral,colunas_nomeadas
030282,09722757000163,BdGeral.mdb:Geral,colunas_nomeadas
030283,84654102000110,BdGeral.mdb:Geral,colunas_nomeadas
030284,15484425000190,BdGeral.mdb:Geral,colunas_nomeadas
030285,82393638000102,BdGeral.mdb:Geral,colunas_nomeadas
030287,11689292000219,BdGeral.mdb:Geral,colunas_nomeadas
030289,12011089000170,BdGeral.mdb:Geral,colunas_nomeadas
030290,20750698000170,BdGeral.mdb:Geral,colunas_nomeadas
030291,10917290000196,BdGeral.mdb:Geral,colunas_nomeadas
030295,08729650000184,BdGeral.mdb:Geral,colunas_nomeadas
030296,00849796000151,BdGeral.mdb:Geral,colunas_nomeadas
030297,22235918000152,BdGeral.mdb:Geral,colunas_nomeadas
030298,15086077000101,BdGeral.mdb:Geral,colunas_nomeadas
030299,05037991000109,BdGeral.mdb:Geral,colunas_nomeadas
030302,66930942000187,BdGeral.mdb:Geral,colunas_nomeadas
030303,17234414000188,BdGeral.mdb:Geral,colunas_nomeadas
030304,21435819000151,BdGeral.mdb:Geral,colunas_nomeadas
030305,61064838003400,BdGeral.mdb:Geral,colunas_nomeadas
030306,17189757000178,BdGeral.mdb:Geral,colunas_nomeadas
030307,21673448000146,BdGeral.mdb:Geral,colunas_nomeadas
030308,13222320000138,BdGeral.mdb:Geral,colunas_nomeadas
030309,03902129001660,BdGeral.mdb:Geral,colunas_nomeadas
030310,22057057000160,BdGeral.mdb:Geral,colunas_nomeadas
030311,20150626000000,BdGeral.mdb:Geral,scan_celula:DATA
030312,12480129000123,BdGeral.mdb:Geral,colunas_nomeadas
030313,81061186000190,BdGeral.mdb:Geral,colunas_nomeadas
030314,20985530000143,BdGeral.mdb:Geral,colunas_nomeadas
030315,22010977000122,BdGeral.mdb:Geral,colunas_nomeadas
030316,08858467000189,BdGeral.mdb:Geral,colunas_nomeadas
030317,15709188000119,BdGeral.mdb:Geral,colunas_nomeadas
030318,10529215000158,BdGeral.mdb:Geral,colunas_nomeadas
030319,18137390000101,BdGeral.mdb:Geral,colunas_nomeadas
030320,74008798000154,BdGeral.mdb:Geral,colunas_nomeadas
030322,14482844000120,BdGeral.mdb:Geral,colunas_nomeadas
030323,07891608000100,BdGeral.mdb:Geral,colunas_nomeadas
030324,07031011000188,BdGeral.mdb:Geral,colunas_nomeadas
030325,78152642000101,BdGeral.mdb:Geral,colunas_nomeadas
030326,03024152000201,BdGeral.mdb:Geral,colunas_nomeadas
030327,11087003000120,BdGeral.mdb:Geral,colunas_nomeadas
030329,19234928000169,BdGeral.mdb:Geral,colunas_nomeadas
030330,20890025000115,BdGeral.mdb:Geral,colunas_nomeadas
030331,82434713000128,BdGeral.mdb:Geral,colunas_nomeadas
030332,20993609000116,BdGeral.mdb:Geral,colunas_nomeadas
030333,05854341000148,BdGeral.mdb:Geral,colunas_nomeadas
030334,03018137000838,BdGeral.mdb:Geral,colunas_nomeadas
030335,10293312000194,BdGeral.mdb:Geral,colunas_nomeadas
030337,12951217000409,BdGeral.mdb:Geral,colunas_nomeadas
030341,07742262000170,BdGeral.mdb:Geral,colunas_nomeadas
030342,82044983000122,BdGeral.mdb:Geral,colunas_nomeadas
030343,20441512000109,BdGeral.mdb:Geral,colunas_nomeadas
030344,14833352000132,BdGeral.mdb:Geral,colunas_nomeadas
030346,13234078000112,BdGeral.mdb:Geral,colunas_nomeadas
030347,22989069000122,BdGeral.mdb:Geral,colunas_nomeadas
030349,21977084000198,BdGeral.mdb:Geral,colunas_nomeadas
030350,04996705000161,BdGeral.mdb:Geral,colunas_nomeadas
030352,06790027000101,BdGeral.mdb:Geral,colunas_nomeadas
030353,12118961000184,BdGeral.mdb:Geral,colunas_nomeadas
030355,21890994000139,BdGeral.mdb:Geral,colunas_nomeadas
030356,10950029000198,BdGeral.mdb:Geral,colunas_nomeadas
030357,12859945000142,BdGeral.mdb:Geral,colunas_nomeadas
030358,20546482000197,BdGeral.mdb:Geral,colunas_nomeadas
030359,19013097000103,BdGeral.mdb:Geral,colunas_nomeadas
030360,00281035000146,BdGeral.mdb:Geral,colunas_nomeadas
030361,36967800000123,BdGeral.mdb:Geral,colunas_nomeadas
030362,06924882000168,BdGeral.mdb:Geral,colunas_nomeadas
030363,03700872000150,BdGeral.mdb:Geral,colunas_nomeadas
030364,18159132000207,BdGeral.mdb:Geral,colunas_nomeadas
030365,11492021000198,BdGeral.mdb:Geral,colunas_nomeadas
030366,21689565000106,BdGeral.mdb:Geral,colunas_nomeadas
030367,07785929000112,BdGeral.mdb:Geral,colunas_nomeadas
030368,12082279000189,BdGeral.mdb:Geral,colunas_nomeadas
030369,05901463000148,BdGeral.mdb:Geral,colunas_nomeadas
030370,20110213000000,Movime2.mdb:PagarReceber,scan_celula:VECT
030371,15139002000133,BdGeral.mdb:Geral,colunas_nomeadas
030372,17361201000117,BdGeral.mdb:Geral,colunas_nomeadas
030374,12708447000107,BdGeral.mdb:Geral,colunas_nomeadas
030375,21298082000172,BdGeral.mdb:Geral,colunas_nomeadas
030376,18183154000121,BdGeral.mdb:Geral,colunas_nomeadas
030379,10787529000150,BdGeral.mdb:Geral,colunas_nomeadas
030380,05667033000103,BdGeral.mdb:Geral,colunas_nomeadas
030381,85364305000135,BdGeral.mdb:Geral,colunas_nomeadas
030383,20170481000190,BdGeral.mdb:Geral,colunas_nomeadas
030384,15033598000192,BdGeral.mdb:Geral,colunas_nomeadas
030385,12936536000100,BdGeral.mdb:Geral,colunas_nomeadas
030386,08737712000108,BdGeral.mdb:Geral,colunas_nomeadas
030387,23108580000130,BdGeral.mdb:Geral,colunas_nomeadas
030389,08012277000146,BdGeral.mdb:Geral,colunas_nomeadas
030390,84579564000110,BdGeral.mdb:Geral,colunas_nomeadas
030391,02861388000140,BdGeral.mdb:Geral,colunas_nomeadas
030392,78440161000193,BdGeral.mdb:Geral,colunas_nomeadas
030393,06216190000165,BdGeral.mdb:Geral,colunas_nomeadas
030394,60681749000173,BdGeral.mdb:Geral,colunas_nomeadas
030395,04769422000853,BdGeral.mdb:Geral,colunas_nomeadas
030396,04218675000162,BdGeral.mdb:Geral,colunas_nomeadas
030397,59466003000168,BdGeral.mdb:Geral,colunas_nomeadas
030398,21055718000155,BdGeral.mdb:Geral,colunas_nomeadas
030399,13104701000112,BdGeral.mdb:Geral,colunas_nomeadas
030400,18231148000100,BdGeral.mdb:Geral,colunas_nomeadas
030401,78732427000171,BdGeral.mdb:Geral,colunas_nomeadas
030402,12326730000166,BdGeral.mdb:Geral,colunas_nomeadas
030403,08327220000136,BdGeral.mdb:Geral,colunas_nomeadas
030404,11083556000105,BdGeral.mdb:Geral,colunas_nomeadas
030406,18830048000192,BdGeral.mdb:Geral,colunas_nomeadas
030407,15596024000122,BdGeral.mdb:Geral,colunas_nomeadas
030408,80374143000100,BdGeral.mdb:Geral,colunas_nomeadas
030409,02658435000153,BdGeral.mdb:Geral,colunas_nomeadas
030410,14645274000142,BdGeral.mdb:Geral,colunas_nomeadas
030411,02635522000195,BdGeral.mdb:Geral,colunas_nomeadas
030412,23622440000186,BdGeral.mdb:Geral,colunas_nomeadas
030413,21141203000178,BdGeral.mdb:Geral,colunas_nomeadas
030414,23353823000104,BdGeral.mdb:Geral,colunas_nomeadas
030415,10482060000141,BdGeral.mdb:Geral,colunas_nomeadas
030416,21287627000145,BdGeral.mdb:Geral,colunas_nomeadas
030417,16480011000156,BdGeral.mdb:Geral,colunas_nomeadas
030418,20207911000100,BdGeral.mdb:Geral,colunas_nomeadas
030419,05391075000164,BdGeral.mdb:Geral,colunas_nomeadas
030420,89637490012747,BdGeral.mdb:Geral,colunas_nomeadas
030421,21590157000194,BdGeral.mdb:Geral,colunas_nomeadas
030422,06234143000225,BdGeral.mdb:Geral,colunas_nomeadas
030423,09148508000106,BdGeral.mdb:Geral,colunas_nomeadas
030424,23639092000150,BdGeral.mdb:Geral,colunas_nomeadas
030425,05133047000147,BdGeral.mdb:Geral,colunas_nomeadas
030426,93329761000172,BdGeral.mdb:Geral,colunas_nomeadas
030427,13313251000178,BdGeral.mdb:Geral,colunas_nomeadas
030429,77577419000216,BdGeral.mdb:Geral,colunas_nomeadas
030430,19994864000102,BdGeral.mdb:Geral,colunas_nomeadas
030431,09445614000151,BdGeral.mdb:Geral,colunas_nomeadas
030432,81905176000194,BdGeral.mdb:Geral,colunas_nomeadas
030433,03018137000757,BdGeral.mdb:Geral,colunas_nomeadas
030435,03604844000130,BdGeral.mdb:Geral,colunas_nomeadas
030436,11607641000125,BdGeral.mdb:Geral,colunas_nomeadas
030437,08173284000120,BdGeral.mdb:Geral,colunas_nomeadas
030438,06050449000140,BdGeral.mdb:Geral,colunas_nomeadas
030439,07605761000116,BdGeral.mdb:Geral,colunas_nomeadas
030440,15422770000108,BdGeral.mdb:Geral,colunas_nomeadas
030441,14078616000190,BdGeral.mdb:Geral,colunas_nomeadas
030442,11942680000189,BdGeral.mdb:Geral,colunas_nomeadas
030443,55452320000174,BdGeral.mdb:Geral,colunas_nomeadas
030444,14057130000175,BdGeral.mdb:Geral,colunas_nomeadas
030445,02991952000220,BdGeral.mdb:Geral,colunas_nomeadas
030446,20149991000186,BdGeral.mdb:Geral,colunas_nomeadas
030447,21643210000178,BdGeral.mdb:Geral,colunas_nomeadas
030448,08225869000146,BdGeral.mdb:Geral,colunas_nomeadas
030449,19553522000149,BdGeral.mdb:Geral,colunas_nomeadas
030451,04614098000128,BdGeral.mdb:Geral,colunas_nomeadas
030452,20812737000116,BdGeral.mdb:Geral,colunas_nomeadas
030453,22398193000113,BdGeral.mdb:Geral,colunas_nomeadas
030454,23793074000128,BdGeral.mdb:Geral,colunas_nomeadas
030455,23230216000149,BdGeral.mdb:Geral,colunas_nomeadas
030456,14188427000170,BdGeral.mdb:Geral,colunas_nomeadas
030457,17163609000184,BdGeral.mdb:Geral,colunas_nomeadas
030458,17909301000135,BdGeral.mdb:Geral,colunas_nomeadas
030459,04727865000105,BdGeral.mdb:Geral,colunas_nomeadas
030460,14284565000152,BdGeral.mdb:Geral,colunas_nomeadas
030461,75913814000116,BdGeral.mdb:Geral,colunas_nomeadas
030462,76995984000150,BdGeral.mdb:Geral,colunas_nomeadas
030463,06867848000107,BdGeral.mdb:Geral,colunas_nomeadas
030465,10765357000114,BdGeral.mdb:Geral,colunas_nomeadas
030466,83475913000272,BdGeral.mdb:Geral,colunas_nomeadas
030467,08421822000158,BdGeral.mdb:Geral,colunas_nomeadas
030468,22219958000100,BdGeral.mdb:Geral,colunas_nomeadas
030469,23863854000105,BdGeral.mdb:Geral,colunas_nomeadas
030470,01969307000168,BdGeral.mdb:Geral,colunas_nomeadas
030471,76302157000133,BdGeral.mdb:Geral,colunas_nomeadas
030473,88590799000164,BdGeral.mdb:Geral,colunas_nomeadas
030474,20006725000102,BdGeral.mdb:Geral,colunas_nomeadas
030475,08672973000189,BdGeral.mdb:Geral,colunas_nomeadas
030476,23978172000130,BdGeral.mdb:Geral,colunas_nomeadas
030477,07756675000104,BdGeral.mdb:Geral,colunas_nomeadas
030478,24371344000175,BdGeral.mdb:Geral,colunas_nomeadas
030479,08814065000182,BdGeral.mdb:Geral,colunas_nomeadas
030480,24291055000166,BdGeral.mdb:Geral,colunas_nomeadas
030481,05705560000165,BdGeral.mdb:Geral,colunas_nomeadas
030482,77550523000136,BdGeral.mdb:Geral,colunas_nomeadas
030483,78357969000888,BdGeral.mdb:Geral,colunas_nomeadas
030484,05620523000235,BdGeral.mdb:Geral,colunas_nomeadas
030485,73582967000100,BdGeral.mdb:Geral,colunas_nomeadas
030486,23908688000108,BdGeral.mdb:Geral,colunas_nomeadas
030487,08164309000129,BdGeral.mdb:Geral,colunas_nomeadas
030490,07475058000130,BdGeral.mdb:Geral,colunas_nomeadas
030491,24397186000122,BdGeral.mdb:Geral,colunas_nomeadas
030492,03875385000129,BdGeral.mdb:Geral,colunas_nomeadas
030494,00065178000110,BdGeral.mdb:Geral,colunas_nomeadas
030495,81472243000124,BdGeral.mdb:Geral,colunas_nomeadas
030496,21580783000108,BdGeral.mdb:Geral,colunas_nomeadas
030497,07232154000158,BdGeral.mdb:Geral,colunas_nomeadas
030498,22460867000162,BdGeral.mdb:Geral,colunas_nomeadas
030499,95387197000170,BdGeral.mdb:Geral,colunas_nomeadas
030501,22587687000146,BdGeral.mdb:Geral,colunas_nomeadas
030502,77623551000136,BdGeral.mdb:Geral,colunas_nomeadas
030503,78141462000116,BdGeral.mdb:Geral,colunas_nomeadas
030504,56484728000433,BdGeral.mdb:Geral,colunas_nomeadas
030505,20110412000000,Movime2.mdb:PagarReceber,scan_celula:PGTO
030506,07349348000138,BdGeral.mdb:Geral,colunas_nomeadas
030507,72546526000182,BdGeral.mdb:Geral,colunas_nomeadas
030508,75591172000186,BdGeral.mdb:Geral,colunas_nomeadas
030510,07910544000130,BdGeral.mdb:Geral,colunas_nomeadas
030511,23048405000103,BdGeral.mdb:Geral,colunas_nomeadas
030513,04529773000110,BdGeral.mdb:Geral,colunas_nomeadas
030514,93284131000129,BdGeral.mdb:Geral,colunas_nomeadas
030516,83716662000190,BdGeral.mdb:Geral,colunas_nomeadas
030518,10560943000122,BdGeral.mdb:Geral,colunas_nomeadas
030519,10266327000163,BdGeral.mdb:Geral,colunas_nomeadas
030520,02973588000195,BdGeral.mdb:Geral,colunas_nomeadas
030521,02345862000181,BdGeral.mdb:Geral,colunas_nomeadas
030522,07526617000194,BdGeral.mdb:Geral,colunas_nomeadas
030523,68316801000102,BdGeral.mdb:Geral,colunas_nomeadas
030524,13942299000145,BdGeral.mdb:Geral,colunas_nomeadas
030525,21362513000112,BdGeral.mdb:Geral,colunas_nomeadas
030526,17517006000133,BdGeral.mdb:Geral,colunas_nomeadas
030527,22595293000210,BdGeral.mdb:Geral,colunas_nomeadas
030528,22595293000300,BdGeral.mdb:Geral,colunas_nomeadas
030529,22595293000130,BdGeral.mdb:Geral,colunas_nomeadas
030530,44870939000182,BdGeral.mdb:Geral,colunas_nomeadas
030531,20096828000100,BdGeral.mdb:Geral,colunas_nomeadas
030532,09612782000194,BdGeral.mdb:Geral,colunas_nomeadas
030533,00114731000168,BdGeral.mdb:Geral,colunas_nomeadas
030534,21762007000110,BdGeral.mdb:Geral,colunas_nomeadas
030536,10673855000137,BdGeral.mdb:Geral,colunas_nomeadas
030537,19244424000120,BdGeral.mdb:Geral,colunas_nomeadas
030538,82681800000180,BdGeral.mdb:Geral,colunas_nomeadas
030539,07235157000145,BdGeral.mdb:Geral,colunas_nomeadas
030540,17390342000320,BdGeral.mdb:Geral,colunas_nomeadas
030541,03353785000506,BdGeral.mdb:Geral,colunas_nomeadas
030542,17074753000144,BdGeral.mdb:Geral,colunas_nomeadas
030543,91671578000125,BdGeral.mdb:Geral,colunas_nomeadas
030544,82305541000192,BdGeral.mdb:Geral,colunas_nomeadas
030545,04225122000137,BdGeral.mdb:Geral,colunas_nomeadas
030546,14896901000118,BdGeral.mdb:Geral,colunas_nomeadas
030547,77149474000124,BdGeral.mdb:Geral,colunas_nomeadas
030548,84992155000141,BdGeral.mdb:Geral,colunas_nomeadas
030549,08400808000178,BdGeral.mdb:Geral,colunas_nomeadas
030550,11386360000190,BdGeral.mdb:Geral,colunas_nomeadas
030551,22350527000189,BdGeral.mdb:Geral,colunas_nomeadas
030553,20110331000000,Movime2.mdb:PagarReceber,scan_celula:PGTO
030555,21669997000147,BdGeral.mdb:Geral,colunas_nomeadas
030556,19627708000103,BdGeral.mdb:Geral,colunas_nomeadas
030557,26522961000150,BdGeral.mdb:Geral,colunas_nomeadas
030558,22919115000117,BdGeral.mdb:Geral,colunas_nomeadas
030559,13156886000109,BdGeral.mdb:Geral,colunas_nomeadas
030560,44373108000103,BdGeral.mdb:Geral,colunas_nomeadas
030561,23019835000199,BdGeral.mdb:Geral,colunas_nomeadas
030562,10751747000135,BdGeral.mdb:Geral,colunas_nomeadas
030563,15755733000103,BdGeral.mdb:Geral,colunas_nomeadas
030564,48257299000190,BdGeral.mdb:Geral,colunas_nomeadas
030565,09203950000198,BdGeral.mdb:Geral,colunas_nomeadas
030566,24494440000100,BdGeral.mdb:Geral,colunas_nomeadas
030567,73912859000140,BdGeral.mdb:Geral,colunas_nomeadas
030568,80549066000174,BdGeral.mdb:Geral,colunas_nomeadas
030569,79779062000101,BdGeral.mdb:Geral,colunas_nomeadas
030570,08640990000134,BdGeral.mdb:Geral,colunas_nomeadas
030571,05126605000228,BdGeral.mdb:Geral,colunas_nomeadas
030572,07725966000135,BdGeral.mdb:Geral,colunas_nomeadas
030573,05677897000106,BdGeral.mdb:Geral,colunas_nomeadas
030574,77560787000170,BdGeral.mdb:Geral,colunas_nomeadas
030576,24247700000143,BdGeral.mdb:Geral,colunas_nomeadas
030577,16891808000146,BdGeral.mdb:Geral,colunas_nomeadas
030578,20160705000000,BdGeral.mdb:Geral,scan_celula:DATA
030579,08172631000108,BdGeral.mdb:Geral,colunas_nomeadas
030580,84963065000122,BdGeral.mdb:Geral,colunas_nomeadas
030581,21873002000165,BdGeral.mdb:Geral,colunas_nomeadas
030583,03326443000165,BdGeral.mdb:Geral,colunas_nomeadas
030584,19439521000178,BdGeral.mdb:Geral,colunas_nomeadas
030585,75378273000173,BdGeral.mdb:Geral,colunas_nomeadas
030586,05254666000190,BdGeral.mdb:Geral,colunas_nomeadas
030587,00378023000134,BdGeral.mdb:Geral,colunas_nomeadas
030588,08397182000198,BdGeral.mdb:Geral,colunas_nomeadas
030589,18691083000178,BdGeral.mdb:Geral,colunas_nomeadas
030590,10903309000145,BdGeral.mdb:Geral,colunas_nomeadas
030591,13571475000180,BdGeral.mdb:Geral,colunas_nomeadas
030592,19747647000100,BdGeral.mdb:Geral,colunas_nomeadas
030593,50781434000144,BdGeral.mdb:Geral,colunas_nomeadas
030594,07399063000101,BdGeral.mdb:Geral,colunas_nomeadas
030595,10502818000166,BdGeral.mdb:Geral,colunas_nomeadas
030596,79554234000130,BdGeral.mdb:Geral,colunas_nomeadas
030597,09362936000137,BdGeral.mdb:Geral,colunas_nomeadas
030598,03457393000155,BdGeral.mdb:Geral,colunas_nomeadas
030599,02947285000106,BdGeral.mdb:Geral,colunas_nomeadas
030600,02089608000160,BdGeral.mdb:Geral,colunas_nomeadas
030601,22594644000198,BdGeral.mdb:Geral,colunas_nomeadas
030602,12770216000115,BdGeral.mdb:Geral,colunas_nomeadas
030603,76647700000134,BdGeral.mdb:Geral,colunas_nomeadas
030604,20101337000100,BdGeral.mdb:Geral,colunas_nomeadas
030606,24972494000134,BdGeral.mdb:Geral,colunas_nomeadas
030607,05126605000147,BdGeral.mdb:Geral,colunas_nomeadas
030608,80786460000126,BdGeral.mdb:Geral,colunas_nomeadas
030609,03923979000168,BdGeral.mdb:Geral,colunas_nomeadas
030611,97519692000110,BdGeral.mdb:Geral,colunas_nomeadas
030612,05751958000138,BdGeral.mdb:Geral,colunas_nomeadas
030613,04963512000104,BdGeral.mdb:Geral,colunas_nomeadas
030614,01530743000136,BdGeral.mdb:Geral,colunas_nomeadas
030615,15863613000120,BdGeral.mdb:Geral,colunas_nomeadas
030616,17732161000172,BdGeral.mdb:Geral,colunas_nomeadas
030617,01113543000188,BdGeral.mdb:Geral,colunas_nomeadas
030619,16481193000180,BdGeral.mdb:Geral,colunas_nomeadas
030620,95408530000180,BdGeral.mdb:Geral,colunas_nomeadas
030622,50668722001916,BdGeral.mdb:Geral,colunas_nomeadas
030625,20323942000118,BdGeral.mdb:Geral,colunas_nomeadas
030626,15617875000104,BdGeral.mdb:Geral,colunas_nomeadas
030627,03105750000116,BdGeral.mdb:Geral,colunas_nomeadas
030628,13919871000155,BdGeral.mdb:Geral,colunas_nomeadas
030629,18056345000122,BdGeral.mdb:Geral,colunas_nomeadas
030630,10737954000135,BdGeral.mdb:Geral,colunas_nomeadas
030631,81678765000187,BdGeral.mdb:Geral,colunas_nomeadas
030632,11192420000133,BdGeral.mdb:Geral,colunas_nomeadas
030633,13019868000185,BdGeral.mdb:Geral,colunas_nomeadas
030634,84971951000106,BdGeral.mdb:Geral,colunas_nomeadas
030635,24151704000123,BdGeral.mdb:Geral,colunas_nomeadas
030636,79330700000102,BdGeral.mdb:Geral,colunas_nomeadas
030637,06532011000107,BdGeral.mdb:Geral,colunas_nomeadas
030638,16513403000174,BdGeral.mdb:Geral,colunas_nomeadas
030639,10926593000175,BdGeral.mdb:Geral,colunas_nomeadas
030640,07786426000161,BdGeral.mdb:Geral,colunas_nomeadas
030642,20110412000000,Movime2.mdb:PagarReceber,scan_celula:PGTO
030643,75209445000185,BdGeral.mdb:Geral,colunas_nomeadas
030644,03691199000130,BdGeral.mdb:Geral,colunas_nomeadas
030645,79802971000105,BdGeral.mdb:Geral,colunas_nomeadas
030646,76098623000291,BdGeral.mdb:Geral,colunas_nomeadas
030648,76677608000117,BdGeral.mdb:Geral,colunas_nomeadas
030650,18689236000142,BdGeral.mdb:Geral,colunas_nomeadas
030652,05250792000176,BdGeral.mdb:Geral,colunas_nomeadas
030655,23880709000124,BdGeral.mdb:Geral,colunas_nomeadas
030656,21058857000132,BdGeral.mdb:Geral,colunas_nomeadas
030657,08090845000127,BdGeral.mdb:Geral,colunas_nomeadas
030658,78767993000119,BdGeral.mdb:Geral,colunas_nomeadas
030659,20110331000000,Movime2.mdb:PagarReceber,scan_celula:VECT
030660,20110331000000,Movime2.mdb:PagarReceber,scan_celula:VECT
030661,77979490000144,BdGeral.mdb:Geral,colunas_nomeadas
030662,07109142000130,BdGeral.mdb:Geral,colunas_nomeadas
030663,17031377000100,BdGeral.mdb:Geral,colunas_nomeadas
030665,08032231000199,BdGeral.mdb:Geral,colunas_nomeadas
030666,08949477000120,BdGeral.mdb:Geral,colunas_nomeadas
030667,13616612000155,BdGeral.mdb:Geral,colunas_nomeadas
030668,13705225000195,BdGeral.mdb:Geral,colunas_nomeadas
030669,25235244000184,BdGeral.mdb:Geral,colunas_nomeadas
030670,22348959000155,BdGeral.mdb:Geral,colunas_nomeadas
030673,02611751000170,BdGeral.mdb:Geral,colunas_nomeadas
030676,18282298000135,BdGeral.mdb:Geral,colunas_nomeadas
030677,17787687000150,BdGeral.mdb:Geral,colunas_nomeadas
030678,24093944000119,BdGeral.mdb:Geral,colunas_nomeadas
030680,26054275000100,BdGeral.mdb:Geral,colunas_nomeadas
030681,04585610000155,BdGeral.mdb:Geral,colunas_nomeadas
030682,26583856000120,BdGeral.mdb:Geral,colunas_nomeadas
030683,10416163000103,BdGeral.mdb:Geral,colunas_nomeadas
030684,03068403032011,Movime2.mdb:ComissoesPagas,scan_celula:PROV
030685,22517879000186,BdGeral.mdb:Geral,colunas_nomeadas
030686,05346003000103,BdGeral.mdb:Geral,colunas_nomeadas
030687,09082400000168,BdGeral.mdb:Geral,colunas_nomeadas
030688,10933438000186,BdGeral.mdb:Geral,colunas_nomeadas
030689,03150898000172,BdGeral.mdb:Geral,colunas_nomeadas
030690,06151045000143,BdGeral.mdb:Geral,colunas_nomeadas
030691,21715268000180,BdGeral.mdb:Geral,colunas_nomeadas
030692,03799410000132,BdGeral.mdb:Geral,colunas_nomeadas
030693,03895493000406,BdGeral.mdb:Geral,colunas_nomeadas
030694,03909543000114,BdGeral.mdb:Geral,colunas_nomeadas
030695,15375337000312,BdGeral.mdb:Geral,colunas_nomeadas
030696,21783673000135,BdGeral.mdb:Geral,colunas_nomeadas
030697,04250385000104,BdGeral.mdb:Geral,colunas_nomeadas
030699,25146953000193,BdGeral.mdb:Geral,colunas_nomeadas
030700,17504874000260,BdGeral.mdb:Geral,colunas_nomeadas
030701,15089042000118,BdGeral.mdb:Geral,colunas_nomeadas
030702,82359043000122,BdGeral.mdb:Geral,colunas_nomeadas
030703,13240344000110,BdGeral.mdb:Geral,colunas_nomeadas
030704,24980615000190,BdGeral.mdb:Geral,colunas_nomeadas
030706,21170596000148,BdGeral.mdb:Geral,colunas_nomeadas
030709,08159834000237,BdGeral.mdb:Geral,colunas_nomeadas
030710,12980169000134,BdGeral.mdb:Geral,colunas_nomeadas
030711,13807742000175,BdGeral.mdb:Geral,colunas_nomeadas
030712,03699498000110,BdGeral.mdb:Geral,colunas_nomeadas
030713,12628560000174,BdGeral.mdb:Geral,colunas_nomeadas
030714,24867351000162,BdGeral.mdb:Geral,colunas_nomeadas
030716,13213543000139,BdGeral.mdb:Geral,colunas_nomeadas
030717,11606760000163,BdGeral.mdb:Geral,colunas_nomeadas
030720,07445874000100,BdGeral.mdb:Geral,colunas_nomeadas
030721,22463421000191,BdGeral.mdb:Geral,colunas_nomeadas
030722,22245288000105,BdGeral.mdb:Geral,colunas_nomeadas
030723,95436721000155,BdGeral.mdb:Geral,colunas_nomeadas
030724,77688174000113,BdGeral.mdb:Geral,colunas_nomeadas
030726,86907318000419,BdGeral.mdb:Geral,colunas_nomeadas
030727,05153145000146,BdGeral.mdb:Geral,colunas_nomeadas
030728,82394677000116,BdGeral.mdb:Geral,colunas_nomeadas
030729,04590704000112,BdGeral.mdb:Geral,colunas_nomeadas
030730,20362845000134,BdGeral.mdb:Geral,colunas_nomeadas
030731,12077751000195,BdGeral.mdb:Geral,colunas_nomeadas
030732,22485873000174,BdGeral.mdb:Geral,colunas_nomeadas
030733,05342904000119,BdGeral.mdb:Geral,colunas_nomeadas
030734,10224791000197,BdGeral.mdb:Geral,colunas_nomeadas
030735,18970122000176,BdGeral.mdb:Geral,colunas_nomeadas
030736,21755041000168,BdGeral.mdb:Geral,colunas_nomeadas
030737,10643537000123,BdGeral.mdb:Geral,colunas_nomeadas
030738,03913904000104,BdGeral.mdb:Geral,colunas_nomeadas
030739,14937348000114,BdGeral.mdb:Geral,colunas_nomeadas
030740,13891895000143,BdGeral.mdb:Geral,colunas_nomeadas
030741,43999424000114,BdGeral.mdb:Geral,colunas_nomeadas
030742,10617103000159,BdGeral.mdb:Geral,colunas_nomeadas
030743,24504238000112,BdGeral.mdb:Geral,colunas_nomeadas
030745,24371336000129,BdGeral.mdb:Geral,colunas_nomeadas
030746,23865433000105,BdGeral.mdb:Geral,colunas_nomeadas
030747,26511529000163,BdGeral.mdb:Geral,colunas_nomeadas
030748,09276894000111,BdGeral.mdb:Geral,colunas_nomeadas
030750,14082570000182,BdGeral.mdb:Geral,colunas_nomeadas
030751,54006283000108,BdGeral.mdb:Geral,colunas_nomeadas
030752,15109037000120,BdGeral.mdb:Geral,colunas_nomeadas
030753,74175159000183,BdGeral.mdb:Geral,colunas_nomeadas
030754,13784638000102,BdGeral.mdb:Geral,colunas_nomeadas
030755,05147690000120,BdGeral.mdb:Geral,colunas_nomeadas
030756,25203392000117,BdGeral.mdb:Geral,colunas_nomeadas
030757,25110409000191,BdGeral.mdb:Geral,colunas_nomeadas
030758,26492407000177,BdGeral.mdb:Geral,colunas_nomeadas
030759,00145589000116,BdGeral.mdb:Geral,colunas_nomeadas
030760,11184863000182,BdGeral.mdb:Geral,colunas_nomeadas
030761,24694345000150,BdGeral.mdb:Geral,colunas_nomeadas
030763,19165458000129,BdGeral.mdb:Geral,colunas_nomeadas
030764,24735518000131,BdGeral.mdb:Geral,colunas_nomeadas
030765,23437112000100,BdGeral.mdb:Geral,colunas_nomeadas
030766,15164002000193,BdGeral.mdb:Geral,colunas_nomeadas
030767,15251430000153,BdGeral.mdb:Geral,colunas_nomeadas
030769,52867298000135,BdGeral.mdb:Geral,colunas_nomeadas
030770,24978448000142,BdGeral.mdb:Geral,colunas_nomeadas
030771,12317882000364,BdGeral.mdb:Geral,colunas_nomeadas
030772,13638129000171,BdGeral.mdb:Geral,colunas_nomeadas
030773,23915003000150,BdGeral.mdb:Geral,colunas_nomeadas
030774,22100701000135,BdGeral.mdb:Geral,colunas_nomeadas
030775,89355408000190,BdGeral.mdb:Geral,colunas_nomeadas
030777,17646643000100,BdGeral.mdb:Geral,colunas_nomeadas
030778,04993640000109,BdGeral.mdb:Geral,colunas_nomeadas
030779,26727949000181,BdGeral.mdb:Geral,colunas_nomeadas
030780,26930539000133,BdGeral.mdb:Geral,colunas_nomeadas
030781,12275614000165,BdGeral.mdb:Geral,colunas_nomeadas
030782,18628002000195,BdGeral.mdb:Geral,colunas_nomeadas
030783,25179351000132,BdGeral.mdb:Geral,colunas_nomeadas
030785,26745808000191,BdGeral.mdb:Geral,colunas_nomeadas
030786,10934838000106,BdGeral.mdb:Geral,colunas_nomeadas
030787,23314594001859,BdGeral.mdb:Geral,colunas_nomeadas
030788,11734095000193,BdGeral.mdb:Geral,colunas_nomeadas
030789,82150582000157,BdGeral.mdb:Geral,colunas_nomeadas
030790,21308387000118,BdGeral.mdb:Geral,colunas_nomeadas
030791,21411623000127,BdGeral.mdb:Geral,colunas_nomeadas
030793,17197385007800,BdGeral.mdb:Geral,colunas_nomeadas
030794,07580512003562,BdGeral.mdb:Geral,colunas_nomeadas
030795,21434508000330,BdGeral.mdb:Geral,colunas_nomeadas
030796,21434508000410,BdGeral.mdb:Geral,colunas_nomeadas
030797,21434508000259,BdGeral.mdb:Geral,colunas_nomeadas
030798,75084871000300,BdGeral.mdb:Geral,colunas_nomeadas
030799,19813836000133,BdGeral.mdb:Geral,colunas_nomeadas
030800,07025255000158,BdGeral.mdb:Geral,colunas_nomeadas
030801,15463649000116,BdGeral.mdb:Geral,colunas_nomeadas
030802,20110421000000,Movime2.mdb:PagarReceber,scan_celula:VECT
030803,10407523000100,BdGeral.mdb:Geral,colunas_nomeadas
030804,05453862000193,BdGeral.mdb:Geral,colunas_nomeadas
030806,25196169000190,BdGeral.mdb:Geral,colunas_nomeadas
030807,26736644000136,BdGeral.mdb:Geral,colunas_nomeadas
030808,05248351000130,BdGeral.mdb:Geral,colunas_nomeadas
030809,25081737000107,BdGeral.mdb:Geral,colunas_nomeadas
030810,26114974000190,BdGeral.mdb:Geral,colunas_nomeadas
030811,13589178000161,BdGeral.mdb:Geral,colunas_nomeadas
030812,20426758000101,BdGeral.mdb:Geral,colunas_nomeadas
030813,27406337000150,BdGeral.mdb:Geral,colunas_nomeadas
030814,01655598000110,BdGeral.mdb:Geral,colunas_nomeadas
030815,73912859000221,BdGeral.mdb:Geral,colunas_nomeadas
030816,02162098000109,BdGeral.mdb:Geral,colunas_nomeadas
030817,26810717000192,BdGeral.mdb:Geral,colunas_nomeadas
030818,68829662000102,BdGeral.mdb:Geral,colunas_nomeadas
030819,80854391000140,BdGeral.mdb:Geral,colunas_nomeadas
030820,01618551000690,BdGeral.mdb:Geral,colunas_nomeadas
030822,16696067000142,BdGeral.mdb:Geral,colunas_nomeadas
030823,14228248000119,BdGeral.mdb:Geral,colunas_nomeadas
030824,82660861000160,BdGeral.mdb:Geral,colunas_nomeadas
030825,02309992000169,BdGeral.mdb:Geral,colunas_nomeadas
030826,26745772000146,BdGeral.mdb:Geral,colunas_nomeadas
030827,80857089000146,BdGeral.mdb:Geral,colunas_nomeadas
030828,27451370000100,BdGeral.mdb:Geral,colunas_nomeadas
030829,14079246000105,BdGeral.mdb:Geral,colunas_nomeadas
030830,27527697000100,BdGeral.mdb:Geral,colunas_nomeadas
030831,07665163000132,BdGeral.mdb:Geral,colunas_nomeadas
030832,03367101001084,BdGeral.mdb:Geral,colunas_nomeadas
030833,48708267046156,BdGeral.mdb:Geral,colunas_nomeadas
030834,08241054000150,BdGeral.mdb:Geral,colunas_nomeadas
030835,06043407000182,BdGeral.mdb:Geral,colunas_nomeadas
030836,24041916000158,BdGeral.mdb:Geral,colunas_nomeadas
030837,49605157000210,BdGeral.mdb:Geral,colunas_nomeadas
030838,05111060000103,BdGeral.mdb:Geral,colunas_nomeadas
030839,11068698000101,BdGeral.mdb:Geral,colunas_nomeadas
030841,06046699000107,BdGeral.mdb:Geral,colunas_nomeadas
030842,07085515000180,BdGeral.mdb:Geral,colunas_nomeadas
030844,00724384000195,BdGeral.mdb:Geral,colunas_nomeadas
030845,26995040000104,BdGeral.mdb:Geral,colunas_nomeadas
030846,19882578000147,BdGeral.mdb:Geral,colunas_nomeadas
030847,10717343000125,BdGeral.mdb:Geral,colunas_nomeadas
030848,08110543000173,BdGeral.mdb:Geral,colunas_nomeadas
030849,77690493000163,BdGeral.mdb:Geral,colunas_nomeadas
030850,05540546000159,BdGeral.mdb:Geral,colunas_nomeadas
030851,24529643000195,BdGeral.mdb:Geral,colunas_nomeadas
030852,20110331000000,Movime2.mdb:ComissoesPagas,scan_celula:DATA
030853,20110331000000,Movime2.mdb:ComissoesPagas,scan_celula:DATA
030854,24616322000128,BdGeral.mdb:Geral,colunas_nomeadas
030855,47063128000168,BdGeral.mdb:Geral,colunas_nomeadas
030856,09001156000161,BdGeral.mdb:Geral,colunas_nomeadas
030857,52766904000126,BdGeral.mdb:Geral,colunas_nomeadas
030858,18199309000118,BdGeral.mdb:Geral,colunas_nomeadas
030859,27838973000150,BdGeral.mdb:Geral,colunas_nomeadas
030860,20170724000000,BdGeral.mdb:Geral,scan_celula:CLIU_CD
030861,05123813000192,BdGeral.mdb:Geral,colunas_nomeadas
030862,79169652000104,BdGeral.mdb:Geral,colunas_nomeadas
030863,11681470000265,BdGeral.mdb:Geral,colunas_nomeadas
030864,20110502000000,Movime2.mdb:PagarReceber,scan_celula:VECT
030865,24520011000160,BdGeral.mdb:Geral,colunas_nomeadas
030866,21312742000122,BdGeral.mdb:Geral,colunas_nomeadas
030867,61231478000206,BdGeral.mdb:Geral,colunas_nomeadas
030868,09297571000104,BdGeral.mdb:Geral,colunas_nomeadas
030869,20110502000000,Movime2.mdb:PagarReceber,scan_celula:VECT
030870,20110502000000,Movime2.mdb:PagarReceber,scan_celula:VECT
030871,10427514000181,BdGeral.mdb:Geral,colunas_nomeadas
030872,17286322000141,BdGeral.mdb:Geral,colunas_nomeadas
030873,05412807000155,BdGeral.mdb:Geral,colunas_nomeadas
030874,11177139000121,BdGeral.mdb:Geral,colunas_nomeadas
030875,47524632000118,BdGeral.mdb:Geral,colunas_nomeadas
030876,26584936000109,BdGeral.mdb:Geral,colunas_nomeadas
030877,20171007000000,BdGeral.mdb:Geral,scan_celula:CLIU_CD
030878,15576383000118,BdGeral.mdb:Geral,colunas_nomeadas
030880,48709125000111,BdGeral.mdb:Geral,colunas_nomeadas
030881,21257011000121,BdGeral.mdb:Geral,colunas_nomeadas
030882,11450179000103,BdGeral.mdb:Geral,colunas_nomeadas
030883,27880297000183,BdGeral.mdb:Geral,colunas_nomeadas
030884,44330975000153,BdGeral.mdb:Geral,colunas_nomeadas
030885,02999391000125,BdGeral.mdb:Geral,colunas_nomeadas
030886,13057668000117,BdGeral.mdb:Geral,colunas_nomeadas
030887,52736295000162,BdGeral.mdb:Geral,colunas_nomeadas
030888,75021279000199,BdGeral.mdb:Geral,colunas_nomeadas
030889,03018137000919,BdGeral.mdb:Geral,colunas_nomeadas
030890,20110412000000,Movime2.mdb:PagarReceber,scan_celula:DTPG
030891,07912062000119,BdGeral.mdb:Geral,colunas_nomeadas
030892,20110412000000,Movime2.mdb:PagarReceber,scan_celula:DTPG
030894,13635456000170,BdGeral.mdb:Geral,colunas_nomeadas
030895,76484013000145,BdGeral.mdb:Geral,colunas_nomeadas
030896,90307067000166,BdGeral.mdb:Geral,colunas_nomeadas
030897,26940433000110,BdGeral.mdb:Geral,colunas_nomeadas
030898,79134474000186,BdGeral.mdb:Geral,colunas_nomeadas
030899,27467464000169,BdGeral.mdb:Geral,colunas_nomeadas
030900,08860053000194,BdGeral.mdb:Geral,colunas_nomeadas
030902,72876030000177,BdGeral.mdb:Geral,colunas_nomeadas
030904,17469701004911,BdGeral.mdb:Geral,colunas_nomeadas
030905,16492835000146,BdGeral.mdb:Geral,colunas_nomeadas
030906,67493841000159,BdGeral.mdb:Geral,colunas_nomeadas
030907,27936787000154,BdGeral.mdb:Geral,colunas_nomeadas
030908,62529219000482,BdGeral.mdb:Geral,colunas_nomeadas
030909,23103308000168,BdGeral.mdb:Geral,colunas_nomeadas
030910,12593546000182,BdGeral.mdb:Geral,colunas_nomeadas
030911,12137308000162,BdGeral.mdb:Geral,colunas_nomeadas
030912,04383944000146,BdGeral.mdb:Geral,colunas_nomeadas
030913,07004053000120,BdGeral.mdb:Geral,colunas_nomeadas
030915,05874196000167,BdGeral.mdb:Geral,colunas_nomeadas
030916,28177757000174,BdGeral.mdb:Geral,colunas_nomeadas
030917,60621141000404,BdGeral.mdb:Geral,colunas_nomeadas
030918,11220970000119,BdGeral.mdb:Geral,colunas_nomeadas
030919,07578279000134,BdGeral.mdb:Geral,colunas_nomeadas
030920,20121780000135,BdGeral.mdb:Geral,colunas_nomeadas
030921,04630561000125,BdGeral.mdb:Geral,colunas_nomeadas
030922,78727021000109,BdGeral.mdb:Geral,colunas_nomeadas
030923,17672289000198,BdGeral.mdb:Geral,colunas_nomeadas
030925,81676124000193,BdGeral.mdb:Geral,colunas_nomeadas
030927,24295041000110,BdGeral.mdb:Geral,colunas_nomeadas
030928,21775452000115,BdGeral.mdb:Geral,colunas_nomeadas
030929,15714149000100,BdGeral.mdb:Geral,colunas_nomeadas
030930,20110412000000,Movime2.mdb:ComissoesPagas,scan_celula:DATA
030931,15415644000118,BdGeral.mdb:Geral,colunas_nomeadas
030932,09189409000172,BdGeral.mdb:Geral,colunas_nomeadas
030933,00859542000114,BdGeral.mdb:Geral,colunas_nomeadas
030934,09411441000150,BdGeral.mdb:Geral,colunas_nomeadas
030935,20110412000000,Movime2.mdb:ComissoesPagas,scan_celula:DATA
030936,20110412000000,Movime2.mdb:ComissoesPagas,scan_celula:DATA
030937,06234143001116,BdGeral.mdb:Geral,colunas_nomeadas
030938,14756419000182,BdGeral.mdb:Geral,colunas_nomeadas
030940,03644285000191,BdGeral.mdb:Geral,colunas_nomeadas
030942,07704536000137,BdGeral.mdb:Geral,colunas_nomeadas
030943,03895493000244,BdGeral.mdb:Geral,colunas_nomeadas
030944,75157974000182,BdGeral.mdb:Geral,colunas_nomeadas
030945,22221801000110,BdGeral.mdb:Geral,colunas_nomeadas
030946,03980822000174,BdGeral.mdb:Geral,colunas_nomeadas
030947,12939895000103,BdGeral.mdb:Geral,colunas_nomeadas
030948,01109700000696,BdGeral.mdb:Geral,colunas_nomeadas
030949,11478491000105,BdGeral.mdb:Geral,colunas_nomeadas
030950,27238125000100,BdGeral.mdb:Geral,colunas_nomeadas
030952,04726389000108,BdGeral.mdb:Geral,colunas_nomeadas
030953,87675831000575,BdGeral.mdb:Geral,colunas_nomeadas
030955,28844803000141,BdGeral.mdb:Geral,colunas_nomeadas
030958,02024673000107,BdGeral.mdb:Geral,colunas_nomeadas
030959,12838336000107,BdGeral.mdb:Geral,colunas_nomeadas
030960,80051824000120,BdGeral.mdb:Geral,colunas_nomeadas
030961,25276788000194,BdGeral.mdb:Geral,colunas_nomeadas
030962,73461725000150,BdGeral.mdb:Geral,colunas_nomeadas
030963,11532518000192,BdGeral.mdb:Geral,colunas_nomeadas
030964,26355259000149,BdGeral.mdb:Geral,colunas_nomeadas
030965,28122743000153,BdGeral.mdb:Geral,colunas_nomeadas
030967,05056138000126,BdGeral.mdb:Geral,colunas_nomeadas
030968,08817759000173,BdGeral.mdb:Geral,colunas_nomeadas
030969,21196742000104,BdGeral.mdb:Geral,colunas_nomeadas
030970,23322213000135,BdGeral.mdb:Geral,colunas_nomeadas
030972,24216077000161,BdGeral.mdb:Geral,colunas_nomeadas
030973,27118326000174,BdGeral.mdb:Geral,colunas_nomeadas
030974,07923812000158,BdGeral.mdb:Geral,colunas_nomeadas
030975,85111441000113,BdGeral.mdb:Geral,colunas_nomeadas
030977,17390342000400,BdGeral.mdb:Geral,colunas_nomeadas
030978,31023302000370,BdGeral.mdb:Geral,colunas_nomeadas
030979,24195599000124,BdGeral.mdb:Geral,colunas_nomeadas
030980,91671578001288,BdGeral.mdb:Geral,colunas_nomeadas
030981,84977735000160,BdGeral.mdb:Geral,colunas_nomeadas
030982,24286378000161,BdGeral.mdb:Geral,colunas_nomeadas
030983,78340270000210,BdGeral.mdb:Geral,colunas_nomeadas
030984,96404942000104,BdGeral.mdb:Geral,colunas_nomeadas
030985,20180209000000,BdGeral.mdb:Geral,scan_celula:DATA
030986,27703037000132,BdGeral.mdb:Geral,colunas_nomeadas
030987,23491353000137,BdGeral.mdb:Geral,colunas_nomeadas
030988,08985901000191,BdGeral.mdb:Geral,colunas_nomeadas
030989,28582305000178,BdGeral.mdb:Geral,colunas_nomeadas
030990,75031278000125,BdGeral.mdb:Geral,colunas_nomeadas
030991,05464223000123,BdGeral.mdb:Geral,colunas_nomeadas
030992,12495567000165,BdGeral.mdb:Geral,colunas_nomeadas
030993,09511475000117,BdGeral.mdb:Geral,colunas_nomeadas
030994,28099696000174,BdGeral.mdb:Geral,colunas_nomeadas
030995,01560007000120,BdGeral.mdb:Geral,colunas_nomeadas
030997,78435047000175,BdGeral.mdb:Geral,colunas_nomeadas
030998,26062628000105,BdGeral.mdb:Geral,colunas_nomeadas
030999,04997769000187,BdGeral.mdb:Geral,colunas_nomeadas
031000,13454278000180,BdGeral.mdb:Geral,colunas_nomeadas
031001,25132072000113,BdGeral.mdb:Geral,colunas_nomeadas
031002,43533819000399,BdGeral.mdb:Geral,colunas_nomeadas
031003,25339720000107,BdGeral.mdb:Geral,colunas_nomeadas
031004,04406660000128,BdGeral.mdb:Geral,colunas_nomeadas
031005,24852911000105,BdGeral.mdb:Geral,colunas_nomeadas
031006,20110502000000,Movime2.mdb:PagarReceber,scan_celula:DTPG
031007,15305049000120,BdGeral.mdb:Geral,colunas_nomeadas
031008,82956889000140,BdGeral.mdb:Geral,colunas_nomeadas
031009,44330975002288,BdGeral.mdb:Geral,colunas_nomeadas
031010,44330975002520,BdGeral.mdb:Geral,colunas_nomeadas
031011,03463618000186,BdGeral.mdb:Geral,colunas_nomeadas
031012,28434300000106,BdGeral.mdb:Geral,colunas_nomeadas
031013,82607847000101,BdGeral.mdb:Geral,colunas_nomeadas
031014,31751233000150,BdGeral.mdb:Geral,colunas_nomeadas
031015,29108976000164,BdGeral.mdb:Geral,colunas_nomeadas
031017,12683580000148,BdGeral.mdb:Geral,colunas_nomeadas
031018,25137725000157,BdGeral.mdb:Geral,colunas_nomeadas
031019,20110502000000,Movime2.mdb:PagarReceber,scan_celula:DTPG
031020,29755697000192,BdGeral.mdb:Geral,colunas_nomeadas
031022,20110502000000,Movime2.mdb:PagarReceber,scan_celula:DTPG
031023,20110502000000,Movime2.mdb:PagarReceber,scan_celula:DTPG
031025,29277700000100,BdGeral.mdb:Geral,colunas_nomeadas
031026,01954576000150,BdGeral.mdb:Geral,colunas_nomeadas
031027,11958166000131,BdGeral.mdb:Geral,colunas_nomeadas
031028,06538509000179,BdGeral.mdb:Geral,colunas_nomeadas
031029,05337905000175,BdGeral.mdb:Geral,colunas_nomeadas
031030,38955662000198,BdGeral.mdb:Geral,colunas_nomeadas
031031,18293923000144,BdGeral.mdb:Geral,colunas_nomeadas
031032,08247485000124,BdGeral.mdb:Geral,colunas_nomeadas
031033,07102092000240,BdGeral.mdb:Geral,colunas_nomeadas
031034,09022224000179,BdGeral.mdb:Geral,colunas_nomeadas
031036,27778824000143,BdGeral.mdb:Geral,colunas_nomeadas
031037,07040806000152,BdGeral.mdb:Geral,colunas_nomeadas
031039,10385645000143,BdGeral.mdb:Geral,colunas_nomeadas
031040,11681470000184,BdGeral.mdb:Geral,colunas_nomeadas
031041,27630419000183,BdGeral.mdb:Geral,colunas_nomeadas
031042,28139823000111,BdGeral.mdb:Geral,colunas_nomeadas
031043,30360029000145,BdGeral.mdb:Geral,colunas_nomeadas
031044,76969427000164,BdGeral.mdb:Geral,colunas_nomeadas
031045,19116124000165,BdGeral.mdb:Geral,colunas_nomeadas
031046,72344591000125,BdGeral.mdb:Geral,colunas_nomeadas
031047,03598338000185,BdGeral.mdb:Geral,colunas_nomeadas
031048,20110502000000,Movime2.mdb:ComissoesPagas,scan_celula:DATA
031049,20848054000119,BdGeral.mdb:Geral,colunas_nomeadas
031050,20110502000000,Movime2.mdb:ComissoesPagas,scan_celula:DATA
031051,26038751000190,BdGeral.mdb:Geral,colunas_nomeadas
031052,81101743000150,BdGeral.mdb:Geral,colunas_nomeadas
031053,91359679000165,BdGeral.mdb:Geral,colunas_nomeadas
031054,27933051000122,BdGeral.mdb:Geral,colunas_nomeadas
031055,01998797000120,BdGeral.mdb:Geral,colunas_nomeadas
031056,21901362000123,BdGeral.mdb:Geral,colunas_nomeadas
031057,08848658000160,BdGeral.mdb:Geral,colunas_nomeadas
031058,30269802000162,BdGeral.mdb:Geral,colunas_nomeadas
031059,30340753000107,BdGeral.mdb:Geral,colunas_nomeadas
031061,14518307000193,BdGeral.mdb:Geral,colunas_nomeadas
031063,30369841000131,BdGeral.mdb:Geral,colunas_nomeadas
031064,76013440000145,BdGeral.mdb:Geral,colunas_nomeadas
031065,05940959000120,BdGeral.mdb:Geral,colunas_nomeadas
031067,20110620000000,Movime2.mdb:PagarReceber,scan_celula:PGTO
031068,15524980000107,BdGeral.mdb:Geral,colunas_nomeadas
031069,72151269000180,BdGeral.mdb:Geral,colunas_nomeadas
031070,13789792000177,BdGeral.mdb:Geral,colunas_nomeadas
031071,28873919000109,BdGeral.mdb:Geral,colunas_nomeadas
031072,27773089000185,BdGeral.mdb:Geral,colunas_nomeadas
031073,02955426000477,BdGeral.mdb:Geral,colunas_nomeadas
031074,02955426000639,BdGeral.mdb:Geral,colunas_nomeadas
031075,20110620000000,Movime2.mdb:PagarReceber,scan_celula:PGTO
031076,30198635000106,BdGeral.mdb:Geral,colunas_nomeadas
031077,06234143000900,BdGeral.mdb:Geral,colunas_nomeadas
031079,60087194000136,BdGeral.mdb:Geral,colunas_nomeadas
031080,12937489000101,BdGeral.mdb:Geral,colunas_nomeadas
031081,47524632000894,BdGeral.mdb:Geral,colunas_nomeadas
031082,05286065000169,BdGeral.mdb:Geral,colunas_nomeadas
031083,10559452000161,BdGeral.mdb:Geral,colunas_nomeadas
031084,30536434000171,BdGeral.mdb:Geral,colunas_nomeadas
031085,92660604013837,BdGeral.mdb:Geral,colunas_nomeadas
031086,51990778000126,BdGeral.mdb:Geral,colunas_nomeadas
031087,30496914000156,BdGeral.mdb:Geral,colunas_nomeadas
031088,08457452000109,BdGeral.mdb:Geral,colunas_nomeadas
031089,13771828000195,BdGeral.mdb:Geral,colunas_nomeadas
031090,92682038019803,BdGeral.mdb:Geral,colunas_nomeadas
031092,80223944000167,BdGeral.mdb:Geral,colunas_nomeadas
031093,32634131000117,BdGeral.mdb:Geral,colunas_nomeadas
031094,00362116000170,BdGeral.mdb:Geral,colunas_nomeadas
031095,00768990000102,BdGeral.mdb:Geral,colunas_nomeadas
031097,28046956000143,BdGeral.mdb:Geral,colunas_nomeadas
031098,07896784000127,BdGeral.mdb:Geral,colunas_nomeadas
031099,14256058000105,BdGeral.mdb:Geral,colunas_nomeadas
031100,65727133000100,BdGeral.mdb:Geral,colunas_nomeadas
031101,29153662000183,BdGeral.mdb:Geral,colunas_nomeadas
031102,29025607000108,BdGeral.mdb:Geral,colunas_nomeadas
031103,84866342002203,BdGeral.mdb:Geral,colunas_nomeadas
031104,95756110000194,BdGeral.mdb:Geral,colunas_nomeadas
031105,20110620000000,Movime2.mdb:PagarReceber,scan_celula:PGTO
031106,02119009000141,BdGeral.mdb:Geral,colunas_nomeadas
031107,02742848000111,BdGeral.mdb:Geral,colunas_nomeadas
031108,07187732000181,BdGeral.mdb:Geral,colunas_nomeadas
031109,10944942000181,BdGeral.mdb:Geral,colunas_nomeadas
031110,20794238000143,BdGeral.mdb:Geral,colunas_nomeadas
031111,19442229000104,BdGeral.mdb:Geral,colunas_nomeadas
031112,09605680000141,BdGeral.mdb:Geral,colunas_nomeadas
031113,17859586000147,BdGeral.mdb:Geral,colunas_nomeadas
031114,04340141000104,BdGeral.mdb:Geral,colunas_nomeadas
031115,72043862000102,BdGeral.mdb:Geral,colunas_nomeadas
031116,08657268000102,BdGeral.mdb:Geral,colunas_nomeadas
031119,05415089000170,BdGeral.mdb:Geral,colunas_nomeadas
031120,06193356000175,BdGeral.mdb:Geral,colunas_nomeadas
031121,03574683000189,BdGeral.mdb:Geral,colunas_nomeadas
031122,19798219000106,BdGeral.mdb:Geral,colunas_nomeadas
031123,10214233000302,BdGeral.mdb:Geral,colunas_nomeadas
031124,18918067000175,BdGeral.mdb:Geral,colunas_nomeadas
031127,10911372000123,BdGeral.mdb:Geral,colunas_nomeadas
031128,28828610000105,BdGeral.mdb:Geral,colunas_nomeadas
031129,79196895000131,BdGeral.mdb:Geral,colunas_nomeadas
031130,20110701000000,Movime2.mdb:PagarReceber,scan_celula:PGTO
031131,08179457000117,BdGeral.mdb:Geral,colunas_nomeadas
031132,11412952000139,BdGeral.mdb:Geral,colunas_nomeadas
031133,20488172000163,BdGeral.mdb:Geral,colunas_nomeadas
031134,13207587000156,BdGeral.mdb:Geral,colunas_nomeadas
031135,27022273000193,BdGeral.mdb:Geral,colunas_nomeadas
031136,02385674000187,BdGeral.mdb:Geral,colunas_nomeadas
031138,06087469000196,BdGeral.mdb:Geral,colunas_nomeadas
031139,30422568000161,BdGeral.mdb:Geral,colunas_nomeadas
031140,02443913000108,BdGeral.mdb:Geral,colunas_nomeadas
031141,20110701000000,Movime2.mdb:PagarReceber,scan_celula:PGTO
031142,08662635000166,BdGeral.mdb:Geral,colunas_nomeadas
031143,20144443000163,BdGeral.mdb:Geral,colunas_nomeadas
031145,31737787000100,BdGeral.mdb:Geral,colunas_nomeadas
031146,20110620000000,Movime2.mdb:PagarReceber,scan_celula:PGTO
031147,12530262000147,BdGeral.mdb:Geral,colunas_nomeadas
031148,31106177000109,BdGeral.mdb:Geral,colunas_nomeadas
031149,30244492000121,BdGeral.mdb:Geral,colunas_nomeadas
031150,07271309000165,BdGeral.mdb:Geral,colunas_nomeadas
031151,08831645000188,BdGeral.mdb:Geral,colunas_nomeadas
031152,20677345000191,BdGeral.mdb:Geral,colunas_nomeadas
031153,20293492000168,BdGeral.mdb:Geral,colunas_nomeadas
031154,27760986000154,BdGeral.mdb:Geral,colunas_nomeadas
031155,21857238000108,BdGeral.mdb:Geral,colunas_nomeadas
031156,07873580000170,BdGeral.mdb:Geral,colunas_nomeadas
031157,30953482000165,BdGeral.mdb:Geral,colunas_nomeadas
031158,01593699000618,BdGeral.mdb:Geral,colunas_nomeadas
031160,85101731000186,BdGeral.mdb:Geral,colunas_nomeadas
031162,07233800000100,BdGeral.mdb:Geral,colunas_nomeadas
031163,29872503000139,BdGeral.mdb:Geral,colunas_nomeadas
031164,29039646000164,BdGeral.mdb:Geral,colunas_nomeadas
031165,21578012000178,BdGeral.mdb:Geral,colunas_nomeadas
031166,20110620000000,Movime2.mdb:PagarReceber,scan_celula:PGTO
031168,01618551000267,BdGeral.mdb:Geral,colunas_nomeadas
031169,90608084000133,BdGeral.mdb:Geral,colunas_nomeadas
031170,10763926000192,BdGeral.mdb:Geral,colunas_nomeadas
031171,20110620000000,Movime2.mdb:PagarReceber,scan_celula:PGTO
031172,05528902000119,BdGeral.mdb:Geral,colunas_nomeadas
031173,17210347000161,BdGeral.mdb:Geral,colunas_nomeadas
031174,23878001000139,BdGeral.mdb:Geral,colunas_nomeadas
031175,85156669000120,BdGeral.mdb:Geral,colunas_nomeadas
031176,13250701000120,BdGeral.mdb:Geral,colunas_nomeadas
031177,10344912000134,BdGeral.mdb:Geral,colunas_nomeadas
031178,08960843000141,BdGeral.mdb:Geral,colunas_nomeadas
031179,03610014000115,BdGeral.mdb:Geral,colunas_nomeadas
031180,07332248000107,BdGeral.mdb:Geral,colunas_nomeadas
031181,02772717000187,BdGeral.mdb:Geral,colunas_nomeadas
031182,13002424000137,BdGeral.mdb:Geral,colunas_nomeadas
031183,08774368000119,BdGeral.mdb:Geral,colunas_nomeadas
031184,20590442000142,BdGeral.mdb:Geral,colunas_nomeadas
031185,32631943000109,BdGeral.mdb:Geral,colunas_nomeadas
031186,26259038000177,BdGeral.mdb:Geral,colunas_nomeadas
031188,15703731000170,BdGeral.mdb:Geral,colunas_nomeadas
031189,30338494000180,BdGeral.mdb:Geral,colunas_nomeadas
031190,05390700000153,BdGeral.mdb:Geral,colunas_nomeadas
031191,64807472000567,BdGeral.mdb:Geral,colunas_nomeadas
031192,79084489000268,BdGeral.mdb:Geral,colunas_nomeadas
031193,20521326000171,BdGeral.mdb:Geral,colunas_nomeadas
031194,32788450000187,BdGeral.mdb:Geral,colunas_nomeadas
031195,04631956000142,BdGeral.mdb:Geral,colunas_nomeadas
031196,30768558000182,BdGeral.mdb:Geral,colunas_nomeadas
031197,23448040000104,BdGeral.mdb:Geral,colunas_nomeadas
031198,30958164000197,BdGeral.mdb:Geral,colunas_nomeadas
031199,21089749000127,BdGeral.mdb:Geral,colunas_nomeadas
031200,05534432000104,BdGeral.mdb:Geral,colunas_nomeadas
031203,12182030000145,BdGeral.mdb:Geral,colunas_nomeadas
031204,05585470000188,BdGeral.mdb:Geral,colunas_nomeadas
031205,32927750000108,BdGeral.mdb:Geral,colunas_nomeadas
031206,10230146000187,BdGeral.mdb:Geral,colunas_nomeadas
031207,32696542000137,BdGeral.mdb:Geral,colunas_nomeadas
031209,25269768000196,BdGeral.mdb:Geral,colunas_nomeadas
031210,32831920000148,BdGeral.mdb:Geral,colunas_nomeadas
031211,33304555000186,BdGeral.mdb:Geral,colunas_nomeadas
031212,03367101001246,BdGeral.mdb:Geral,colunas_nomeadas
031213,68316801002571,BdGeral.mdb:Geral,colunas_nomeadas
031214,22078438000125,BdGeral.mdb:Geral,colunas_nomeadas
031215,32781390000170,BdGeral.mdb:Geral,colunas_nomeadas
031217,05741031000117,BdGeral.mdb:Geral,colunas_nomeadas
031218,26793954000192,BdGeral.mdb:Geral,colunas_nomeadas
031219,76812957000285,BdGeral.mdb:Geral,colunas_nomeadas
031221,50632017000130,BdGeral.mdb:Geral,colunas_nomeadas
031222,33257140000107,BdGeral.mdb:Geral,colunas_nomeadas
031223,17100418000173,BdGeral.mdb:Geral,colunas_nomeadas
031224,32553733000140,BdGeral.mdb:Geral,colunas_nomeadas
031225,02293865000119,BdGeral.mdb:Geral,colunas_nomeadas
031226,03222139000178,BdGeral.mdb:Geral,colunas_nomeadas
031228,26508855000111,BdGeral.mdb:Geral,colunas_nomeadas
031229,22662382000151,BdGeral.mdb:Geral,colunas_nomeadas
031230,06053093000107,BdGeral.mdb:Geral,colunas_nomeadas
031231,20190614000000,BdGeral.mdb:Geral,scan_celula:DATA
031232,59225698000196,BdGeral.mdb:Geral,colunas_nomeadas
031233,26606385000129,BdGeral.mdb:Geral,colunas_nomeadas
031234,77182442000120,BdGeral.mdb:Geral,colunas_nomeadas
031235,27548402000181,BdGeral.mdb:Geral,colunas_nomeadas
031236,27097142000175,BdGeral.mdb:Geral,colunas_nomeadas
031238,17210347000323,BdGeral.mdb:Geral,colunas_nomeadas
031239,00159291000165,BdGeral.mdb:Geral,colunas_nomeadas
031240,28780650000116,BdGeral.mdb:Geral,colunas_nomeadas
031241,32488264000122,BdGeral.mdb:Geral,colunas_nomeadas
031242,34011278000186,BdGeral.mdb:Geral,colunas_nomeadas
031243,76511260000606,BdGeral.mdb:Geral,colunas_nomeadas
031244,20111021000000,Movime2.mdb:PagarReceber,scan_celula:DTPG
031245,29226427000194,BdGeral.mdb:Geral,colunas_nomeadas
031247,29821122000120,BdGeral.mdb:Geral,colunas_nomeadas
031248,08715798000160,BdGeral.mdb:Geral,colunas_nomeadas
031249,02727979000120,BdGeral.mdb:Geral,colunas_nomeadas
031250,12317882000100,BdGeral.mdb:Geral,colunas_nomeadas
031251,19686032000110,BdGeral.mdb:Geral,colunas_nomeadas
031252,14512655000153,BdGeral.mdb:Geral,colunas_nomeadas
031253,30023861000156,BdGeral.mdb:Geral,colunas_nomeadas
031254,02411968000306,BdGeral.mdb:Geral,colunas_nomeadas
031255,05459177000174,BdGeral.mdb:Geral,colunas_nomeadas
031256,07898751000116,BdGeral.mdb:Geral,colunas_nomeadas
031258,17135998000134,BdGeral.mdb:Geral,colunas_nomeadas
031259,32888266000109,BdGeral.mdb:Geral,colunas_nomeadas
031260,26314768000123,BdGeral.mdb:Geral,colunas_nomeadas
031261,34262513000192,BdGeral.mdb:Geral,colunas_nomeadas
031262,17292526000357,BdGeral.mdb:Geral,colunas_nomeadas
031263,20110701000000,Movime2.mdb:PagarReceber,scan_celula:VECT
031264,20110701000000,Movime2.mdb:PagarReceber,scan_celula:VECT
031265,04739409000185,BdGeral.mdb:Geral,colunas_nomeadas
031266,02725300000163,BdGeral.mdb:Geral,colunas_nomeadas
031267,34308077000145,BdGeral.mdb:Geral,colunas_nomeadas
031268,20110701000000,Movime2.mdb:PagarReceber,scan_celula:VECT
031269,80044456000192,BdGeral.mdb:Geral,colunas_nomeadas
031270,14458906000169,BdGeral.mdb:Geral,colunas_nomeadas
031272,34470820000169,BdGeral.mdb:Geral,colunas_nomeadas
031273,12110903000295,BdGeral.mdb:Geral,colunas_nomeadas
031274,33765631000150,BdGeral.mdb:Geral,colunas_nomeadas
031275,56624174000180,BdGeral.mdb:Geral,colunas_nomeadas
031276,34282360000145,BdGeral.mdb:Geral,colunas_nomeadas
031277,19521448000189,BdGeral.mdb:Geral,colunas_nomeadas
031278,27951871000147,BdGeral.mdb:Geral,colunas_nomeadas
031280,23198990000110,BdGeral.mdb:Geral,colunas_nomeadas
031281,33162394000133,BdGeral.mdb:Geral,colunas_nomeadas
031282,33564689000136,BdGeral.mdb:Geral,colunas_nomeadas
031283,49635931000155,BdGeral.mdb:Geral,colunas_nomeadas
031284,20110620000000,Movime2.mdb:PagarReceber,scan_celula:PGTO
031285,08836239000108,BdGeral.mdb:Geral,colunas_nomeadas
031286,20190910000000,BdGeral.mdb:Geral,scan_celula:DATA
031287,34130800000149,BdGeral.mdb:Geral,colunas_nomeadas
031288,08065022000222,BdGeral.mdb:Geral,colunas_nomeadas
031290,20111111000000,Movime2.mdb:PagarReceber,scan_celula:PGTO
031291,01114440000132,BdGeral.mdb:Geral,colunas_nomeadas
031292,04860319000148,BdGeral.mdb:Geral,colunas_nomeadas
031293,82320219000132,BdGeral.mdb:Geral,colunas_nomeadas
031294,06311243000127,BdGeral.mdb:Geral,colunas_nomeadas
031295,12094570000410,BdGeral.mdb:Geral,colunas_nomeadas
031296,71480560000139,BdGeral.mdb:Geral,colunas_nomeadas
031297,26288228000112,BdGeral.mdb:Geral,colunas_nomeadas
031298,24819702000160,BdGeral.mdb:Geral,colunas_nomeadas
031299,34984819000152,BdGeral.mdb:Geral,colunas_nomeadas
031300,73685059000134,BdGeral.mdb:Geral,colunas_nomeadas
031301,28038532000218,BdGeral.mdb:Geral,colunas_nomeadas
031302,21279875000144,BdGeral.mdb:Geral,colunas_nomeadas
031303,82462888000149,BdGeral.mdb:Geral,colunas_nomeadas
031304,16814921000128,BdGeral.mdb:Geral,colunas_nomeadas
031305,33790834000105,BdGeral.mdb:Geral,colunas_nomeadas
031306,20110620000000,Movime2.mdb:PagarReceber,scan_celula:DTPG
031307,27691437000175,BdGeral.mdb:Geral,colunas_nomeadas
031309,82512625000105,BdGeral.mdb:Geral,colunas_nomeadas
031311,27775898000126,BdGeral.mdb:Geral,colunas_nomeadas
031312,05898673000124,BdGeral.mdb:Geral,colunas_nomeadas
031313,04820538000101,BdGeral.mdb:Geral,colunas_nomeadas
031314,76114891000179,BdGeral.mdb:Geral,colunas_nomeadas
031315,34911348000152,BdGeral.mdb:Geral,colunas_nomeadas
031316,33417463000102,BdGeral.mdb:Geral,colunas_nomeadas
031317,21092775000104,BdGeral.mdb:Geral,colunas_nomeadas
031318,11014351000178,BdGeral.mdb:Geral,colunas_nomeadas
031319,01206169000165,BdGeral.mdb:Geral,colunas_nomeadas
031320,06079902000141,BdGeral.mdb:Geral,colunas_nomeadas
031321,23622920000147,BdGeral.mdb:Geral,colunas_nomeadas
031322,01203549000227,BdGeral.mdb:Geral,colunas_nomeadas
031323,14290620000117,BdGeral.mdb:Geral,colunas_nomeadas
031324,09659379000110,BdGeral.mdb:Geral,colunas_nomeadas
031325,08113423000120,BdGeral.mdb:Geral,colunas_nomeadas
031326,20110728000000,Movime2.mdb:PagarReceber,scan_celula:PGTO
031327,00695687000127,BdGeral.mdb:Geral,colunas_nomeadas
031329,02883332000197,BdGeral.mdb:Geral,colunas_nomeadas
031330,18303150000130,BdGeral.mdb:Geral,colunas_nomeadas
031331,17806065000121,BdGeral.mdb:Geral,colunas_nomeadas
031332,22095234000100,BdGeral.mdb:Geral,colunas_nomeadas
031333,17039836000100,BdGeral.mdb:Geral,colunas_nomeadas
031334,16807965000120,BdGeral.mdb:Geral,colunas_nomeadas
031335,13374868000284,BdGeral.mdb:Geral,colunas_nomeadas
031336,03967184000151,BdGeral.mdb:Geral,colunas_nomeadas
031337,35676582000105,BdGeral.mdb:Geral,colunas_nomeadas
031339,01637895010600,BdGeral.mdb:Geral,colunas_nomeadas
031340,83724302000130,BdGeral.mdb:Geral,colunas_nomeadas
031341,08982975000174,BdGeral.mdb:Geral,colunas_nomeadas
031342,04966423000111,BdGeral.mdb:Geral,colunas_nomeadas
031343,33022856000117,BdGeral.mdb:Geral,colunas_nomeadas
031344,15962897000101,BdGeral.mdb:Geral,colunas_nomeadas
031345,01688758000127,BdGeral.mdb:Geral,colunas_nomeadas
031346,76641448001128,BdGeral.mdb:Geral,colunas_nomeadas
031347,20110701000000,Movime2.mdb:PagarReceber,scan_celula:DTPG
031348,20747892000104,BdGeral.mdb:Geral,colunas_nomeadas
031349,82074279000201,BdGeral.mdb:Geral,colunas_nomeadas
031351,15668824000292,BdGeral.mdb:Geral,colunas_nomeadas
031352,01362133000170,BdGeral.mdb:Geral,colunas_nomeadas
031353,15058185000162,BdGeral.mdb:Geral,colunas_nomeadas
031354,21007036000177,BdGeral.mdb:Geral,colunas_nomeadas
031355,31427953000164,BdGeral.mdb:Geral,colunas_nomeadas
031356,36193678000185,BdGeral.mdb:Geral,colunas_nomeadas
031357,36157344000156,BdGeral.mdb:Geral,colunas_nomeadas
031358,82191941000114,BdGeral.mdb:Geral,colunas_nomeadas
031359,25137997000157,BdGeral.mdb:Geral,colunas_nomeadas
031360,10224549000113,BdGeral.mdb:Geral,colunas_nomeadas
031361,07909523000102,BdGeral.mdb:Geral,colunas_nomeadas
031362,23265561000207,BdGeral.mdb:Geral,colunas_nomeadas
031364,18607269000104,BdGeral.mdb:Geral,colunas_nomeadas
031365,08753051000104,BdGeral.mdb:Geral,colunas_nomeadas
031366,26222486000104,BdGeral.mdb:Geral,colunas_nomeadas
031367,34230979013437,BdGeral.mdb:Geral,colunas_nomeadas
031368,34230979004101,BdGeral.mdb:Geral,colunas_nomeadas
031369,27723961000180,BdGeral.mdb:Geral,colunas_nomeadas
031371,29432229000187,BdGeral.mdb:Geral,colunas_nomeadas
031372,33948439000108,BdGeral.mdb:Geral,colunas_nomeadas
031373,32167363000102,BdGeral.mdb:Geral,colunas_nomeadas
031374,35949737000130,BdGeral.mdb:Geral,colunas_nomeadas
031375,35438684000192,BdGeral.mdb:Geral,colunas_nomeadas
031376,31480914000120,BdGeral.mdb:Geral,colunas_nomeadas
031377,62529219000130,BdGeral.mdb:Geral,colunas_nomeadas
031378,22266303000193,BdGeral.mdb:Geral,colunas_nomeadas
031379,07388971000280,BdGeral.mdb:Geral,colunas_nomeadas
031380,04269111000230,BdGeral.mdb:Geral,colunas_nomeadas
031381,15000910000141,BdGeral.mdb:Geral,colunas_nomeadas
031382,16922386000129,BdGeral.mdb:Geral,colunas_nomeadas
031383,53811006000105,BdGeral.mdb:Geral,colunas_nomeadas
031384,14339339000121,BdGeral.mdb:Geral,colunas_nomeadas
031385,18634393000150,BdGeral.mdb:Geral,colunas_nomeadas
031386,10416163000294,BdGeral.mdb:Geral,colunas_nomeadas
031387,03193849000117,BdGeral.mdb:Geral,colunas_nomeadas
031388,81175937000108,BdGeral.mdb:Geral,colunas_nomeadas
031389,37093195000171,BdGeral.mdb:Geral,colunas_nomeadas
031390,10624122000102,BdGeral.mdb:Geral,colunas_nomeadas
031392,12039868000184,BdGeral.mdb:Geral,colunas_nomeadas
031393,34831737000178,BdGeral.mdb:Geral,colunas_nomeadas
031394,10972948000162,BdGeral.mdb:Geral,colunas_nomeadas
031395,02857220000161,BdGeral.mdb:Geral,colunas_nomeadas
031396,20120410000000,Movime2.mdb:PagarReceber,scan_celula:PGTO
031398,36334737000198,BdGeral.mdb:Geral,colunas_nomeadas
031399,10866371000104,BdGeral.mdb:Geral,colunas_nomeadas
031400,07883154000118,BdGeral.mdb:Geral,colunas_nomeadas
031401,28777075000100,BdGeral.mdb:Geral,colunas_nomeadas
031402,24926635000182,BdGeral.mdb:Geral,colunas_nomeadas
031405,24870441000293,BdGeral.mdb:Geral,colunas_nomeadas
031406,36414154000177,BdGeral.mdb:Geral,colunas_nomeadas
031408,36917814000132,BdGeral.mdb:Geral,colunas_nomeadas
031409,30723254000280,BdGeral.mdb:Geral,colunas_nomeadas
031410,35474547000103,BdGeral.mdb:Geral,colunas_nomeadas
031412,20110728000000,Movime2.mdb:PagarReceber,scan_celula:PGTO
031413,02929229000130,BdGeral.mdb:Geral,colunas_nomeadas
031415,34257798000173,BdGeral.mdb:Geral,colunas_nomeadas
031416,37318644000213,BdGeral.mdb:Geral,colunas_nomeadas
031417,09688419000152,BdGeral.mdb:Geral,colunas_nomeadas
031419,16584113000111,BdGeral.mdb:Geral,colunas_nomeadas
031420,22042294000238,BdGeral.mdb:Geral,colunas_nomeadas
031421,32965963000116,BdGeral.mdb:Geral,colunas_nomeadas
031422,08916636000190,BdGeral.mdb:Geral,colunas_nomeadas
031423,33307451000125,BdGeral.mdb:Geral,colunas_nomeadas
031424,35196394000180,BdGeral.mdb:Geral,colunas_nomeadas
031425,22333764000131,BdGeral.mdb:Geral,colunas_nomeadas
031426,03439755000185,BdGeral.mdb:Geral,colunas_nomeadas
031427,28731570000170,BdGeral.mdb:Geral,colunas_nomeadas
031428,26786919000146,BdGeral.mdb:Geral,colunas_nomeadas
031429,13805542000183,BdGeral.mdb:Geral,colunas_nomeadas
031430,19574592000183,BdGeral.mdb:Geral,colunas_nomeadas
031431,37834346000103,BdGeral.mdb:Geral,colunas_nomeadas
031432,20110728000000,Movime2.mdb:PagarReceber,scan_celula:VECT
031433,31395485000193,BdGeral.mdb:Geral,colunas_nomeadas
031434,01899414000167,BdGeral.mdb:Geral,colunas_nomeadas
031435,00360398000177,BdGeral.mdb:Geral,colunas_nomeadas
031436,00608284000101,BdGeral.mdb:Geral,colunas_nomeadas
031437,37886830000178,BdGeral.mdb:Geral,colunas_nomeadas
031438,07128161000104,BdGeral.mdb:Geral,colunas_nomeadas
031440,36311302000128,BdGeral.mdb:Geral,colunas_nomeadas
031441,72071541000200,BdGeral.mdb:Geral,colunas_nomeadas
031443,23412860000138,BdGeral.mdb:Geral,colunas_nomeadas
031444,13163179000140,BdGeral.mdb:Geral,colunas_nomeadas
031445,19056304000107,BdGeral.mdb:Geral,colunas_nomeadas
031446,06927516000162,BdGeral.mdb:Geral,colunas_nomeadas
031447,23797075000140,BdGeral.mdb:Geral,colunas_nomeadas
031449,00516828000601,BdGeral.mdb:Geral,colunas_nomeadas
031450,46743043000168,BdGeral.mdb:Geral,colunas_nomeadas
031451,14761615000145,BdGeral.mdb:Geral,colunas_nomeadas
031452,31110073000160,BdGeral.mdb:Geral,colunas_nomeadas
031453,37318644000132,BdGeral.mdb:Geral,colunas_nomeadas
031454,07903236000187,BdGeral.mdb:Geral,colunas_nomeadas
031455,02955426000124,BdGeral.mdb:Geral,colunas_nomeadas
031456,29995718000147,BdGeral.mdb:Geral,colunas_nomeadas
031457,05782087000209,BdGeral.mdb:Geral,colunas_nomeadas
031458,67156943000260,BdGeral.mdb:Geral,colunas_nomeadas
031459,20110701000000,Movime2.mdb:ComissoesPagas,scan_celula:DATA
031460,38284074000170,BdGeral.mdb:Geral,colunas_nomeadas
031461,06285674000166,BdGeral.mdb:Geral,colunas_nomeadas
031462,34121288000174,BdGeral.mdb:Geral,colunas_nomeadas
031463,19691793000160,BdGeral.mdb:Geral,colunas_nomeadas
031464,04929856000105,BdGeral.mdb:Geral,colunas_nomeadas
031465,04929130000164,BdGeral.mdb:Geral,colunas_nomeadas
031466,11769289000124,BdGeral.mdb:Geral,colunas_nomeadas
031467,15217260000190,BdGeral.mdb:Geral,colunas_nomeadas
031468,39439572000107,BdGeral.mdb:Geral,colunas_nomeadas
031470,39622121000100,BdGeral.mdb:Geral,colunas_nomeadas
031471,06374535000109,BdGeral.mdb:Geral,colunas_nomeadas
031472,34156855000128,BdGeral.mdb:Geral,colunas_nomeadas
031474,00880252000152,BdGeral.mdb:Geral,colunas_nomeadas
031475,14902594000130,BdGeral.mdb:Geral,colunas_nomeadas
031476,29289694000100,BdGeral.mdb:Geral,colunas_nomeadas
031477,21064229000160,BdGeral.mdb:Geral,colunas_nomeadas
031479,64807472000729,BdGeral.mdb:Geral,colunas_nomeadas
031480,37090175000147,BdGeral.mdb:Geral,colunas_nomeadas
031481,03501509000106,BdGeral.mdb:Geral,colunas_nomeadas
031482,23747315000100,BdGeral.mdb:Geral,colunas_nomeadas
031483,03255024000180,BdGeral.mdb:Geral,colunas_nomeadas
031484,37524986000109,BdGeral.mdb:Geral,colunas_nomeadas
031485,75189597000163,BdGeral.mdb:Geral,colunas_nomeadas
031486,76897297000100,BdGeral.mdb:Geral,colunas_nomeadas
031488,26481543000161,BdGeral.mdb:Geral,colunas_nomeadas
031489,79084489000187,BdGeral.mdb:Geral,colunas_nomeadas
031490,20222567000110,BdGeral.mdb:Geral,colunas_nomeadas
031492,39351334000145,BdGeral.mdb:Geral,colunas_nomeadas
031493,36754731000170,BdGeral.mdb:Geral,colunas_nomeadas
031495,39924222000136,BdGeral.mdb:Geral,colunas_nomeadas
031496,81488629000124,BdGeral.mdb:Geral,colunas_nomeadas
031497,19940640000100,BdGeral.mdb:Geral,colunas_nomeadas
031498,02867761000170,BdGeral.mdb:Geral,colunas_nomeadas
031499,38390033000168,BdGeral.mdb:Geral,colunas_nomeadas
031501,17978611000101,BdGeral.mdb:Geral,colunas_nomeadas
031502,37467771000101,BdGeral.mdb:Geral,colunas_nomeadas
031505,03542384000162,BdGeral.mdb:Geral,colunas_nomeadas
031506,02590231000128,BdGeral.mdb:Geral,colunas_nomeadas
031507,36812528000102,BdGeral.mdb:Geral,colunas_nomeadas
031508,39346963000187,BdGeral.mdb:Geral,colunas_nomeadas
031509,78872793000126,BdGeral.mdb:Geral,colunas_nomeadas
031510,30886293000206,BdGeral.mdb:Geral,colunas_nomeadas
031511,36028966000184,BdGeral.mdb:Geral,colunas_nomeadas
031512,39371255000104,BdGeral.mdb:Geral,colunas_nomeadas
031513,12334655000185,BdGeral.mdb:Geral,colunas_nomeadas
031514,75272252000179,BdGeral.mdb:Geral,colunas_nomeadas
031515,33068694000158,BdGeral.mdb:Geral,colunas_nomeadas
031516,29976075000194,BdGeral.mdb:Geral,colunas_nomeadas
031517,39158450000142,BdGeral.mdb:Geral,colunas_nomeadas
031518,40752526000142,BdGeral.mdb:Geral,colunas_nomeadas
031519,10957818000150,BdGeral.mdb:Geral,colunas_nomeadas
031521,30701191000180,BdGeral.mdb:Geral,colunas_nomeadas
031522,20682479000109,BdGeral.mdb:Geral,colunas_nomeadas
031523,18267242000101,BdGeral.mdb:Geral,colunas_nomeadas
031524,35061385000181,BdGeral.mdb:Geral,colunas_nomeadas
031525,20431725000141,BdGeral.mdb:Geral,colunas_nomeadas
031526,04387969000118,BdGeral.mdb:Geral,colunas_nomeadas
031528,39985994000188,BdGeral.mdb:Geral,colunas_nomeadas
031529,02955426000396,BdGeral.mdb:Geral,colunas_nomeadas
031530,18766262000127,BdGeral.mdb:Geral,colunas_nomeadas
031531,26419629000164,BdGeral.mdb:Geral,colunas_nomeadas
031532,78036787000139,BdGeral.mdb:Geral,colunas_nomeadas
031533,31751233000230,BdGeral.mdb:Geral,colunas_nomeadas
031534,14271846000170,BdGeral.mdb:Geral,colunas_nomeadas
031535,40832419000124,BdGeral.mdb:Geral,colunas_nomeadas
031536,23613501000149,BdGeral.mdb:Geral,colunas_nomeadas
031537,17810905000120,BdGeral.mdb:Geral,colunas_nomeadas
031538,06203464001072,BdGeral.mdb:Geral,colunas_nomeadas
031539,35204275000121,BdGeral.mdb:Geral,colunas_nomeadas
031540,14877413000163,BdGeral.mdb:Geral,colunas_nomeadas
031541,38505170000109,BdGeral.mdb:Geral,colunas_nomeadas
031542,36632620000190,BdGeral.mdb:Geral,colunas_nomeadas
031543,30955662000186,BdGeral.mdb:Geral,colunas_nomeadas
031545,40321203000102,BdGeral.mdb:Geral,colunas_nomeadas
031546,23427361000114,BdGeral.mdb:Geral,colunas_nomeadas
031548,18767336000140,BdGeral.mdb:Geral,colunas_nomeadas
031549,18986345000121,BdGeral.mdb:Geral,colunas_nomeadas
031551,40048635000183,BdGeral.mdb:Geral,colunas_nomeadas
031553,41515116000140,BdGeral.mdb:Geral,colunas_nomeadas
031554,33184719000189,BdGeral.mdb:Geral,colunas_nomeadas
031557,64293954000112,BdGeral.mdb:Geral,colunas_nomeadas
031558,08990985000151,BdGeral.mdb:Geral,colunas_nomeadas
031559,02390731000116,BdGeral.mdb:Geral,colunas_nomeadas
031561,41399145000194,BdGeral.mdb:Geral,colunas_nomeadas
031562,20120114000000,Movime2.mdb:PagarReceber,scan_celula:DTPG
031563,95393559000135,BdGeral.mdb:Geral,colunas_nomeadas
031564,95770954000190,BdGeral.mdb:Geral,colunas_nomeadas
031565,32879105000159,BdGeral.mdb:Geral,colunas_nomeadas
031566,11746071000154,BdGeral.mdb:Geral,colunas_nomeadas
031567,19910391000100,BdGeral.mdb:Geral,colunas_nomeadas
031568,60872306014039,BdGeral.mdb:Geral,colunas_nomeadas
031570,02803956000157,BdGeral.mdb:Geral,colunas_nomeadas
031571,41858477000190,BdGeral.mdb:Geral,colunas_nomeadas
031572,09427705000164,BdGeral.mdb:Geral,colunas_nomeadas
031573,05238995000732,BdGeral.mdb:Geral,colunas_nomeadas
031574,25117469000136,BdGeral.mdb:Geral,colunas_nomeadas
031575,11311333000158,BdGeral.mdb:Geral,colunas_nomeadas
031576,17134261000105,BdGeral.mdb:Geral,colunas_nomeadas
031577,40364300000174,BdGeral.mdb:Geral,colunas_nomeadas
031578,29237972000186,BdGeral.mdb:Geral,colunas_nomeadas
031579,40898069000107,BdGeral.mdb:Geral,colunas_nomeadas
031580,26766814000125,BdGeral.mdb:Geral,colunas_nomeadas
031581,33086119000188,BdGeral.mdb:Geral,colunas_nomeadas
031583,42543516000122,BdGeral.mdb:Geral,colunas_nomeadas
031584,26536011000184,BdGeral.mdb:Geral,colunas_nomeadas
031585,86907318000257,BdGeral.mdb:Geral,colunas_nomeadas
031586,24475814000302,BdGeral.mdb:Geral,colunas_nomeadas
031587,42726936000144,BdGeral.mdb:Geral,colunas_nomeadas
031588,13440446000189,BdGeral.mdb:Geral,colunas_nomeadas
031590,21642789000154,BdGeral.mdb:Geral,colunas_nomeadas
031591,24617207000178,BdGeral.mdb:Geral,colunas_nomeadas
031592,33390170001312,BdGeral.mdb:Geral,colunas_nomeadas
031593,07889115000128,BdGeral.mdb:Geral,colunas_nomeadas
031594,21169439000201,BdGeral.mdb:Geral,colunas_nomeadas
031595,07468468000154,BdGeral.mdb:Geral,colunas_nomeadas
031596,32877677000107,BdGeral.mdb:Geral,colunas_nomeadas
031597,42902599000107,BdGeral.mdb:Geral,colunas_nomeadas
031598,15514471000195,BdGeral.mdb:Geral,colunas_nomeadas
031599,16648543000150,BdGeral.mdb:Geral,colunas_nomeadas
031600,12538201000126,BdGeral.mdb:Geral,colunas_nomeadas
031601,16824384000105,BdGeral.mdb:Geral,colunas_nomeadas
031603,80534779000164,BdGeral.mdb:Geral,colunas_nomeadas
031604,04077089000145,BdGeral.mdb:Geral,colunas_nomeadas
031605,06196967000177,BdGeral.mdb:Geral,colunas_nomeadas
031607,33138005000134,BdGeral.mdb:Geral,colunas_nomeadas
031608,41115229000159,BdGeral.mdb:Geral,colunas_nomeadas
031609,36028966000184,BdGeral.mdb:Geral,colunas_nomeadas
031610,37718167000100,BdGeral.mdb:Geral,colunas_nomeadas
031611,43389176000190,BdGeral.mdb:Geral,colunas_nomeadas
031612,38317540000176,BdGeral.mdb:Geral,colunas_nomeadas
031613,05799133000193,BdGeral.mdb:Geral,colunas_nomeadas
031614,08515480000135,BdGeral.mdb:Geral,colunas_nomeadas
031615,23161978000130,BdGeral.mdb:Geral,colunas_nomeadas
031616,42770512000187,BdGeral.mdb:Geral,colunas_nomeadas
031617,08515480000216,BdGeral.mdb:Geral,colunas_nomeadas
031618,28280788000156,BdGeral.mdb:Geral,colunas_nomeadas
031619,06243062000100,BdGeral.mdb:Geral,colunas_nomeadas
031620,04409161000194,BdGeral.mdb:Geral,colunas_nomeadas
031621,31263430000120,BdGeral.mdb:Geral,colunas_nomeadas
031622,43087370000110,BdGeral.mdb:Geral,colunas_nomeadas
031623,27354410000197,BdGeral.mdb:Geral,colunas_nomeadas
031624,80247984000149,BdGeral.mdb:Geral,colunas_nomeadas
031625,25261327000148,BdGeral.mdb:Geral,colunas_nomeadas
031626,05691734000188,BdGeral.mdb:Geral,colunas_nomeadas
031627,04531151000127,BdGeral.mdb:Geral,colunas_nomeadas
031628,80228893000166,BdGeral.mdb:Geral,colunas_nomeadas
031629,43152899000170,BdGeral.mdb:Geral,colunas_nomeadas
031630,78420718000205,BdGeral.mdb:Geral,colunas_nomeadas
031631,76214022000205,BdGeral.mdb:Geral,colunas_nomeadas
031632,43087370000200,BdGeral.mdb:Geral,colunas_nomeadas
031633,11257047000151,BdGeral.mdb:Geral,colunas_nomeadas
031634,01957916000105,BdGeral.mdb:Geral,colunas_nomeadas
031635,41516904000151,BdGeral.mdb:Geral,colunas_nomeadas
031636,42876858000164,BdGeral.mdb:Geral,colunas_nomeadas
031637,05284079000143,BdGeral.mdb:Geral,colunas_nomeadas
031639,76105568000139,BdGeral.mdb:Geral,colunas_nomeadas
031640,13899980000158,BdGeral.mdb:Geral,colunas_nomeadas
031641,43397029000161,BdGeral.mdb:Geral,colunas_nomeadas
031642,43739437000154,BdGeral.mdb:Geral,colunas_nomeadas
031644,40113336000185,BdGeral.mdb:Geral,colunas_nomeadas
031645,17469701026052,BdGeral.mdb:Geral,colunas_nomeadas
031646,31174772000173,BdGeral.mdb:Geral,colunas_nomeadas
031648,42253438000121,BdGeral.mdb:Geral,colunas_nomeadas
031649,09264635000170,BdGeral.mdb:Geral,colunas_nomeadas
031650,41853762000118,BdGeral.mdb:Geral,colunas_nomeadas
031651,36121389000170,BdGeral.mdb:Geral,colunas_nomeadas
031652,23569259000153,BdGeral.mdb:Geral,colunas_nomeadas
031653,23219445000162,BdGeral.mdb:Geral,colunas_nomeadas
031654,20110728000000,Movime2.mdb:ComissoesPagas,scan_celula:DATA
031655,04752923000150,BdGeral.mdb:Geral,colunas_nomeadas
031656,89637490013395,BdGeral.mdb:Geral,colunas_nomeadas
031657,20110728000000,Movime2.mdb:ComissoesPagas,scan_celula:DATA
031658,12235018000151,BdGeral.mdb:Geral,colunas_nomeadas
031659,41744029000165,BdGeral.mdb:Geral,colunas_nomeadas
031660,28140339000102,BdGeral.mdb:Geral,colunas_nomeadas
031661,15761267000179,BdGeral.mdb:Geral,colunas_nomeadas
031662,02807490000168,BdGeral.mdb:Geral,colunas_nomeadas
031663,01069205000196,BdGeral.mdb:Geral,colunas_nomeadas
031664,07858498000177,BdGeral.mdb:Geral,colunas_nomeadas
031666,05064956000170,BdGeral.mdb:Geral,colunas_nomeadas
031667,43294458000103,BdGeral.mdb:Geral,colunas_nomeadas
031669,33059316000108,BdGeral.mdb:Geral,colunas_nomeadas
031670,42652698000170,BdGeral.mdb:Geral,colunas_nomeadas
031671,33385588000106,BdGeral.mdb:Geral,colunas_nomeadas
031672,44027069000184,BdGeral.mdb:Geral,colunas_nomeadas
031673,43087370000382,BdGeral.mdb:Geral,colunas_nomeadas
031674,42966962000140,BdGeral.mdb:Geral,colunas_nomeadas
031675,30886293000117,BdGeral.mdb:Geral,colunas_nomeadas
031676,39942711000110,BdGeral.mdb:Geral,colunas_nomeadas
031677,44722697000180,BdGeral.mdb:Geral,colunas_nomeadas
031678,20927059001885,BdGeral.mdb:Geral,colunas_nomeadas
031679,06102814000113,BdGeral.mdb:Geral,colunas_nomeadas
031680,16734708000106,BdGeral.mdb:Geral,colunas_nomeadas
031681,85324911000399,BdGeral.mdb:Geral,colunas_nomeadas
031682,24705881000538,BdGeral.mdb:Geral,colunas_nomeadas
031683,15833925000190,BdGeral.mdb:Geral,colunas_nomeadas
031684,04878099000180,BdGeral.mdb:Geral,colunas_nomeadas
031686,08076585000135,BdGeral.mdb:Geral,colunas_nomeadas
031687,04850861000110,BdGeral.mdb:Geral,colunas_nomeadas
031688,14690370000102,BdGeral.mdb:Geral,colunas_nomeadas
031689,80534779000679,BdGeral.mdb:Geral,colunas_nomeadas
031690,88074364000167,BdGeral.mdb:Geral,colunas_nomeadas
031691,61887899000524,BdGeral.mdb:Geral,colunas_nomeadas
031692,38284041000120,BdGeral.mdb:Geral,colunas_nomeadas
031693,18446553000138,BdGeral.mdb:Geral,colunas_nomeadas
031694,28753149000160,BdGeral.mdb:Geral,colunas_nomeadas
031695,35540155000103,BdGeral.mdb:Geral,colunas_nomeadas
031696,34107324000145,BdGeral.mdb:Geral,colunas_nomeadas
031697,06101244000490,BdGeral.mdb:Geral,colunas_nomeadas
031698,33391434000895,BdGeral.mdb:Geral,colunas_nomeadas
031699,31383051000173,BdGeral.mdb:Geral,colunas_nomeadas
031700,07391621000192,BdGeral.mdb:Geral,colunas_nomeadas
031703,81512386000112,BdGeral.mdb:Geral,colunas_nomeadas
031704,30763466000100,BdGeral.mdb:Geral,colunas_nomeadas
031705,33725768000181,BdGeral.mdb:Geral,colunas_nomeadas
031706,06937383000105,BdGeral.mdb:Geral,colunas_nomeadas
031707,46432330000238,BdGeral.mdb:Geral,colunas_nomeadas
031708,05440725000114,BdGeral.mdb:Geral,colunas_nomeadas
031709,42238885000101,BdGeral.mdb:Geral,colunas_nomeadas
031710,09631678000147,BdGeral.mdb:Geral,colunas_nomeadas
031711,20110927000000,Movime2.mdb:PagarReceber,scan_celula:DTPG
031712,45964612000132,BdGeral.mdb:Geral,colunas_nomeadas
031713,07513738000100,BdGeral.mdb:Geral,colunas_nomeadas
031714,11692750000198,BdGeral.mdb:Geral,colunas_nomeadas
031715,21308387000207,BdGeral.mdb:Geral,colunas_nomeadas
031716,36435202000103,BdGeral.mdb:Geral,colunas_nomeadas
031717,06085255000180,BdGeral.mdb:Geral,colunas_nomeadas
031718,03776742000100,BdGeral.mdb:Geral,colunas_nomeadas
031719,20110809000000,Movime2.mdb:ComissoesPagas,scan_celula:DATA
031720,08304989000139,BdGeral.mdb:Geral,colunas_nomeadas
031721,19579993000126,BdGeral.mdb:Geral,colunas_nomeadas
031722,09449432000159,BdGeral.mdb:Geral,colunas_nomeadas
031723,45022377000180,BdGeral.mdb:Geral,colunas_nomeadas
031724,37978740000107,BdGeral.mdb:Geral,colunas_nomeadas
031726,33391434002758,BdGeral.mdb:Geral,colunas_nomeadas
031727,19990629000154,BdGeral.mdb:Geral,colunas_nomeadas
031728,01272356000147,BdGeral.mdb:Geral,colunas_nomeadas
031729,44994243000168,BdGeral.mdb:Geral,colunas_nomeadas
031730,46745825000136,BdGeral.mdb:Geral,colunas_nomeadas
031731,31805883000130,BdGeral.mdb:Geral,colunas_nomeadas
031732,08496421000167,BdGeral.mdb:Geral,colunas_nomeadas
031733,72455876000133,BdGeral.mdb:Geral,colunas_nomeadas
031734,14898558000140,BdGeral.mdb:Geral,colunas_nomeadas
031735,12695344000141,BdGeral.mdb:Geral,colunas_nomeadas
031736,40896982000166,BdGeral.mdb:Geral,colunas_nomeadas
031737,38268135000105,BdGeral.mdb:Geral,colunas_nomeadas
031738,33642710000174,BdGeral.mdb:Geral,colunas_nomeadas
031739,09348102000258,BdGeral.mdb:Geral,colunas_nomeadas
031740,13095761000116,BdGeral.mdb:Geral,colunas_nomeadas
031741,42816584000118,BdGeral.mdb:Geral,colunas_nomeadas
031742,45554764000167,BdGeral.mdb:Geral,colunas_nomeadas
031743,18087024000195,BdGeral.mdb:Geral,colunas_nomeadas
031744,15833925000433,BdGeral.mdb:Geral,colunas_nomeadas
031745,18223283000104,BdGeral.mdb:Geral,colunas_nomeadas
031746,92682038013511,BdGeral.mdb:Geral,colunas_nomeadas
031747,11447568000171,BdGeral.mdb:Geral,colunas_nomeadas
031748,51843514000140,BdGeral.mdb:Geral,colunas_nomeadas
031749,45892628000187,BdGeral.mdb:Geral,colunas_nomeadas
031750,84898758000189,BdGeral.mdb:Geral,colunas_nomeadas
031751,47405140000103,BdGeral.mdb:Geral,colunas_nomeadas
031754,32494689000144,BdGeral.mdb:Geral,colunas_nomeadas
031755,26454324000193,BdGeral.mdb:Geral,colunas_nomeadas
031757,21481219000120,BdGeral.mdb:Geral,colunas_nomeadas
031758,05024057000144,BdGeral.mdb:Geral,colunas_nomeadas
031759,18604014000180,BdGeral.mdb:Geral,colunas_nomeadas
031761,25016772000142,BdGeral.mdb:Geral,colunas_nomeadas
031762,41775027000133,BdGeral.mdb:Geral,colunas_nomeadas
031763,47861245000177,BdGeral.mdb:Geral,colunas_nomeadas
031764,45992535000396,BdGeral.mdb:Geral,colunas_nomeadas
031765,02691420000197,BdGeral.mdb:Geral,colunas_nomeadas
031766,36620191000131,BdGeral.mdb:Geral,colunas_nomeadas
031767,36944974000170,BdGeral.mdb:Geral,colunas_nomeadas
031768,18017671000120,BdGeral.mdb:Geral,colunas_nomeadas
031769,00368885000186,BdGeral.mdb:Geral,colunas_nomeadas
031770,43426511000182,BdGeral.mdb:Geral,colunas_nomeadas
031771,44525261000109,BdGeral.mdb:Geral,colunas_nomeadas
031772,22801404000117,BdGeral.mdb:Geral,colunas_nomeadas
031773,82248212000157,BdGeral.mdb:Geral,colunas_nomeadas
031775,30952569000118,BdGeral.mdb:Geral,colunas_nomeadas
031776,23159282000170,BdGeral.mdb:Geral,colunas_nomeadas
031777,09260717000147,BdGeral.mdb:Geral,colunas_nomeadas
031778,00669977000104,BdGeral.mdb:Geral,colunas_nomeadas
031779,26728182000105,BdGeral.mdb:Geral,colunas_nomeadas
031780,78727021000281,BdGeral.mdb:Geral,colunas_nomeadas
031781,79975819000124,BdGeral.mdb:Geral,colunas_nomeadas
031782,13310764000125,BdGeral.mdb:Geral,colunas_nomeadas
031783,39625462000130,BdGeral.mdb:Geral,colunas_nomeadas
031784,03315261000199,BdGeral.mdb:Geral,colunas_nomeadas
031785,05211777000119,BdGeral.mdb:Geral,colunas_nomeadas
031786,03298956000100,BdGeral.mdb:Geral,colunas_nomeadas
031787,00399857000479,BdGeral.mdb:Geral,colunas_nomeadas
031788,01323257000147,BdGeral.mdb:Geral,colunas_nomeadas
031790,46127511000170,BdGeral.mdb:Geral,colunas_nomeadas
031791,18213410000186,BdGeral.mdb:Geral,colunas_nomeadas
031792,76324060000121,BdGeral.mdb:Geral,colunas_nomeadas
031793,11594129000191,BdGeral.mdb:Geral,colunas_nomeadas
031794,33072942000134,BdGeral.mdb:Geral,colunas_nomeadas
031795,15109383000612,BdGeral.mdb:Geral,colunas_nomeadas
031796,17755358000127,BdGeral.mdb:Geral,colunas_nomeadas
031797,47287382000140,BdGeral.mdb:Geral,colunas_nomeadas
031798,08204014000139,BdGeral.mdb:Geral,colunas_nomeadas
031799,33390416000112,BdGeral.mdb:Geral,colunas_nomeadas
031800,42949070000130,BdGeral.mdb:Geral,colunas_nomeadas
031801,73338824000140,BdGeral.mdb:Geral,colunas_nomeadas
031802,42913371000295,BdGeral.mdb:Geral,colunas_nomeadas
031803,41769363000173,BdGeral.mdb:Geral,colunas_nomeadas
031805,26231991000107,BdGeral.mdb:Geral,colunas_nomeadas
031806,58793852000163,BdGeral.mdb:Geral,colunas_nomeadas
031807,26360007000108,BdGeral.mdb:Geral,colunas_nomeadas
031808,34019734000134,BdGeral.mdb:Geral,colunas_nomeadas
031809,41562098000158,BdGeral.mdb:Geral,colunas_nomeadas
031810,45944322000127,BdGeral.mdb:Geral,colunas_nomeadas
031811,05057808000129,BdGeral.mdb:Geral,colunas_nomeadas
031812,44192170000190,BdGeral.mdb:Geral,colunas_nomeadas
031813,04116843000109,BdGeral.mdb:Geral,colunas_nomeadas
031814,78800927000101,BdGeral.mdb:Geral,colunas_nomeadas
031815,45964612000302,BdGeral.mdb:Geral,colunas_nomeadas
031816,26842584000136,BdGeral.mdb:Geral,colunas_nomeadas
031817,20416182000193,BdGeral.mdb:Geral,colunas_nomeadas
031818,44611387000198,BdGeral.mdb:Geral,colunas_nomeadas
031819,12272655000106,BdGeral.mdb:Geral,colunas_nomeadas
031820,27936787000154,BdGeral.mdb:Geral,colunas_nomeadas
031821,77555332000167,BdGeral.mdb:Geral,colunas_nomeadas
031822,02788785000134,BdGeral.mdb:Geral,colunas_nomeadas
031823,46495687000184,BdGeral.mdb:Geral,colunas_nomeadas
031824,49791925000197,BdGeral.mdb:Geral,colunas_nomeadas
031825,40605019000186,BdGeral.mdb:Geral,colunas_nomeadas
031826,21685282000188,BdGeral.mdb:Geral,colunas_nomeadas
031827,11625010000139,BdGeral.mdb:Geral,colunas_nomeadas
031828,06234143000144,BdGeral.mdb:Geral,colunas_nomeadas
031829,03260939000183,BdGeral.mdb:Geral,colunas_nomeadas
031831,17721460000101,BdGeral.mdb:Geral,colunas_nomeadas
031832,81027328000101,BdGeral.mdb:Geral,colunas_nomeadas
031833,07580512007630,BdGeral.mdb:Geral,colunas_nomeadas
031834,80607609000162,BdGeral.mdb:Geral,colunas_nomeadas
031835,23550616000131,BdGeral.mdb:Geral,colunas_nomeadas
031836,01187093000178,BdGeral.mdb:Geral,colunas_nomeadas
031837,22686757000113,BdGeral.mdb:Geral,colunas_nomeadas
031838,30096245000125,BdGeral.mdb:Geral,colunas_nomeadas
031839,26842122000119,BdGeral.mdb:Geral,colunas_nomeadas
031840,09622768000171,BdGeral.mdb:Geral,colunas_nomeadas
031841,36944974000251,BdGeral.mdb:Geral,colunas_nomeadas
031842,50675155000104,BdGeral.mdb:Geral,colunas_nomeadas
031843,35084058000307,BdGeral.mdb:Geral,colunas_nomeadas
031844,30473452000232,BdGeral.mdb:Geral,colunas_nomeadas
031845,11187105000118,BdGeral.mdb:Geral,colunas_nomeadas
031846,45348990000191,BdGeral.mdb:Geral,colunas_nomeadas
031849,04613547000113,BdGeral.mdb:Geral,colunas_nomeadas
031850,37856160000147,BdGeral.mdb:Geral,colunas_nomeadas
031851,07580512007983,BdGeral.mdb:Geral,colunas_nomeadas
031852,37658831000165,BdGeral.mdb:Geral,colunas_nomeadas
031853,47791248000181,BdGeral.mdb:Geral,colunas_nomeadas
031854,20230628000000,BdGeral.mdb:Geral,scan_celula:DATA
031855,20165293000174,BdGeral.mdb:Geral,colunas_nomeadas
031857,45285443000104,BdGeral.mdb:Geral,colunas_nomeadas
031858,05242583000180,BdGeral.mdb:Geral,colunas_nomeadas
031859,07034414000180,BdGeral.mdb:Geral,colunas_nomeadas
031860,50013738000161,BdGeral.mdb:Geral,colunas_nomeadas
031861,33391434001603,BdGeral.mdb:Geral,colunas_nomeadas
031862,46019136000144,BdGeral.mdb:Geral,colunas_nomeadas
031863,10421268000150,BdGeral.mdb:Geral,colunas_nomeadas
031864,34299894000184,BdGeral.mdb:Geral,colunas_nomeadas
031865,42493126000195,BdGeral.mdb:Geral,colunas_nomeadas
031866,45492644000182,BdGeral.mdb:Geral,colunas_nomeadas
031867,38875613000145,BdGeral.mdb:Geral,colunas_nomeadas
031868,19060242000107,BdGeral.mdb:Geral,colunas_nomeadas
031869,09232732000181,BdGeral.mdb:Geral,colunas_nomeadas
031870,46988501000129,BdGeral.mdb:Geral,colunas_nomeadas
031871,20111030000000,Movime2.mdb:PagarReceber,scan_celula:PGTO
031872,48755341000101,BdGeral.mdb:Geral,colunas_nomeadas
031873,26865314000140,BdGeral.mdb:Geral,colunas_nomeadas
031874,46705262000152,BdGeral.mdb:Geral,colunas_nomeadas
031875,08321062000107,BdGeral.mdb:Geral,colunas_nomeadas
031876,51585758000170,BdGeral.mdb:Geral,colunas_nomeadas
031877,15687871000100,BdGeral.mdb:Geral,colunas_nomeadas
031878,79223673000160,BdGeral.mdb:Geral,colunas_nomeadas
031879,46673350000110,BdGeral.mdb:Geral,colunas_nomeadas
031880,04613547000466,BdGeral.mdb:Geral,colunas_nomeadas
031881,42105682000147,BdGeral.mdb:Geral,colunas_nomeadas
031882,52138204000197,BdGeral.mdb:Geral,colunas_nomeadas
031883,05822840000153,BdGeral.mdb:Geral,colunas_nomeadas
031884,49647350000133,BdGeral.mdb:Geral,colunas_nomeadas
031885,45824095000104,BdGeral.mdb:Geral,colunas_nomeadas
031886,02621857000154,BdGeral.mdb:Geral,colunas_nomeadas
031887,08349614000195,BdGeral.mdb:Geral,colunas_nomeadas
031888,14807945000558,BdGeral.mdb:Geral,colunas_nomeadas
031889,40499756000141,BdGeral.mdb:Geral,colunas_nomeadas
031890,12474181000177,BdGeral.mdb:Geral,colunas_nomeadas
031891,49195320000133,BdGeral.mdb:Geral,colunas_nomeadas
031892,14807945000124,BdGeral.mdb:Geral,colunas_nomeadas
031894,41981789000196,BdGeral.mdb:Geral,colunas_nomeadas
031895,44949795000154,BdGeral.mdb:Geral,colunas_nomeadas
031896,20808864000141,BdGeral.mdb:Geral,colunas_nomeadas
031897,97008262000134,BdGeral.mdb:Geral,colunas_nomeadas
031898,26573303000197,BdGeral.mdb:Geral,colunas_nomeadas
031899,77143402000331,BdGeral.mdb:Geral,colunas_nomeadas
031900,52727586000194,BdGeral.mdb:Geral,colunas_nomeadas
031901,07581063000128,BdGeral.mdb:Geral,colunas_nomeadas
031902,03684669001533,BdGeral.mdb:Geral,colunas_nomeadas
031903,42618685000184,BdGeral.mdb:Geral,colunas_nomeadas
031904,51047939000142,BdGeral.mdb:Geral,colunas_nomeadas
031905,78245859000158,BdGeral.mdb:Geral,colunas_nomeadas
031906,81129215000109,BdGeral.mdb:Geral,colunas_nomeadas
031907,80696479000181,BdGeral.mdb:Geral,colunas_nomeadas
031908,17717233000102,BdGeral.mdb:Geral,colunas_nomeadas
031909,19758842000801,BdGeral.mdb:Geral,colunas_nomeadas
031910,01400805000195,BdGeral.mdb:Geral,colunas_nomeadas
031911,29828726000107,BdGeral.mdb:Geral,colunas_nomeadas
031912,52702204000178,BdGeral.mdb:Geral,colunas_nomeadas
031913,22713033000111,BdGeral.mdb:Geral,colunas_nomeadas
031914,06320132000187,BdGeral.mdb:Geral,colunas_nomeadas
031915,52547823000135,BdGeral.mdb:Geral,colunas_nomeadas
031916,52118369000105,BdGeral.mdb:Geral,colunas_nomeadas
031917,53904235000174,BdGeral.mdb:Geral,colunas_nomeadas
031919,45942967000120,BdGeral.mdb:Geral,colunas_nomeadas
031920,31012085000151,BdGeral.mdb:Geral,colunas_nomeadas
031922,03579909000134,BdGeral.mdb:Geral,colunas_nomeadas
031923,06025749000170,BdGeral.mdb:Geral,colunas_nomeadas
031924,28390929000193,BdGeral.mdb:Geral,colunas_nomeadas
031925,07296109000167,BdGeral.mdb:Geral,colunas_nomeadas
031926,34446009000142,BdGeral.mdb:Geral,colunas_nomeadas
031927,51851101000107,BdGeral.mdb:Geral,colunas_nomeadas
031928,32122135000116,BdGeral.mdb:Geral,colunas_nomeadas
031929,19917016000191,BdGeral.mdb:Geral,colunas_nomeadas
031930,42857103000112,BdGeral.mdb:Geral,colunas_nomeadas
031931,44767501000173,BdGeral.mdb:Geral,colunas_nomeadas
031933,54442440000128,BdGeral.mdb:Geral,colunas_nomeadas
031934,48374913000102,BdGeral.mdb:Geral,colunas_nomeadas
031935,33370680000194,BdGeral.mdb:Geral,colunas_nomeadas
031938,51578493000182,BdGeral.mdb:Geral,colunas_nomeadas
031939,17542288000129,BdGeral.mdb:Geral,colunas_nomeadas
031940,53944254000124,BdGeral.mdb:Geral,colunas_nomeadas
031941,15576609000261,BdGeral.mdb:Geral,colunas_nomeadas
031942,13505036000179,BdGeral.mdb:Geral,colunas_nomeadas
031943,23282603000129,BdGeral.mdb:Geral,colunas_nomeadas
031944,04023387000152,BdGeral.mdb:Geral,colunas_nomeadas
031945,54782401000170,BdGeral.mdb:Geral,colunas_nomeadas
031946,52442268000187,BdGeral.mdb:Geral,colunas_nomeadas
031947,52824129000118,BdGeral.mdb:Geral,colunas_nomeadas
031948,61123543000603,BdGeral.mdb:Geral,colunas_nomeadas
031949,00106150000184,BdGeral.mdb:Geral,colunas_nomeadas
031950,55464252000163,BdGeral.mdb:Geral,colunas_nomeadas
031951,04838302000194,BdGeral.mdb:Geral,colunas_nomeadas
031952,14915803000180,BdGeral.mdb:Geral,colunas_nomeadas
031953,00137544000108,BdGeral.mdb:Geral,colunas_nomeadas
031954,54223681000267,BdGeral.mdb:Geral,colunas_nomeadas
031955,17992281000109,BdGeral.mdb:Geral,colunas_nomeadas
031956,00497184000147,BdGeral.mdb:Geral,colunas_nomeadas
031957,42361232000115,BdGeral.mdb:Geral,colunas_nomeadas
031958,55842337000138,BdGeral.mdb:Geral,colunas_nomeadas
031959,50056420000168,BdGeral.mdb:Geral,colunas_nomeadas
031960,41177839000187,BdGeral.mdb:Geral,colunas_nomeadas
031961,82191941000700,BdGeral.mdb:Geral,colunas_nomeadas
031962,82191941000700,BdGeral.mdb:Geral,colunas_nomeadas
031963,11782615000133,BdGeral.mdb:Geral,colunas_nomeadas
031964,53659005000197,BdGeral.mdb:Geral,colunas_nomeadas
031965,00084048000125,BdGeral.mdb:Geral,colunas_nomeadas
031966,12560360000127,BdGeral.mdb:Geral,colunas_nomeadas
031967,40942600000193,BdGeral.mdb:Geral,colunas_nomeadas
031968,75117101000146,BdGeral.mdb:Geral,colunas_nomeadas
031969,27881161000198,BdGeral.mdb:Geral,colunas_nomeadas
031970,02499799000138,BdGeral.mdb:Geral,colunas_nomeadas
031971,08250481001258,BdGeral.mdb:Geral,colunas_nomeadas
031972,44561648000102,BdGeral.mdb:Geral,colunas_nomeadas
031973,73244626000117,BdGeral.mdb:Geral,colunas_nomeadas
031974,22009456000155,BdGeral.mdb:Geral,colunas_nomeadas
031975,44845915000173,BdGeral.mdb:Geral,colunas_nomeadas
031976,56146003000192,BdGeral.mdb:Geral,colunas_nomeadas
031977,45765914000181,BdGeral.mdb:Geral,colunas_nomeadas
031978,39742237000183,BdGeral.mdb:Geral,colunas_nomeadas
031979,04247051000173,BdGeral.mdb:Geral,colunas_nomeadas
031980,03615616000165,BdGeral.mdb:Geral,colunas_nomeadas
031981,23458368000101,BdGeral.mdb:Geral,colunas_nomeadas
031982,07881860000120,BdGeral.mdb:Geral,colunas_nomeadas
031983,22038015000181,BdGeral.mdb:Geral,colunas_nomeadas
031984,39377565000128,BdGeral.mdb:Geral,colunas_nomeadas
031985,09196961000198,BdGeral.mdb:Geral,colunas_nomeadas
031986,76152578000125,BdGeral.mdb:Geral,colunas_nomeadas
031987,22252294000181,BdGeral.mdb:Geral,colunas_nomeadas
031988,23515144000186,BdGeral.mdb:Geral,colunas_nomeadas
031989,57214096000108,BdGeral.mdb:Geral,colunas_nomeadas
031990,11282990000114,BdGeral.mdb:Geral,colunas_nomeadas
031991,43363381000500,BdGeral.mdb:Geral,colunas_nomeadas
031992,57317744000151,BdGeral.mdb:Geral,colunas_nomeadas
031993,43363381000771,BdGeral.mdb:Geral,colunas_nomeadas
031994,43363381000186,BdGeral.mdb:Geral,colunas_nomeadas
031995,58342641000104,BdGeral.mdb:Geral,colunas_nomeadas
031996,19281807003789,BdGeral.mdb:Geral,colunas_nomeadas
031997,04643290000142,BdGeral.mdb:Geral,colunas_nomeadas
031998,34668821000112,BdGeral.mdb:Geral,colunas_nomeadas
031999,51439514000189,BdGeral.mdb:Geral,colunas_nomeadas
032000,53845917000153,BdGeral.mdb:Geral,colunas_nomeadas
032001,56993565000171,BdGeral.mdb:Geral,colunas_nomeadas
032002,18098984000150,BdGeral.mdb:Geral,colunas_nomeadas
032003,17157264000318,BdGeral.mdb:Geral,colunas_nomeadas
032004,10567529000145,BdGeral.mdb:Geral,colunas_nomeadas
032005,38414523000157,BdGeral.mdb:Geral,colunas_nomeadas
032006,57804693000192,BdGeral.mdb:Geral,colunas_nomeadas
032007,76487651000624,BdGeral.mdb:Geral,colunas_nomeadas
032008,34606617000177,BdGeral.mdb:Geral,colunas_nomeadas
032009,38826620000157,BdGeral.mdb:Geral,colunas_nomeadas
032010,03436676000110,BdGeral.mdb:Geral,colunas_nomeadas
032011,34230979010098,BdGeral.mdb:Geral,colunas_nomeadas
032012,58289597000116,BdGeral.mdb:Geral,colunas_nomeadas
032014,73247611000102,BdGeral.mdb:Geral,colunas_nomeadas
032015,29910313000169,BdGeral.mdb:Geral,colunas_nomeadas
032016,77639136000170,BdGeral.mdb:Geral,colunas_nomeadas
032017,29919204000102,BdGeral.mdb:Geral,colunas_nomeadas
032018,51486313000132,BdGeral.mdb:Geral,colunas_nomeadas
032019,47629318000108,BdGeral.mdb:Geral,colunas_nomeadas
032020,47629318000108,BdGeral.mdb:Geral,colunas_nomeadas
032021,35387973000371,BdGeral.mdb:Geral,colunas_nomeadas
032022,29644666000164,BdGeral.mdb:Geral,colunas_nomeadas
032023,15471160000196,BdGeral.mdb:Geral,colunas_nomeadas
032024,33154534000121,BdGeral.mdb:Geral,colunas_nomeadas
032025,41770193000147,BdGeral.mdb:Geral,colunas_nomeadas
032026,46153497000189,BdGeral.mdb:Geral,colunas_nomeadas
032027,51723991000171,BdGeral.mdb:Geral,colunas_nomeadas
032028,60872306004076,BdGeral.mdb:Geral,colunas_nomeadas
032029,53447535000171,BdGeral.mdb:Geral,colunas_nomeadas
032030,36840782000114,BdGeral.mdb:Geral,colunas_nomeadas
032031,51997925000190,BdGeral.mdb:Geral,colunas_nomeadas
032032,14647321000197,BdGeral.mdb:Geral,colunas_nomeadas
032033,28466342000110,BdGeral.mdb:Geral,colunas_nomeadas
032034,59933151000145,BdGeral.mdb:Geral,colunas_nomeadas
032036,49671826000171,BdGeral.mdb:Geral,colunas_nomeadas
032037,05552426000171,BdGeral.mdb:Geral,colunas_nomeadas
032038,03177079000119,BdGeral.mdb:Geral,colunas_nomeadas
032039,29355874000143,BdGeral.mdb:Geral,colunas_nomeadas
032040,30196122000166,BdGeral.mdb:Geral,colunas_nomeadas
032041,04171382000177,BdGeral.mdb:Geral,colunas_nomeadas
032042,25261948000121,BdGeral.mdb:Geral,colunas_nomeadas
032043,10429087000170,BdGeral.mdb:Geral,colunas_nomeadas
032044,56368068000182,BdGeral.mdb:Geral,colunas_nomeadas
032045,45549175000190,BdGeral.mdb:Geral,colunas_nomeadas
032046,60663483000136,BdGeral.mdb:Geral,colunas_nomeadas
032047,23858708000183,BdGeral.mdb:Geral,colunas_nomeadas
032048,56074117000174,BdGeral.mdb:Geral,colunas_nomeadas
032049,41832055000145,BdGeral.mdb:Geral,colunas_nomeadas
032050,79879318000225,BdGeral.mdb:Geral,colunas_nomeadas
032051,53535248000113,BdGeral.mdb:Geral,colunas_nomeadas
032052,79579876000194,BdGeral.mdb:Geral,colunas_nomeadas
032053,75994764000149,BdGeral.mdb:Geral,colunas_nomeadas
032054,59243066000155,BdGeral.mdb:Geral,colunas_nomeadas
032056,10218452000106,BdGeral.mdb:Geral,colunas_nomeadas
032057,09091832000135,BdGeral.mdb:Geral,colunas_nomeadas
032058,43818325000199,BdGeral.mdb:Geral,colunas_nomeadas
032059,34230979005094,BdGeral.mdb:Geral,colunas_nomeadas
032060,54628834000256,BdGeral.mdb:Geral,colunas_nomeadas
032061,45520311000110,BdGeral.mdb:Geral,colunas_nomeadas
032062,55291601000192,BdGeral.mdb:Geral,colunas_nomeadas
032063,86532538003269,BdGeral.mdb:Geral,colunas_nomeadas
032064,33002620000119,BdGeral.mdb:Geral,colunas_nomeadas
032065,17330842000104,BdGeral.mdb:Geral,colunas_nomeadas
032066,04131838000175,BdGeral.mdb:Geral,colunas_nomeadas
032067,13035660000150,BdGeral.mdb:Geral,colunas_nomeadas
032068,42276812000104,BdGeral.mdb:Geral,colunas_nomeadas
032069,05282985000109,BdGeral.mdb:Geral,colunas_nomeadas
032070,59177762000100,BdGeral.mdb:Geral,colunas_nomeadas
032071,03402181001223,BdGeral.mdb:Geral,colunas_nomeadas
032072,46517696000129,BdGeral.mdb:Geral,colunas_nomeadas
032073,47896207000150,BdGeral.mdb:Geral,colunas_nomeadas
032074,03409876000184,BdGeral.mdb:Geral,colunas_nomeadas
032076,59651507000158,BdGeral.mdb:Geral,colunas_nomeadas
032077,61279583000126,BdGeral.mdb:Geral,colunas_nomeadas
032078,30869023000106,BdGeral.mdb:Geral,colunas_nomeadas
032079,07217620000126,BdGeral.mdb:Geral,colunas_nomeadas
032080,08689024000292,BdGeral.mdb:Geral,colunas_nomeadas
032081,76039130000108,BdGeral.mdb:Geral,colunas_nomeadas
032082,12274297000162,BdGeral.mdb:Geral,colunas_nomeadas
032083,00357719000184,BdGeral.mdb:Geral,colunas_nomeadas
032084,04484640000175,BdGeral.mdb:Geral,colunas_nomeadas
032085,10193702000273,BdGeral.mdb:Geral,colunas_nomeadas
032086,33248214000130,BdGeral.mdb:Geral,colunas_nomeadas
032087,20110927000000,Movime2.mdb:ComissoesPagas,scan_celula:DATA
032088,46374203000149,BdGeral.mdb:Geral,colunas_nomeadas
032089,50120749000140,BdGeral.mdb:Geral,colunas_nomeadas
032090,50120749000140,BdGeral.mdb:Geral,colunas_nomeadas
032091,57951680000146,BdGeral.mdb:Geral,colunas_nomeadas
032092,75994764000491,BdGeral.mdb:Geral,colunas_nomeadas
032093,82246117000114,BdGeral.mdb:Geral,colunas_nomeadas
032094,20110927000000,Movime2.mdb:ComissoesPagas,scan_celula:DATA
032095,28313715000202,BdGeral.mdb:Geral,colunas_nomeadas
032096,20110927000000,Movime2.mdb:ComissoesPagas,scan_celula:DATA
032097,60501295000101,BdGeral.mdb:Geral,colunas_nomeadas
032098,57900767000194,BdGeral.mdb:Geral,colunas_nomeadas
032099,54859143000182,BdGeral.mdb:Geral,colunas_nomeadas
032100,19824641000199,BdGeral.mdb:Geral,colunas_nomeadas
032101,11063847000131,BdGeral.mdb:Geral,colunas_nomeadas
032102,41049089000168,BdGeral.mdb:Geral,colunas_nomeadas
032103,41987828000162,BdGeral.mdb:Geral,colunas_nomeadas
032104,55132202000189,BdGeral.mdb:Geral,colunas_nomeadas
032105,56057350000149,BdGeral.mdb:Geral,colunas_nomeadas
032106,17777690000192,BdGeral.mdb:Geral,colunas_nomeadas
032107,43820234000198,BdGeral.mdb:Geral,colunas_nomeadas
032108,03787133000300,BdGeral.mdb:Geral,colunas_nomeadas
032109,57804693000192,BdGeral.mdb:Geral,colunas_nomeadas
032110,61702152000120,BdGeral.mdb:Geral,colunas_nomeadas
032111,55615268000120,BdGeral.mdb:Geral,colunas_nomeadas
032112,47529520000150,BdGeral.mdb:Geral,colunas_nomeadas
032114,23966459000140,BdGeral.mdb:Geral,colunas_nomeadas
032115,63926388000176,BdGeral.mdb:Geral,colunas_nomeadas
032116,34825157000178,BdGeral.mdb:Geral,colunas_nomeadas
032117,35387973000100,BdGeral.mdb:Geral,colunas_nomeadas
032118,49046602000179,BdGeral.mdb:Geral,colunas_nomeadas
032119,57814716000140,BdGeral.mdb:Geral,colunas_nomeadas
032121,47980801000124,BdGeral.mdb:Geral,colunas_nomeadas
032122,44353885000188,BdGeral.mdb:Geral,colunas_nomeadas
032123,20041654000170,BdGeral.mdb:Geral,colunas_nomeadas
032124,60398138000384,BdGeral.mdb:Geral,colunas_nomeadas
032125,20111030000000,Movime2.mdb:PagarReceber,scan_celula:PGTO
032126,82088261000170,BdGeral.mdb:Geral,colunas_nomeadas
032127,29615024000137,BdGeral.mdb:Geral,colunas_nomeadas
032128,62195252000170,BdGeral.mdb:Geral,colunas_nomeadas
032129,30160922000127,BdGeral.mdb:Geral,colunas_nomeadas
032130,34230979020999,BdGeral.mdb:Geral,colunas_nomeadas
032131,27391664000185,BdGeral.mdb:Geral,colunas_nomeadas
032132,53363409000139,BdGeral.mdb:Geral,colunas_nomeadas
032134,31751091000120,BdGeral.mdb:Geral,colunas_nomeadas
032136,60945049000149,BdGeral.mdb:Geral,colunas_nomeadas
032137,07026836000104,BdGeral.mdb:Geral,colunas_nomeadas
032140,20111102000000,Movime2.mdb:PagarReceber,scan_celula:VECT
032141,20111102000000,Movime2.mdb:PagarReceber,scan_celula:VECT
032142,20111102000000,Movime2.mdb:PagarReceber,scan_celula:VECT
032143,03214303102011,Movime2.mdb:ComissoesPagas,scan_celula:PROV
032144,20111102000000,Movime2.mdb:PagarReceber,scan_celula:VECT
032146,20111102000000,Movime2.mdb:PagarReceber,scan_celula:VECT
032147,20111102000000,Movime2.mdb:PagarReceber,scan_celula:VECT
032148,20111102000000,Movime2.mdb:PagarReceber,scan_celula:VECT
032149,20111102000000,Movime2.mdb:PagarReceber,scan_celula:VECT
032150,20111102000000,Movime2.mdb:PagarReceber,scan_celula:VECT
032151,20111102000000,Movime2.mdb:PagarReceber,scan_celula:VECT
032152,20111102000000,Movime2.mdb:PagarReceber,scan_celula:VECT
032156,20111111000000,Movime2.mdb:PagarReceber,scan_celula:PGTO
032203,20111111000000,Movime2.mdb:PagarReceber,scan_celula:PGTO
032205,20111111000000,Movime2.mdb:PagarReceber,scan_celula:PGTO
032214,03221411102011,Movime2.mdb:ComissoesPagas,scan_celula:PROV
032221,20111111000000,Movime2.mdb:PagarReceber,scan_celula:DTPG
032243,20111021000000,Movime2.mdb:PagarReceber,scan_celula:DTPG
032259,20120828000000,Movime2.mdb:PagarReceber,scan_celula:PGTO
032263,20111021000000,Movime2.mdb:PagarReceber,scan_celula:DTPG
032274,20111021000000,Movime2.mdb:ComissoesPagas,scan_celula:DATA
032275,20111021000000,Movime2.mdb:ComissoesPagas,scan_celula:DATA
032276,20111021000000,Movime2.mdb:PagarReceber,scan_celula:DATA
032277,20111021000000,Movime2.mdb:ComissoesPagas,scan_celula:DATA
032278,20111021000000,Movime2.mdb:ComissoesPagas,scan_celula:DATA
032279,20111021000000,Movime2.mdb:ComissoesPagas,scan_celula:DATA
032280,20111021000000,Movime2.mdb:ComissoesPagas,scan_celula:DATA
032306,20120105000000,Movime2.mdb:PagarReceber,scan_celula:PGTO
032322,03232228102011,Movime2.mdb:ComissoesPagas,scan_celula:PROV
032356,20120105000000,Movime2.mdb:PagarReceber,scan_celula:PGTO
032367,87599998474121,Movime2.mdb:ComissoesPagas,scan_celula:VLCM
032371,20111111000000,Movime2.mdb:PagarReceber,scan_celula:DTPG
032372,20111111000000,Movime2.mdb:PagarReceber,scan_celula:DTPG
032373,20111111000000,Movime2.mdb:PagarReceber,scan_celula:DTPG
032382,20111111000000,Movime2.mdb:PagarReceber,scan_celula:DTPG
032383,20111111000000,Movime2.mdb:PagarReceber,scan_celula:DTPG
032396,20111111000000,Movime2.mdb:PagarReceber,scan_celula:DTPG
032397,20111111000000,Movime2.mdb:PagarReceber,scan_celula:PGTO
032404,20111111000000,Movime2.mdb:PagarReceber,scan_celula:DTPG
032408,20120105000000,Movime2.mdb:PagarReceber,scan_celula:PGTO
032409,69964996337890,Movime2.mdb:ComissoesPagas,scan_celula:VLCM
032411,20111111000000,Movime2.mdb:PagarReceber,scan_celula:PGTO
032412,20111111000000,Movime2.mdb:PagarReceber,scan_celula:DTPG
032413,20111111000000,Movime2.mdb:PagarReceber,scan_celula:DTPG
032414,20111111000000,Movime2.mdb:PagarReceber,scan_celula:DTPG
032415,20111111000000,Movime2.mdb:PagarReceber,scan_celula:PGTO
032417,20120114000000,Movime2.mdb:PagarReceber,scan_celula:PGTO
032426,20111111000000,Movime2.mdb:PagarReceber,scan_celula:DTPG
032434,20111111000000,Movime2.mdb:ComissoesPagas,scan_celula:DATA
032435,20111111000000,Movime2.mdb:PagarReceber,scan_celula:DATA
032436,20111111000000,Movime2.mdb:ComissoesPagas,scan_celula:DATA
032438,20111111000000,Movime2.mdb:PagarReceber,scan_celula:DATA
032439,20111111000000,Movime2.mdb:ComissoesPagas,scan_celula:DATA
032440,20111111000000,Movime2.mdb:ComissoesPagas,scan_celula:DATA
032441,20111111000000,Movime2.mdb:ComissoesPagas,scan_celula:DATA
032442,20111111000000,Movime2.mdb:ComissoesPagas,scan_celula:DATA
032443,20111111000000,Movime2.mdb:ComissoesPagas,scan_celula:DATA
032448,20120114000000,Movime2.mdb:PagarReceber,scan_celula:PGTO
032450,20120114000000,Movime2.mdb:PagarReceber,scan_celula:PGTO
032456,20120105000000,Movime2.mdb:PagarReceber,scan_celula:PGTO
032489,20120105000000,Movime2.mdb:PagarReceber,scan_celula:PGTO
032493,20120105000000,Movime2.mdb:PagarReceber,scan_celula:PGTO
032503,03250321112011,Movime2.mdb:ComissoesPagas,scan_celula:PROV
032518,20120410000000,Movime2.mdb:PagarReceber,scan_celula:PGTO
032556,20120114000000,Movime2.mdb:PagarReceber,scan_celula:PGTO
032578,20120114000000,Movime2.mdb:PagarReceber,scan_celula:PGTO
032591,03259101122011,Movime2.mdb:ComissoesPagas,scan_celula:PROV
032592,20120313000000,Movime2.mdb:PagarReceber,scan_celula:PGTO
032594,20120105000000,Movime2.mdb:PagarReceber,scan_celula:PGTO
032602,20120105000000,Movime2.mdb:PagarReceber,scan_celula:PGTO
032603,20120105000000,Movime2.mdb:PagarReceber,scan_celula:PGTO
032606,20120114000000,Movime2.mdb:PagarReceber,scan_celula:DTPG
032607,20120114000000,Movime2.mdb:PagarReceber,scan_celula:DTPG
032621,20120114000000,Movime2.mdb:PagarReceber,scan_celula:PGTO
032622,20120105000000,Movime2.mdb:PagarReceber,scan_celula:VECT
032623,20120105000000,Movime2.mdb:PagarReceber,scan_celula:VECT
032624,20120105000000,Movime2.mdb:PagarReceber,scan_celula:VECT
032625,20120105000000,Movime2.mdb:PagarReceber,scan_celula:VECT
032626,20120105000000,Movime2.mdb:PagarReceber,scan_celula:VECT
032627,20120105000000,Movime2.mdb:PagarReceber,scan_celula:VECT
032628,20120105000000,Movime2.mdb:PagarReceber,scan_celula:VECT
032629,20120105000000,Movime2.mdb:PagarReceber,scan_celula:VECT
032630,20120105000000,Movime2.mdb:PagarReceber,scan_celula:VECT
032631,20120105000000,Movime2.mdb:PagarReceber,scan_celula:VECT
032633,20120105000000,Movime2.mdb:PagarReceber,scan_celula:VECT
032634,20120105000000,Movime2.mdb:PagarReceber,scan_celula:VECT
032635,20120105000000,Movime2.mdb:PagarReceber,scan_celula:VECT
032636,20120105000000,Movime2.mdb:PagarReceber,scan_celula:VECT
032637,20120105000000,Movime2.mdb:PagarReceber,scan_celula:VECT
032638,20120105000000,Movime2.mdb:PagarReceber,scan_celula:VECT
032639,20120105000000,Movime2.mdb:PagarReceber,scan_celula:DTPG
032684,20120114000000,Movime2.mdb:PagarReceber,scan_celula:PGTO
032691,20120114000000,Movime2.mdb:PagarReceber,scan_celula:PGTO
032696,20120114000000,Movime2.mdb:PagarReceber,scan_celula:VECT
032697,20120114000000,Movime2.mdb:PagarReceber,scan_celula:VECT
032698,20120114000000,Movime2.mdb:PagarReceber,scan_celula:VECT
032699,20120114000000,Movime2.mdb:PagarReceber,scan_celula:VECT
032700,20120114000000,Movime2.mdb:PagarReceber,scan_celula:VECT
032701,20120114000000,Movime2.mdb:PagarReceber,scan_celula:VECT
032702,20120114000000,Movime2.mdb:PagarReceber,scan_celula:VECT
032703,20120114000000,Movime2.mdb:PagarReceber,scan_celula:VECT
032704,20120114000000,Movime2.mdb:PagarReceber,scan_celula:VECT
032705,20120114000000,Movime2.mdb:PagarReceber,scan_celula:VECT
032706,20120114000000,Movime2.mdb:PagarReceber,scan_celula:VECT
032707,20120114000000,Movime2.mdb:PagarReceber,scan_celula:VECT
032708,20120114000000,Movime2.mdb:PagarReceber,scan_celula:VECT
032709,20120114000000,Movime2.mdb:PagarReceber,scan_celula:VECT
032710,20120114000000,Movime2.mdb:PagarReceber,scan_celula:VECT
032711,20120114000000,Movime2.mdb:PagarReceber,scan_celula:VECT
032712,20120114000000,Movime2.mdb:PagarReceber,scan_celula:VECT
032713,20120114000000,Movime2.mdb:PagarReceber,scan_celula:VECT
032718,20120114000000,Movime2.mdb:PagarReceber,scan_celula:DTPG
032739,20120114000000,Movime2.mdb:PagarReceber,scan_celula:DTPG
032784,20120313000000,Movime2.mdb:PagarReceber,scan_celula:PGTO
032790,20120114000000,Movime2.mdb:PagarReceber,scan_celula:DTPG
032791,20120114000000,Movime2.mdb:PagarReceber,scan_celula:DTPG
032822,20120105000000,Movime2.mdb:PagarReceber,scan_celula:DTPG
032824,20120114000000,Movime2.mdb:PagarReceber,scan_celula:DTPG
032832,20120105000000,Movime2.mdb:PagarReceber,scan_celula:DATA
032833,20120105000000,Movime2.mdb:ComissoesPagas,scan_celula:DATA
032834,20120105000000,Movime2.mdb:ComissoesPagas,scan_celula:DATA
032835,20120105000000,Movime2.mdb:ComissoesPagas,scan_celula:DATA
032836,20120105000000,Movime2.mdb:PagarReceber,scan_celula:DATA
032837,20120105000000,Movime2.mdb:PagarReceber,scan_celula:DATA
032849,69964996337890,Movime2.mdb:ComissoesPagas,scan_celula:VLCM
032866,69964996337890,Movime2.mdb:ComissoesPagas,scan_celula:VLCM
032886,20120114000000,Movime2.mdb:PagarReceber,scan_celula:DTPG
032887,34299999237060,Movime2.mdb:ComissoesPagas,scan_celula:VLCM
032898,03289812012012,Movime2.mdb:ComissoesPagas,scan_celula:PROV
032915,03291513012012,Movime2.mdb:PagarReceber,scan_celula:COMP
032919,20120114000000,Movime2.mdb:PagarReceber,scan_celula:DATA
032920,20120114000000,Movime2.mdb:ComissoesPagas,scan_celula:DATA
032928,20120828000000,Movime2.mdb:PagarReceber,scan_celula:PGTO
032940,03294017012012,Movime2.mdb:ComissoesPagas,scan_celula:PROV
032956,20120410000000,Movime2.mdb:PagarReceber,scan_celula:PGTO
032975,34299999237060,Movime2.mdb:ComissoesPagas,scan_celula:VLCM
032985,20120410000000,Movime2.mdb:PagarReceber,scan_celula:PGTO
032994,03299424012012,Movime2.mdb:ComissoesPagas,scan_celula:PROV
033007,20120313000000,Movime2.mdb:PagarReceber,scan_celula:PGTO
033059,03305902022012,Movime2.mdb:PagarReceber,scan_celula:COMP
033084,03308406022012,Movime2.mdb:ComissoesPagas,scan_celula:PROV
033101,03310107022012,Movime2.mdb:ComissoesPagas,scan_celula:PROV
033109,20120313000000,Movime2.mdb:PagarReceber,scan_celula:PGTO
033113,20120410000000,Movime2.mdb:PagarReceber,scan_celula:PGTO
033126,20120410000000,Movime2.mdb:PagarReceber,scan_celula:PGTO
033131,20120313000000,Movime2.mdb:PagarReceber,scan_celula:PGTO
033138,20120313000000,Movime2.mdb:PagarReceber,scan_celula:PGTO
033141,20120313000000,Movime2.mdb:PagarReceber,scan_celula:PGTO
033176,20120410000000,Movime2.mdb:PagarReceber,scan_celula:PGTO
033192,20120410000000,Movime2.mdb:PagarReceber,scan_celula:PGTO
033210,20120410000000,Movime2.mdb:PagarReceber,scan_celula:PGTO
033215,20120410000000,Movime2.mdb:PagarReceber,scan_celula:PGTO
033219,20120410000000,Movime2.mdb:PagarReceber,scan_celula:PGTO
033229,20120410000000,Movime2.mdb:PagarReceber,scan_celula:PGTO
033253,20120410000000,Movime2.mdb:PagarReceber,scan_celula:PGTO
033258,20120410000000,Movime2.mdb:PagarReceber,scan_celula:PGTO
033267,20120410000000,Movime2.mdb:PagarReceber,scan_celula:PGTO
033290,03329003032012,Movime2.mdb:ComissoesPagas,scan_celula:PROV
033319,20120410000000,Movime2.mdb:PagarReceber,scan_celula:PGTO
033320,20120410000000,Movime2.mdb:PagarReceber,scan_celula:PGTO
033322,20120410000000,Movime2.mdb:PagarReceber,scan_celula:PGTO
033328,20120410000000,Movime2.mdb:PagarReceber,scan_celula:PGTO
033332,20120313000000,Movime2.mdb:PagarReceber,scan_celula:DTPG
033359,20120313000000,Movime2.mdb:PagarReceber,scan_celula:DATA
033360,20120313000000,Movime2.mdb:ComissoesPagas,scan_celula:DATA
033361,20120313000000,Movime2.mdb:PagarReceber,scan_celula:DATA
033362,20120313000000,Movime2.mdb:ComissoesPagas,scan_celula:DATA
033363,20120313000000,Movime2.mdb:ComissoesPagas,scan_celula:DATA
033364,20120313000000,Movime2.mdb:ComissoesPagas,scan_celula:DATA
033444,03344424032012,Movime2.mdb:ComissoesPagas,scan_celula:PROV
033453,20120410000000,Movime2.mdb:PagarReceber,scan_celula:PGTO
033467,62650001525878,Movime2.mdb:ComissoesPagas,scan_celula:VLCM
033475,20120629000000,Movime2.mdb:PagarReceber,scan_celula:PGTO
033520,27055000305175,Movime2.mdb:ComissoesPagas,scan_celula:VLCM
033545,20120410000000,Movime2.mdb:PagarReceber,scan_celula:DTPG
033556,20120410000000,Movime2.mdb:PagarReceber,scan_celula:DATA
033557,20120410000000,Movime2.mdb:PagarReceber,scan_celula:DATA
033558,20120410000000,Movime2.mdb:ComissoesPagas,scan_celula:DATA
033559,20120410000000,Movime2.mdb:ComissoesPagas,scan_celula:DATA
033560,20120410000000,Movime2.mdb:ComissoesPagas,scan_celula:DATA
033561,20120410000000,Movime2.mdb:ComissoesPagas,scan_celula:DATA
033563,20120410000000,Movime2.mdb:ComissoesPagas,scan_celula:DATA
033564,20120410000000,Movime2.mdb:ComissoesPagas,scan_celula:DATA
033565,20120410000000,Movime2.mdb:ComissoesPagas,scan_celula:DATA
033566,20120410000000,Movime2.mdb:ComissoesPagas,scan_celula:DATA
033607,03360714042012,Movime2.mdb:ComissoesPagas,scan_celula:PROV
033700,20120629000000,Movime2.mdb:PagarReceber,scan_celula:PGTO
033703,03370326042012,Movime2.mdb:ComissoesPagas,scan_celula:PROV
033715,87599998474121,Movime2.mdb:ComissoesPagas,scan_celula:VLCM
033742,03374203052012,Movime2.mdb:ComissoesPagas,scan_celula:PROV
033783,20120925000000,Movime2.mdb:PagarReceber,scan_celula:DTPG
033790,20120629000000,Movime2.mdb:PagarReceber,scan_celula:PGTO
033796,03379610052012,Movime2.mdb:PagarReceber,scan_celula:COMP
033839,41107498168945,Movime2.mdb:ComissoesPagas,scan_celula:VLCM
033860,20120629000000,Movime2.mdb:PagarReceber,scan_celula:DTPG
033881,20120629000000,Movime2.mdb:PagarReceber,scan_celula:PGTO
033900,20120629000000,Movime2.mdb:PagarReceber,scan_celula:PGTO
033918,20120629000000,Movime2.mdb:PagarReceber,scan_celula:PGTO
033920,20120629000000,Movime2.mdb:PagarReceber,scan_celula:PGTO
033921,03392128052012,Movime2.mdb:ComissoesPagas,scan_celula:PROV
033923,20120629000000,Movime2.mdb:PagarReceber,scan_celula:PGTO
033941,20120629000000,Movime2.mdb:PagarReceber,scan_celula:VECT
033942,20120629000000,Movime2.mdb:PagarReceber,scan_celula:VECT
033943,20120629000000,Movime2.mdb:PagarReceber,scan_celula:VECT
033944,20120629000000,Movime2.mdb:PagarReceber,scan_celula:VECT
034002,20121003000000,Movime2.mdb:PagarReceber,scan_celula:PGTO
034030,65222503662109,Movime2.mdb:ComissoesPagas,scan_celula:VLCM
034074,20120629000000,Movime2.mdb:PagarReceber,scan_celula:DTPG
034075,20120629000000,Movime2.mdb:PagarReceber,scan_celula:DTPG
034076,20120629000000,Movime2.mdb:PagarReceber,scan_celula:PGTO
034077,20120629000000,Movime2.mdb:PagarReceber,scan_celula:DTPG
034078,20120629000000,Movime2.mdb:PagarReceber,scan_celula:DTPG
034086,20120629000000,Movime2.mdb:PagarReceber,scan_celula:PGTO
034087,20120629000000,Movime2.mdb:PagarReceber,scan_celula:DTPG
034088,20120629000000,Movime2.mdb:PagarReceber,scan_celula:DTPG
034089,20120629000000,Movime2.mdb:PagarReceber,scan_celula:DTPG
034090,20120629000000,Movime2.mdb:PagarReceber,scan_celula:DTPG
034119,20120629000000,Movime2.mdb:ComissoesPagas,scan_celula:DATA
034120,20120629000000,Movime2.mdb:ComissoesPagas,scan_celula:DATA
034121,20120629000000,Movime2.mdb:ComissoesPagas,scan_celula:DATA
034122,20120629000000,Movime2.mdb:ComissoesPagas,scan_celula:DATA
034123,20120629000000,Movime2.mdb:ComissoesPagas,scan_celula:DATA
034124,20120629000000,Movime2.mdb:ComissoesPagas,scan_celula:DATA
034125,20120629000000,Movime2.mdb:PagarReceber,scan_celula:DATA
034126,20120629000000,Movime2.mdb:ComissoesPagas,scan_celula:DATA
034127,20120629000000,Movime2.mdb:ComissoesPagas,scan_celula:DATA
034128,20120629000000,Movime2.mdb:ComissoesPagas,scan_celula:DATA
034135,50924999237060,Movime2.mdb:ComissoesPagas,scan_celula:VLCM
034136,50924999237060,Movime2.mdb:ComissoesPagas,scan_celula:VLCM
034142,20120828000000,Movime2.mdb:PagarReceber,scan_celula:PGTO
034209,03420912072012,Movime2.mdb:ComissoesPagas,scan_celula:PROV
034225,20120828000000,Movime2.mdb:PagarReceber,scan_celula:DTPG
034265,20120828000000,Movime2.mdb:PagarReceber,scan_celula:PGTO
034270,20120909000000,Movime2.mdb:PagarReceber,scan_celula:PGTO
034274,20120828000000,Movime2.mdb:PagarReceber,scan_celula:DTPG
034292,20120828000000,Movime2.mdb:PagarReceber,scan_celula:PGTO
034305,20120925000000,Movime2.mdb:PagarReceber,scan_celula:PGTO
034317,20120828000000,Movime2.mdb:PagarReceber,scan_celula:PGTO
034318,20120828000000,Movime2.mdb:PagarReceber,scan_celula:PGTO
034320,20121003000000,Movime2.mdb:PagarReceber,scan_celula:PGTO
034324,69964996337890,Movime2.mdb:ComissoesPagas,scan_celula:VLCM
034329,20120828000000,Movime2.mdb:PagarReceber,scan_celula:DTPG
034334,20120925000000,Movime2.mdb:PagarReceber,scan_celula:PGTO
034341,20120828000000,Movime2.mdb:PagarReceber,scan_celula:PGTO
034342,20120828000000,Movime2.mdb:PagarReceber,scan_celula:DTPG
034343,20120925000000,Movime2.mdb:PagarReceber,scan_celula:PGTO
034352,20120828000000,Movime2.mdb:PagarReceber,scan_celula:DTPG
034359,03435931072012,Movime2.mdb:ComissoesPagas,scan_celula:PROV
034363,20121003000000,Movime2.mdb:PagarReceber,scan_celula:PGTO
034380,20120828000000,Movime2.mdb:PagarReceber,scan_celula:DTPG
034390,20120925000000,Movime2.mdb:PagarReceber,scan_celula:PGTO
034404,20120828000000,Movime2.mdb:PagarReceber,scan_celula:DTPG
034416,20120909000000,Movime2.mdb:PagarReceber,scan_celula:PGTO
034418,20120909000000,Movime2.mdb:PagarReceber,scan_celula:PGTO
034422,20120909000000,Movime2.mdb:PagarReceber,scan_celula:PGTO
034427,20120828000000,Movime2.mdb:PagarReceber,scan_celula:DTPG
034437,20120828000000,Movime2.mdb:PagarReceber,scan_celula:DTPG
034438,20120828000000,Movime2.mdb:PagarReceber,scan_celula:DTPG
034441,20120925000000,Movime2.mdb:PagarReceber,scan_celula:PGTO
034443,20120925000000,Movime2.mdb:PagarReceber,scan_celula:PGTO
034455,20120828000000,Movime2.mdb:PagarReceber,scan_celula:PGTO
034456,20120828000000,Movime2.mdb:PagarReceber,scan_celula:DTPG
034457,20120828000000,Movime2.mdb:PagarReceber,scan_celula:DTPG
034464,20120828000000,Movime2.mdb:PagarReceber,scan_celula:DTPG
034465,20120828000000,Movime2.mdb:PagarReceber,scan_celula:DTPG
034466,20120828000000,Movime2.mdb:PagarReceber,scan_celula:DTPG
034467,20120828000000,Movime2.mdb:PagarReceber,scan_celula:DTPG
034469,20120925000000,Movime2.mdb:PagarReceber,scan_celula:PGTO
034483,20120925000000,Movime2.mdb:PagarReceber,scan_celula:DTPG
034491,20130103000000,Movime2.mdb:PagarReceber,scan_celula:DTPG
034494,03449420082012,Movime2.mdb:ComissoesPagas,scan_celula:PROV
034519,20120828000000,Movime2.mdb:PagarReceber,scan_celula:PGTO
034520,20120828000000,Movime2.mdb:PagarReceber,scan_celula:DTPG
034521,20120828000000,Movime2.mdb:PagarReceber,scan_celula:DTPG
034526,20120828000000,Movime2.mdb:PagarReceber,scan_celula:DTPG
034527,20120925000000,Movime2.mdb:PagarReceber,scan_celula:PGTO
034528,20120828000000,Movime2.mdb:PagarReceber,scan_celula:DTPG
034529,20120828000000,Movime2.mdb:PagarReceber,scan_celula:PGTO
034530,20120828000000,Movime2.mdb:PagarReceber,scan_celula:DTPG
034548,20120828000000,Movime2.mdb:PagarReceber,scan_celula:DTPG
034550,20120828000000,Movime2.mdb:ComissoesPagas,scan_celula:DATA
034551,20120828000000,Movime2.mdb:PagarReceber,scan_celula:DATA
034553,20120828000000,Movime2.mdb:ComissoesPagas,scan_celula:DATA
034554,20120828000000,Movime2.mdb:ComissoesPagas,scan_celula:DATA
034555,20120828000000,Movime2.mdb:ComissoesPagas,scan_celula:DATA
034556,20120828000000,Movime2.mdb:ComissoesPagas,scan_celula:DATA
034557,20120828000000,Movime2.mdb:ComissoesPagas,scan_celula:DATA
034558,20120828000000,Movime2.mdb:ComissoesPagas,scan_celula:DATA
034559,20120828000000,Movime2.mdb:ComissoesPagas,scan_celula:DATA
034560,20120828000000,Movime2.mdb:ComissoesPagas,scan_celula:DATA
034579,20121003000000,Movime2.mdb:PagarReceber,scan_celula:PGTO
034580,20121003000000,Movime2.mdb:PagarReceber,scan_celula:PGTO
034582,20121003000000,Movime2.mdb:PagarReceber,scan_celula:PGTO
034603,03460303092012,Movime2.mdb:ComissoesPagas,scan_celula:PROV
034657,03465710092012,Movime2.mdb:ComissoesPagas,scan_celula:PROV
034702,20120925000000,Movime2.mdb:PagarReceber,scan_celula:PGTO
034763,20120925000000,Movime2.mdb:PagarReceber,scan_celula:DTPG
034767,20120925000000,Movime2.mdb:PagarReceber,scan_celula:DATA
034768,20120925000000,Movime2.mdb:ComissoesPagas,scan_celula:DATA
034769,20120925000000,Movime2.mdb:ComissoesPagas,scan_celula:DATA
034770,20120925000000,Movime2.mdb:ComissoesPagas,scan_celula:DATA
034771,20120925000000,Movime2.mdb:PagarReceber,scan_celula:DATA
034772,20120925000000,Movime2.mdb:ComissoesPagas,scan_celula:DATA
034773,20120925000000,Movime2.mdb:ComissoesPagas,scan_celula:DATA
034774,20120925000000,Movime2.mdb:ComissoesPagas,scan_celula:DATA
034775,20120925000000,Movime2.mdb:ComissoesPagas,scan_celula:DATA
034776,20120925000000,Movime2.mdb:ComissoesPagas,scan_celula:DATA
034777,20120925000000,Movime2.mdb:PagarReceber,scan_celula:DATA
034778,20120925000000,Movime2.mdb:ComissoesPagas,scan_celula:DATA
034826,20121003000000,Movime2.mdb:PagarReceber,scan_celula:DATA
034827,20121003000000,Movime2.mdb:PagarReceber,scan_celula:DATA
034828,20121003000000,Movime2.mdb:ComissoesPagas,scan_celula:DATA
034829,20121003000000,Movime2.mdb:ComissoesPagas,scan_celula:DATA
034830,20121003000000,Movime2.mdb:ComissoesPagas,scan_celula:DATA
034831,20121003000000,Movime2.mdb:ComissoesPagas,scan_celula:DATA
034832,20121003000000,Movime2.mdb:ComissoesPagas,scan_celula:DATA
034833,20121003000000,Movime2.mdb:ComissoesPagas,scan_celula:DATA
034834,20121003000000,Movime2.mdb:ComissoesPagas,scan_celula:DATA
034835,20121003000000,Movime2.mdb:ComissoesPagas,scan_celula:DATA
034836,20121003000000,Movime2.mdb:ComissoesPagas,scan_celula:DATA
034837,20121003000000,Movime2.mdb:ComissoesPagas,scan_celula:DATA
034838,20121003000000,Movime2.mdb:ComissoesPagas,scan_celula:DATA
034982,29868000488281,Movime2.mdb:ComissoesPagas,scan_celula:BASE
035056,03505603112012,Movime2.mdb:ComissoesPagas,scan_celula:PROV
035081,03508107112012,Movime2.mdb:ComissoesPagas,scan_celula:PROV
035094,20121229000000,Movime2.mdb:PagarReceber,scan_celula:PGTO
035113,20130103000000,Movime2.mdb:PagarReceber,scan_celula:PGTO
035145,20130103000000,Movime2.mdb:PagarReceber,scan_celula:PGTO
035150,20121229000000,Movime2.mdb:PagarReceber,scan_celula:PGTO
035159,20130103000000,Movime2.mdb:PagarReceber,scan_celula:PGTO
035174,20130103000000,Movime2.mdb:PagarReceber,scan_celula:PGTO
035175,20130103000000,Movime2.mdb:PagarReceber,scan_celula:PGTO
035194,20130103000000,Movime2.mdb:PagarReceber,scan_celula:DTPG
035202,20130103000000,Movime2.mdb:PagarReceber,scan_celula:PGTO
035209,20121229000000,Movime2.mdb:PagarReceber,scan_celula:PGTO
035213,20130103000000,Movime2.mdb:PagarReceber,scan_celula:DTPG
035216,20130103000000,Movime2.mdb:PagarReceber,scan_celula:DTPG
035255,20130103000000,Movime2.mdb:PagarReceber,scan_celula:PGTO
035256,20130103000000,Movime2.mdb:PagarReceber,scan_celula:DTPG
035260,20130103000000,Movime2.mdb:PagarReceber,scan_celula:PGTO
035261,20130103000000,Movime2.mdb:PagarReceber,scan_celula:PGTO
035262,20130103000000,Movime2.mdb:PagarReceber,scan_celula:PGTO
035272,20130103000000,Movime2.mdb:PagarReceber,scan_celula:PGTO
035285,20121229000000,Movime2.mdb:PagarReceber,scan_celula:PGTO
035287,20130103000000,Movime2.mdb:PagarReceber,scan_celula:DTPG
035312,20130103000000,Movime2.mdb:PagarReceber,scan_celula:DTPG
035318,20120313000000,Movime2.mdb:PagarReceber,scan_celula:DTPG
035319,20120313000000,Movime2.mdb:PagarReceber,scan_celula:DTPG
035320,20120313000000,Movime2.mdb:PagarReceber,scan_celula:DTPG
035321,20120313000000,Movime2.mdb:PagarReceber,scan_celula:DTPG
035322,20130103000000,Movime2.mdb:PagarReceber,scan_celula:PGTO
035328,20130221000000,Movime2.mdb:PagarReceber,scan_celula:PGTO
035330,20120313000000,Movime2.mdb:PagarReceber,scan_celula:DTPG
035341,20130221000000,Movime2.mdb:PagarReceber,scan_celula:PGTO
035373,20130103000000,Movime2.mdb:PagarReceber,scan_celula:DTPG
035407,20130103000000,Movime2.mdb:PagarReceber,scan_celula:DTPG
035413,50924999237060,Movime2.mdb:ComissoesPagas,scan_celula:VLCM
035435,20130103000000,Movime2.mdb:ComissoesPagas,scan_celula:DATA
035436,20130103000000,Movime2.mdb:PagarReceber,scan_celula:DATA
035437,20130103000000,Movime2.mdb:ComissoesPagas,scan_celula:DATA
035438,20130103000000,Movime2.mdb:ComissoesPagas,scan_celula:DATA
035439,20130103000000,Movime2.mdb:ComissoesPagas,scan_celula:DATA
035445,20130221000000,Movime2.mdb:PagarReceber,scan_celula:PGTO
035450,03545005012013,Movime2.mdb:ComissoesPagas,scan_celula:PROV
035459,20130103000000,Movime2.mdb:PagarReceber,scan_celula:PGTO
035468,20130221000000,Movime2.mdb:PagarReceber,scan_celula:PGTO
035486,03548609012013,Movime2.mdb:ComissoesPagas,scan_celula:PROV
035525,20130221000000,Movime2.mdb:PagarReceber,scan_celula:PGTO
035547,20130221000000,Movime2.mdb:PagarReceber,scan_celula:PGTO
035548,20130221000000,Movime2.mdb:PagarReceber,scan_celula:PGTO
035550,20130221000000,Movime2.mdb:PagarReceber,scan_celula:PGTO
035554,20130221000000,Movime2.mdb:PagarReceber,scan_celula:PGTO
035555,20130221000000,Movime2.mdb:PagarReceber,scan_celula:PGTO
035559,20130221000000,Movime2.mdb:PagarReceber,scan_celula:PGTO
035577,69964996337890,Movime2.mdb:ComissoesPagas,scan_celula:VLCM
035592,20130302000000,Movime2.mdb:PagarReceber,scan_celula:PGTO
035594,20130302000000,Movime2.mdb:PagarReceber,scan_celula:PGTO
035595,20130311000000,Movime2.mdb:PagarReceber,scan_celula:PGTO
035602,20130510000000,Movime2.mdb:PagarReceber,scan_celula:PGTO
035637,50924999237060,Movime2.mdb:ComissoesPagas,scan_celula:VLCM
035640,20130302000000,Movime2.mdb:PagarReceber,scan_celula:PGTO
035655,20130311000000,Movime2.mdb:PagarReceber,scan_celula:PGTO
035656,20130302000000,Movime2.mdb:PagarReceber,scan_celula:PGTO
035669,69964996337890,Movime2.mdb:ComissoesPagas,scan_celula:VLCM
035692,03569206022013,Movime2.mdb:ComissoesPagas,scan_celula:PROV
035693,20130302000000,Movime2.mdb:PagarReceber,scan_celula:DTPG
035749,20130221000000,Movime2.mdb:PagarReceber,scan_celula:DTPG
035753,20130221000000,Movime2.mdb:PagarReceber,scan_celula:DTPG
035754,20130221000000,Movime2.mdb:PagarReceber,scan_celula:DTPG
035759,20130221000000,Movime2.mdb:PagarReceber,scan_celula:DTPG
035760,20130221000000,Movime2.mdb:PagarReceber,scan_celula:DTPG
035774,20130221000000,Movime2.mdb:PagarReceber,scan_celula:DTPG
035782,20130221000000,Movime2.mdb:ComissoesPagas,scan_celula:DATA
035783,20130221000000,Movime2.mdb:ComissoesPagas,scan_celula:DATA
035784,20130221000000,Movime2.mdb:ComissoesPagas,scan_celula:DATA
035785,20130221000000,Movime2.mdb:ComissoesPagas,scan_celula:DATA
035786,20130221000000,Movime2.mdb:ComissoesPagas,scan_celula:DATA
035787,20130221000000,Movime2.mdb:ComissoesPagas,scan_celula:DATA
035788,20130221000000,Movime2.mdb:ComissoesPagas,scan_celula:DATA
035789,20130221000000,Movime2.mdb:ComissoesPagas,scan_celula:DATA
035790,20130221000000,Movime2.mdb:ComissoesPagas,scan_celula:DATA
035791,20130221000000,Movime2.mdb:ComissoesPagas,scan_celula:DATA
035792,20130221000000,Movime2.mdb:ComissoesPagas,scan_celula:DATA
035793,03579322022013,Movime2.mdb:ComissoesPagas,scan_celula:PROV
035815,20130302000000,Movime2.mdb:PagarReceber,scan_celula:DTPG
035835,20130510000000,Movime2.mdb:PagarReceber,scan_celula:PGTO
035844,20130510000000,Movime2.mdb:PagarReceber,scan_celula:PGTO
035855,20130302000000,Movime2.mdb:ComissoesPagas,scan_celula:DATA
035856,20130302000000,Movime2.mdb:ComissoesPagas,scan_celula:DATA
035857,20130302000000,Movime2.mdb:ComissoesPagas,scan_celula:DATA
035858,20130302000000,Movime2.mdb:ComissoesPagas,scan_celula:DATA
035859,20130302000000,Movime2.mdb:ComissoesPagas,scan_celula:DATA
035860,20130302000000,Movime2.mdb:ComissoesPagas,scan_celula:DATA
035861,20130302000000,Movime2.mdb:ComissoesPagas,scan_celula:DATA
035870,50924999237060,Movime2.mdb:ComissoesPagas,scan_celula:VLCM
035876,20130311000000,Movime2.mdb:PagarReceber,scan_celula:DTPG
035877,20130311000000,Movime2.mdb:PagarReceber,scan_celula:DTPG
035888,20130311000000,Movime2.mdb:PagarReceber,scan_celula:DTPG
035890,20130311000000,Movime2.mdb:PagarReceber,scan_celula:DTPG
035891,20130311000000,Movime2.mdb:PagarReceber,scan_celula:DTPG
035916,20130311000000,Movime2.mdb:ComissoesPagas,scan_celula:DATA
035917,20130311000000,Movime2.mdb:ComissoesPagas,scan_celula:DATA
035918,20130311000000,Movime2.mdb:ComissoesPagas,scan_celula:DATA
035919,20130311000000,Movime2.mdb:ComissoesPagas,scan_celula:DATA
035932,03593213032013,Movime2.mdb:ComissoesPagas,scan_celula:PROV
035939,20130510000000,Movime2.mdb:PagarReceber,scan_celula:PGTO
035952,20130510000000,Movime2.mdb:PagarReceber,scan_celula:PGTO
035954,20130510000000,Movime2.mdb:PagarReceber,scan_celula:PGTO
035961,20130618000000,Movime2.mdb:PagarReceber,scan_celula:PGTO
035995,20130510000000,Movime2.mdb:PagarReceber,scan_celula:PGTO
036013,20130510000000,Movime2.mdb:PagarReceber,scan_celula:DTPG
036014,20130510000000,Movime2.mdb:PagarReceber,scan_celula:PGTO
036017,20130510000000,Movime2.mdb:PagarReceber,scan_celula:PGTO
036022,20130510000000,Movime2.mdb:PagarReceber,scan_celula:PGTO
036026,69964996337890,Movime2.mdb:ComissoesPagas,scan_celula:VLCM
036090,20130510000000,Movime2.mdb:PagarReceber,scan_celula:PGTO
036091,20130510000000,Movime2.mdb:PagarReceber,scan_celula:PGTO
036092,20130510000000,Movime2.mdb:PagarReceber,scan_celula:PGTO
036149,20130618000000,Movime2.mdb:PagarReceber,scan_celula:PGTO
036180,20130618000000,Movime2.mdb:PagarReceber,scan_celula:PGTO
036210,20130510000000,Movime2.mdb:PagarReceber,scan_celula:PGTO
036226,50924999237060,Movime2.mdb:ComissoesPagas,scan_celula:VLCM
036235,50924999237060,Movime2.mdb:ComissoesPagas,scan_celula:VLCM
036259,20130510000000,Movime2.mdb:PagarReceber,scan_celula:PGTO
036260,20130618000000,Movime2.mdb:PagarReceber,scan_celula:PGTO
036271,20130510000000,Movime2.mdb:PagarReceber,scan_celula:DTPG
036286,20130510000000,Movime2.mdb:PagarReceber,scan_celula:DTPG
036287,20130510000000,Movime2.mdb:PagarReceber,scan_celula:DTPG
036288,20130510000000,Movime2.mdb:PagarReceber,scan_celula:DTPG
036289,20130510000000,Movime2.mdb:PagarReceber,scan_celula:DTPG
036290,20130510000000,Movime2.mdb:PagarReceber,scan_celula:DTPG
036291,20130510000000,Movime2.mdb:PagarReceber,scan_celula:DTPG
036292,20130510000000,Movime2.mdb:PagarReceber,scan_celula:DTPG
036294,20130510000000,Movime2.mdb:PagarReceber,scan_celula:PGTO
036295,20130510000000,Movime2.mdb:PagarReceber,scan_celula:DTPG
036296,20130510000000,Movime2.mdb:PagarReceber,scan_celula:DTPG
036297,20130510000000,Movime2.mdb:PagarReceber,scan_celula:DTPG
036301,20130510000000,Movime2.mdb:PagarReceber,scan_celula:DTPG
036302,20130510000000,Movime2.mdb:PagarReceber,scan_celula:DTPG
036303,20130510000000,Movime2.mdb:PagarReceber,scan_celula:DTPG
036327,20130510000000,Movime2.mdb:PagarReceber,scan_celula:DTPG
036328,20130510000000,Movime2.mdb:ComissoesPagas,scan_celula:DATA
036329,20130510000000,Movime2.mdb:ComissoesPagas,scan_celula:DATA
036330,20130510000000,Movime2.mdb:ComissoesPagas,scan_celula:DATA
036331,20130510000000,Movime2.mdb:ComissoesPagas,scan_celula:DATA
036332,20130510000000,Movime2.mdb:ComissoesPagas,scan_celula:DATA
036333,20130510000000,Movime2.mdb:ComissoesPagas,scan_celula:DATA
036335,20130510000000,Movime2.mdb:ComissoesPagas,scan_celula:DATA
036336,20130510000000,Movime2.mdb:ComissoesPagas,scan_celula:DATA
036337,20130510000000,Movime2.mdb:ComissoesPagas,scan_celula:DATA
036338,20130510000000,Movime2.mdb:PagarReceber,scan_celula:DATA
036355,20130618000000,Movime2.mdb:PagarReceber,scan_celula:PGTO
036361,50924999237060,Movime2.mdb:ComissoesPagas,scan_celula:VLCM
036377,03637717052013,Movime2.mdb:ComissoesPagas,scan_celula:PROV
036395,03639520052013,Movime2.mdb:ComissoesPagas,scan_celula:PROV
036422,20131001000000,Movime2.mdb:PagarReceber,scan_celula:DTPG
036480,20130618000000,Movime2.mdb:PagarReceber,scan_celula:PGTO
036516,03651608062013,Movime2.mdb:ComissoesPagas,scan_celula:PROV
036526,50924999237060,Movime2.mdb:ComissoesPagas,scan_celula:VLCM
036556,20130817000000,Movime2.mdb:PagarReceber,scan_celula:PGTO
036557,20130618000000,Movime2.mdb:PagarReceber,scan_celula:DTPG
036560,20130618000000,Movime2.mdb:PagarReceber,scan_celula:DTPG
036566,20130618000000,Movime2.mdb:PagarReceber,scan_celula:DTPG
036567,20130618000000,Movime2.mdb:PagarReceber,scan_celula:DTPG
036570,20130618000000,Movime2.mdb:PagarReceber,scan_celula:DTPG
036571,20130618000000,Movime2.mdb:PagarReceber,scan_celula:DTPG
036577,20130618000000,Movime2.mdb:PagarReceber,scan_celula:DTPG
036582,20130817000000,Movime2.mdb:PagarReceber,scan_celula:PGTO
036592,20130618000000,Movime2.mdb:ComissoesPagas,scan_celula:DATA
036593,20130618000000,Movime2.mdb:ComissoesPagas,scan_celula:DATA
036594,20130618000000,Movime2.mdb:ComissoesPagas,scan_celula:DATA
036595,20130618000000,Movime2.mdb:ComissoesPagas,scan_celula:DATA
036596,20130618000000,Movime2.mdb:ComissoesPagas,scan_celula:DATA
036597,20130618000000,Movime2.mdb:ComissoesPagas,scan_celula:DATA
036598,20130618000000,Movime2.mdb:ComissoesPagas,scan_celula:DATA
036599,20130618000000,Movime2.mdb:ComissoesPagas,scan_celula:DATA
036600,20130618000000,Movime2.mdb:ComissoesPagas,scan_celula:DATA
036601,20130618000000,Movime2.mdb:ComissoesPagas,scan_celula:DATA
036602,20130618000000,Movime2.mdb:ComissoesPagas,scan_celula:DATA
036635,20130826000000,Movime2.mdb:PagarReceber,scan_celula:PGTO
036727,20130817000000,Movime2.mdb:PagarReceber,scan_celula:PGTO
036752,03675213072013,Movime2.mdb:ComissoesPagas,scan_celula:PROV
036754,20130826000000,Movime2.mdb:PagarReceber,scan_celula:PGTO
036769,20130817000000,Movime2.mdb:PagarReceber,scan_celula:PGTO
036778,20130826000000,Movime2.mdb:PagarReceber,scan_celula:PGTO
036779,20130826000000,Movime2.mdb:PagarReceber,scan_celula:DTPG
036782,20130826000000,Movime2.mdb:PagarReceber,scan_celula:DTPG
036787,20130826000000,Movime2.mdb:PagarReceber,scan_celula:DTPG
036792,20130826000000,Movime2.mdb:PagarReceber,scan_celula:PGTO
036800,20130826000000,Movime2.mdb:PagarReceber,scan_celula:PGTO
036801,20130826000000,Movime2.mdb:PagarReceber,scan_celula:DTPG
036802,20130826000000,Movime2.mdb:PagarReceber,scan_celula:DTPG
036807,20130826000000,Movime2.mdb:PagarReceber,scan_celula:PGTO
036817,20130826000000,Movime2.mdb:PagarReceber,scan_celula:DTPG
036822,20130826000000,Movime2.mdb:PagarReceber,scan_celula:PGTO
036828,20130826000000,Movime2.mdb:PagarReceber,scan_celula:PGTO
036829,20130826000000,Movime2.mdb:PagarReceber,scan_celula:PGTO
036831,20130826000000,Movime2.mdb:PagarReceber,scan_celula:DTPG
036835,03683526072013,Movime2.mdb:ComissoesPagas,scan_celula:PROV
036837,20130907000000,Movime2.mdb:PagarReceber,scan_celula:PGTO
036850,20130826000000,Movime2.mdb:PagarReceber,scan_celula:PGTO
036860,20130826000000,Movime2.mdb:PagarReceber,scan_celula:PGTO
036861,20130826000000,Movime2.mdb:PagarReceber,scan_celula:DTPG
036865,20130826000000,Movime2.mdb:PagarReceber,scan_celula:DTPG
036871,20130826000000,Movime2.mdb:PagarReceber,scan_celula:DTPG
036872,20130826000000,Movime2.mdb:PagarReceber,scan_celula:DTPG
036880,20130826000000,Movime2.mdb:PagarReceber,scan_celula:DTPG
036889,20131001000000,Movime2.mdb:PagarReceber,scan_celula:DTPG
036892,20130826000000,Movime2.mdb:PagarReceber,scan_celula:DTPG
036896,20130826000000,Movime2.mdb:PagarReceber,scan_celula:DTPG
036905,20130907000000,Movime2.mdb:PagarReceber,scan_celula:PGTO
036907,20130907000000,Movime2.mdb:PagarReceber,scan_celula:PGTO
036910,20131001000000,Movime2.mdb:PagarReceber,scan_celula:PGTO
036911,20130907000000,Movime2.mdb:PagarReceber,scan_celula:PGTO
036915,20130907000000,Movime2.mdb:PagarReceber,scan_celula:PGTO
036920,20130826000000,Movime2.mdb:PagarReceber,scan_celula:PGTO
036939,20130826000000,Movime2.mdb:PagarReceber,scan_celula:PGTO
036940,20130826000000,Movime2.mdb:PagarReceber,scan_celula:DTPG
036941,20130826000000,Movime2.mdb:PagarReceber,scan_celula:PGTO
036944,20131001000000,Movime2.mdb:PagarReceber,scan_celula:PGTO
036946,20130826000000,Movime2.mdb:PagarReceber,scan_celula:DTPG
036958,20130826000000,Movime2.mdb:PagarReceber,scan_celula:DTPG
036959,20130826000000,Movime2.mdb:PagarReceber,scan_celula:DTPG
036960,20130826000000,Movime2.mdb:PagarReceber,scan_celula:DTPG
036962,20130817000000,Movime2.mdb:PagarReceber,scan_celula:DTPG
036963,20130826000000,Movime2.mdb:PagarReceber,scan_celula:DTPG
036967,20130817000000,Movime2.mdb:PagarReceber,scan_celula:DTPG
036968,20130817000000,Movime2.mdb:PagarReceber,scan_celula:DTPG
036971,20130826000000,Movime2.mdb:PagarReceber,scan_celula:DTPG
036972,20130817000000,Movime2.mdb:PagarReceber,scan_celula:DTPG
036973,20130817000000,Movime2.mdb:PagarReceber,scan_celula:DTPG
036975,20130817000000,Movime2.mdb:PagarReceber,scan_celula:DTPG
036976,20130826000000,Movime2.mdb:PagarReceber,scan_celula:PGTO
036978,20130826000000,Movime2.mdb:PagarReceber,scan_celula:DTPG
036980,20130826000000,Movime2.mdb:PagarReceber,scan_celula:DTPG
036984,20130817000000,Movime2.mdb:PagarReceber,scan_celula:DTPG
036996,20130817000000,Movime2.mdb:PagarReceber,scan_celula:DATA
036997,20130817000000,Movime2.mdb:ComissoesPagas,scan_celula:DATA
036998,20130817000000,Movime2.mdb:PagarReceber,scan_celula:DATA
037002,20131001000000,Movime2.mdb:PagarReceber,scan_celula:PGTO
037007,20131001000000,Movime2.mdb:PagarReceber,scan_celula:PGTO
037008,20130826000000,Movime2.mdb:PagarReceber,scan_celula:DTPG
037019,20130826000000,Movime2.mdb:PagarReceber,scan_celula:DTPG
037020,20131001000000,Movime2.mdb:PagarReceber,scan_celula:DTPG
037021,20130826000000,Movime2.mdb:PagarReceber,scan_celula:DTPG
037022,20130826000000,Movime2.mdb:PagarReceber,scan_celula:DTPG
037023,20131001000000,Movime2.mdb:PagarReceber,scan_celula:DTPG
037024,20131001000000,Movime2.mdb:PagarReceber,scan_celula:PGTO
037025,20130826000000,Movime2.mdb:PagarReceber,scan_celula:DTPG
037026,20130826000000,Movime2.mdb:PagarReceber,scan_celula:DTPG
037027,20130826000000,Movime2.mdb:PagarReceber,scan_celula:DTPG
037031,20130826000000,Movime2.mdb:PagarReceber,scan_celula:DTPG
037032,20130826000000,Movime2.mdb:PagarReceber,scan_celula:DTPG
037034,20130826000000,Movime2.mdb:PagarReceber,scan_celula:DTPG
037036,20130826000000,Movime2.mdb:PagarReceber,scan_celula:DTPG
037039,20130826000000,Movime2.mdb:PagarReceber,scan_celula:DTPG
037040,20131001000000,Movime2.mdb:PagarReceber,scan_celula:PGTO
037041,20130826000000,Movime2.mdb:PagarReceber,scan_celula:DTPG
037045,20131001000000,Movime2.mdb:PagarReceber,scan_celula:PGTO
037047,20131001000000,Movime2.mdb:PagarReceber,scan_celula:PGTO
037052,20130826000000,Movime2.mdb:PagarReceber,scan_celula:DTPG
037062,20130826000000,Movime2.mdb:ComissoesPagas,scan_celula:DATA
037063,20130826000000,Movime2.mdb:ComissoesPagas,scan_celula:DATA
037064,20130826000000,Movime2.mdb:ComissoesPagas,scan_celula:DATA
037065,20130826000000,Movime2.mdb:ComissoesPagas,scan_celula:DATA
037066,20130826000000,Movime2.mdb:ComissoesPagas,scan_celula:DATA
037067,20130826000000,Movime2.mdb:ComissoesPagas,scan_celula:DATA
037068,20130826000000,Movime2.mdb:ComissoesPagas,scan_celula:DATA
037069,20130826000000,Movime2.mdb:ComissoesPagas,scan_celula:DATA
037071,20130826000000,Movime2.mdb:ComissoesPagas,scan_celula:DATA
037072,20130826000000,Movime2.mdb:ComissoesPagas,scan_celula:DATA
037075,03707527082013,Movime2.mdb:ComissoesPagas,scan_celula:PROV
037079,20130826000000,Movime2.mdb:PagarReceber,scan_celula:PGTO
037084,20131001000000,Movime2.mdb:PagarReceber,scan_celula:DTPG
037087,20131001000000,Movime2.mdb:PagarReceber,scan_celula:PGTO
037090,20131001000000,Movime2.mdb:PagarReceber,scan_celula:PGTO
037099,20131001000000,Movime2.mdb:PagarReceber,scan_celula:DTPG
037102,20131001000000,Movime2.mdb:PagarReceber,scan_celula:DTPG
037110,03711031082013,Movime2.mdb:ComissoesPagas,scan_celula:PROV
037112,50924999237060,Movime2.mdb:ComissoesPagas,scan_celula:VLCM
037118,20131001000000,Movime2.mdb:PagarReceber,scan_celula:DTPG
037143,20131001000000,Movime2.mdb:PagarReceber,scan_celula:DTPG
037151,20131001000000,Movime2.mdb:PagarReceber,scan_celula:DTPG
037167,03716709092013,Movime2.mdb:ComissoesPagas,scan_celula:PROV
037183,20131001000000,Movime2.mdb:PagarReceber,scan_celula:PGTO
037184,20131001000000,Movime2.mdb:PagarReceber,scan_celula:DTPG
037185,20131001000000,Movime2.mdb:PagarReceber,scan_celula:DTPG
037216,20131001000000,Movime2.mdb:PagarReceber,scan_celula:PGTO
037224,20131001000000,Movime2.mdb:PagarReceber,scan_celula:DTPG
037256,20131001000000,Movime2.mdb:PagarReceber,scan_celula:DTPG
037294,20131001000000,Movime2.mdb:PagarReceber,scan_celula:DTPG
037295,20131001000000,Movime2.mdb:PagarReceber,scan_celula:DTPG
037296,20131001000000,Movime2.mdb:PagarReceber,scan_celula:DTPG
037320,20131001000000,Movime2.mdb:ComissoesPagas,scan_celula:DATA
037321,20131001000000,Movime2.mdb:PagarReceber,scan_celula:DATA
037322,20131001000000,Movime2.mdb:ComissoesPagas,scan_celula:DATA
037323,20131001000000,Movime2.mdb:ComissoesPagas,scan_celula:DATA
037324,20131001000000,Movime2.mdb:ComissoesPagas,scan_celula:DATA
037325,20131001000000,Movime2.mdb:PagarReceber,scan_celula:DATA
037326,20131001000000,Movime2.mdb:ComissoesPagas,scan_celula:DATA
037327,20131001000000,Movime2.mdb:ComissoesPagas,scan_celula:DATA
037328,20131001000000,Movime2.mdb:ComissoesPagas,scan_celula:DATA
037450,20140122000000,Movime2.mdb:PagarReceber,scan_celula:PGTO
037481,20140122000000,Movime2.mdb:PagarReceber,scan_celula:PGTO
037569,65974998474121,Movime2.mdb:ComissoesPagas,scan_celula:VLCM
037603,20140122000000,Movime2.mdb:PagarReceber,scan_celula:PGTO
037651,19319999694824,Movime2.mdb:ComissoesPagas,scan_celula:VLCM
037658,20140122000000,Movime2.mdb:PagarReceber,scan_celula:PGTO
037669,20140122000000,Movime2.mdb:PagarReceber,scan_celula:PGTO
037684,20131227000000,Movime2.mdb:PagarReceber,scan_celula:PGTO
037713,20131227000000,Movime2.mdb:PagarReceber,scan_celula:PGTO
037714,20131227000000,Movime2.mdb:PagarReceber,scan_celula:PGTO
037726,20131227000000,Movime2.mdb:PagarReceber,scan_celula:PGTO
037878,20140203000000,Movime2.mdb:PagarReceber,scan_celula:PGTO
037894,20140122000000,Movime2.mdb:PagarReceber,scan_celula:PGTO
037955,20140122000000,Movime2.mdb:PagarReceber,scan_celula:DTPG
037998,20140122000000,Movime2.mdb:PagarReceber,scan_celula:DTPG
038011,20140122000000,Movime2.mdb:PagarReceber,scan_celula:DTPG
038012,03801217012014,Movime2.mdb:ComissoesPagas,scan_celula:PROV
038013,20140122000000,Movime2.mdb:PagarReceber,scan_celula:DTPG
038014,20140122000000,Movime2.mdb:PagarReceber,scan_celula:PGTO
038016,20140122000000,Movime2.mdb:PagarReceber,scan_celula:DTPG
038022,20140122000000,Movime2.mdb:PagarReceber,scan_celula:DTPG
038023,20140122000000,Movime2.mdb:PagarReceber,scan_celula:DTPG
038024,20140122000000,Movime2.mdb:PagarReceber,scan_celula:DTPG
038025,20140122000000,Movime2.mdb:PagarReceber,scan_celula:DTPG
038035,20140122000000,Movime2.mdb:PagarReceber,scan_celula:DTPG
038041,20140122000000,Movime2.mdb:PagarReceber,scan_celula:DATA
038042,20140122000000,Movime2.mdb:ComissoesPagas,scan_celula:DATA
038043,20140122000000,Movime2.mdb:ComissoesPagas,scan_celula:DATA
038044,20140122000000,Movime2.mdb:ComissoesPagas,scan_celula:DATA
038045,20140122000000,Movime2.mdb:ComissoesPagas,scan_celula:DATA
038047,20140122000000,Movime2.mdb:ComissoesPagas,scan_celula:DATA
038048,20140122000000,Movime2.mdb:ComissoesPagas,scan_celula:DATA
038049,20140122000000,Movime2.mdb:ComissoesPagas,scan_celula:DATA
038050,20140122000000,Movime2.mdb:ComissoesPagas,scan_celula:DATA
038088,20140203000000,Movime2.mdb:PagarReceber,scan_celula:DTPG
038089,20140203000000,Movime2.mdb:PagarReceber,scan_celula:DTPG
038090,20140203000000,Movime2.mdb:PagarReceber,scan_celula:DTPG
038091,20140203000000,Movime2.mdb:PagarReceber,scan_celula:DTPG
038095,20140203000000,Movime2.mdb:PagarReceber,scan_celula:DTPG
038096,20140203000000,Movime2.mdb:PagarReceber,scan_celula:DTPG
038097,20140203000000,Movime2.mdb:PagarReceber,scan_celula:DTPG
038098,20140203000000,Movime2.mdb:PagarReceber,scan_celula:DTPG
038106,20140203000000,Movime2.mdb:PagarReceber,scan_celula:DTPG
038127,20140203000000,Movime2.mdb:PagarReceber,scan_celula:DATA
038128,20140203000000,Movime2.mdb:PagarReceber,scan_celula:DATA
038129,20140203000000,Movime2.mdb:ComissoesPagas,scan_celula:DATA
038130,20140203000000,Movime2.mdb:ComissoesPagas,scan_celula:DATA
038131,20140203000000,Movime2.mdb:ComissoesPagas,scan_celula:DATA
038132,20140203000000,Movime2.mdb:ComissoesPagas,scan_celula:DATA
038133,20140203000000,Movime2.mdb:ComissoesPagas,scan_celula:DATA
038134,20140203000000,Movime2.mdb:ComissoesPagas,scan_celula:DATA
038135,20140203000000,Movime2.mdb:ComissoesPagas,scan_celula:DATA
038136,20140203000000,Movime2.mdb:ComissoesPagas,scan_celula:DATA
038158,03815806022014,Movime2.mdb:ComissoesPagas,scan_celula:PROV
038272,03827221022014,Movime2.mdb:ComissoesPagas,scan_celula:PROV
038281,20140429000000,Movime2.mdb:PagarReceber,scan_celula:PGTO
038387,20140519000000,Movime2.mdb:PagarReceber,scan_celula:PGTO
038395,47512500762939,Movime2.mdb:ComissoesPagas,scan_celula:VLCM
038397,20140519000000,Movime2.mdb:PagarReceber,scan_celula:PGTO
038414,20140815000000,Movime2.mdb:PagarReceber,scan_celula:PGTO
038441,20140429000000,Movime2.mdb:PagarReceber,scan_celula:PGTO
038540,20140519000000,Movime2.mdb:PagarReceber,scan_celula:PGTO
038545,03854507042014,Movime2.mdb:ComissoesPagas,scan_celula:PROV
038597,20140519000000,Movime2.mdb:PagarReceber,scan_celula:PGTO
038599,03859914042014,Movime2.mdb:ComissoesPagas,scan_celula:PROV
038636,20140429000000,Movime2.mdb:PagarReceber,scan_celula:DTPG
038637,20140429000000,Movime2.mdb:PagarReceber,scan_celula:DTPG
038638,20140429000000,Movime2.mdb:PagarReceber,scan_celula:DTPG
038668,20140815000000,Movime2.mdb:PagarReceber,scan_celula:PGTO
038672,20140429000000,Movime2.mdb:PagarReceber,scan_celula:DATA
038673,20140429000000,Movime2.mdb:ComissoesPagas,scan_celula:DATA
038674,20140429000000,Movime2.mdb:ComissoesPagas,scan_celula:DATA
038675,20140429000000,Movime2.mdb:PagarReceber,scan_celula:DATA
038676,20140429000000,Movime2.mdb:ComissoesPagas,scan_celula:DATA
038677,20140429000000,Movime2.mdb:ComissoesPagas,scan_celula:DATA
038678,20140429000000,Movime2.mdb:ComissoesPagas,scan_celula:DATA
038679,20140429000000,Movime2.mdb:ComissoesPagas,scan_celula:DATA
038680,20140815000000,Movime2.mdb:PagarReceber,scan_celula:PGTO
038705,27982500076293,Movime2.mdb:ComissoesPagas,scan_celula:VLCM
038772,20140718000000,Movime2.mdb:PagarReceber,scan_celula:PGTO
038773,20140519000000,Movime2.mdb:PagarReceber,scan_celula:DTPG
038775,20140519000000,Movime2.mdb:PagarReceber,scan_celula:DTPG
038776,20140519000000,Movime2.mdb:PagarReceber,scan_celula:DTPG
038777,20140519000000,Movime2.mdb:PagarReceber,scan_celula:PGTO
038784,20140519000000,Movime2.mdb:PagarReceber,scan_celula:DTPG
038787,20140519000000,Movime2.mdb:PagarReceber,scan_celula:DTPG
038796,20140519000000,Movime2.mdb:PagarReceber,scan_celula:DTPG
038798,20140519000000,Movime2.mdb:ComissoesPagas,scan_celula:DATA
038800,20140519000000,Movime2.mdb:ComissoesPagas,scan_celula:DATA
038801,20140519000000,Movime2.mdb:ComissoesPagas,scan_celula:DATA
038802,20140519000000,Movime2.mdb:ComissoesPagas,scan_celula:DATA
038803,20140519000000,Movime2.mdb:ComissoesPagas,scan_celula:DATA
038804,20140519000000,Movime2.mdb:ComissoesPagas,scan_celula:DATA
038805,20140519000000,Movime2.mdb:ComissoesPagas,scan_celula:DATA
038806,20140519000000,Movime2.mdb:ComissoesPagas,scan_celula:DATA
038807,20140519000000,Movime2.mdb:ComissoesPagas,scan_celula:DATA
038808,20140519000000,Movime2.mdb:ComissoesPagas,scan_celula:DATA
038809,20140519000000,Movime2.mdb:ComissoesPagas,scan_celula:DATA
038810,20140519000000,Movime2.mdb:ComissoesPagas,scan_celula:DATA
038835,20140815000000,Movime2.mdb:PagarReceber,scan_celula:PGTO
038866,19319999694824,Movime2.mdb:ComissoesPagas,scan_celula:VLCM
038870,20140815000000,Movime2.mdb:PagarReceber,scan_celula:PGTO
038883,20140815000000,Movime2.mdb:PagarReceber,scan_celula:PGTO
038944,20140815000000,Movime2.mdb:PagarReceber,scan_celula:PGTO
038958,20140718000000,Movime2.mdb:PagarReceber,scan_celula:PGTO
038982,20140718000000,Movime2.mdb:PagarReceber,scan_celula:PGTO
038996,20140718000000,Movime2.mdb:PagarReceber,scan_celula:PGTO
038998,20140718000000,Movime2.mdb:PagarReceber,scan_celula:PGTO
038999,20140718000000,Movime2.mdb:PagarReceber,scan_celula:PGTO
039002,20140718000000,Movime2.mdb:PagarReceber,scan_celula:PGTO
039003,20140718000000,Movime2.mdb:PagarReceber,scan_celula:PGTO
039004,20140815000000,Movime2.mdb:PagarReceber,scan_celula:PGTO
039035,20140815000000,Movime2.mdb:PagarReceber,scan_celula:PGTO
039066,20140815000000,Movime2.mdb:PagarReceber,scan_celula:PGTO
039098,20140815000000,Movime2.mdb:PagarReceber,scan_celula:PGTO
039130,20140815000000,Movime2.mdb:PagarReceber,scan_celula:PGTO
039170,20140815000000,Movime2.mdb:PagarReceber,scan_celula:PGTO
039202,20140718000000,Movime2.mdb:PagarReceber,scan_celula:DTPG
039204,20140718000000,Movime2.mdb:ComissoesPagas,scan_celula:DATA
039205,20140718000000,Movime2.mdb:ComissoesPagas,scan_celula:DATA
039206,20140718000000,Movime2.mdb:ComissoesPagas,scan_celula:DATA
039207,20140718000000,Movime2.mdb:ComissoesPagas,scan_celula:DATA
039208,20140718000000,Movime2.mdb:ComissoesPagas,scan_celula:DATA
039209,20140718000000,Movime2.mdb:ComissoesPagas,scan_celula:DATA
039225,19319999694824,Movime2.mdb:ComissoesPagas,scan_celula:VLCM
039316,03931604082014,Movime2.mdb:ComissoesPagas,scan_celula:PROV
039368,20140815000000,Movime2.mdb:PagarReceber,scan_celula:DTPG
039370,20140815000000,Movime2.mdb:PagarReceber,scan_celula:DTPG
039372,20140815000000,Movime2.mdb:PagarReceber,scan_celula:DTPG
039373,20140815000000,Movime2.mdb:PagarReceber,scan_celula:DTPG
039374,20140815000000,Movime2.mdb:PagarReceber,scan_celula:DTPG
039375,20140815000000,Movime2.mdb:PagarReceber,scan_celula:DTPG
039376,20140815000000,Movime2.mdb:PagarReceber,scan_celula:DTPG
039380,20140815000000,Movime2.mdb:PagarReceber,scan_celula:DTPG
039381,20140815000000,Movime2.mdb:PagarReceber,scan_celula:DTPG
039386,20140815000000,Movime2.mdb:PagarReceber,scan_celula:DTPG
039387,20140815000000,Movime2.mdb:PagarReceber,scan_celula:DTPG
039394,20140815000000,Movime2.mdb:PagarReceber,scan_celula:DTPG
039400,20140815000000,Movime2.mdb:PagarReceber,scan_celula:DTPG
039401,20140815000000,Movime2.mdb:ComissoesPagas,scan_celula:DATA
039402,20140815000000,Movime2.mdb:ComissoesPagas,scan_celula:DATA
039403,20140815000000,Movime2.mdb:ComissoesPagas,scan_celula:DATA
039405,20140815000000,Movime2.mdb:ComissoesPagas,scan_celula:DATA
039406,20140815000000,Movime2.mdb:ComissoesPagas,scan_celula:DATA
039407,20140815000000,Movime2.mdb:ComissoesPagas,scan_celula:DATA
039408,20140815000000,Movime2.mdb:ComissoesPagas,scan_celula:DATA
039409,20140815000000,Movime2.mdb:ComissoesPagas,scan_celula:DATA
039412,03941216082014,Movime2.mdb:ComissoesPagas,scan_celula:PROV
039491,03949127082014,Movime2.mdb:ComissoesPagas,scan_celula:PROV
039522,03952201092014,Movime2.mdb:ComissoesPagas,scan_celula:PROV
039558,03955805092014,Movime2.mdb:ComissoesPagas,scan_celula:PROV
039585,75425003051757,Movime2.mdb:ComissoesPagas,scan_celula:VLCM
039603,19319999694824,Movime2.mdb:ComissoesPagas,scan_celula:VLCM
040055,20141119000000,Movime2.mdb:ComissoesPagas,scan_celula:DATA
040056,20141119000000,Movime2.mdb:ComissoesPagas,scan_celula:DATA
040057,20141119000000,Movime2.mdb:ComissoesPagas,scan_celula:DATA
040058,20141119000000,Movime2.mdb:ComissoesPagas,scan_celula:DATA
040059,20141119000000,Movime2.mdb:ComissoesPagas,scan_celula:DATA
040060,20141119000000,Movime2.mdb:ComissoesPagas,scan_celula:DATA
040061,20141119000000,Movime2.mdb:ComissoesPagas,scan_celula:DATA
040062,20141119000000,Movime2.mdb:ComissoesPagas,scan_celula:DATA
040063,20141119000000,Movime2.mdb:ComissoesPagas,scan_celula:DATA
040064,20141119000000,Movime2.mdb:ComissoesPagas,scan_celula:DATA
040102,04010224112014,Movime2.mdb:ComissoesPagas,scan_celula:PROV
040112,34299999237060,Movime2.mdb:ComissoesPagas,scan_celula:VLCM
040142,20141128000000,Movime2.mdb:ComissoesPagas,scan_celula:DATA
040143,20141128000000,Movime2.mdb:ComissoesPagas,scan_celula:DATA
040144,20141128000000,Movime2.mdb:ComissoesPagas,scan_celula:DATA
040146,20141128000000,Movime2.mdb:ComissoesPagas,scan_celula:DATA
040211,20141209000000,Movime2.mdb:ComissoesPagas,scan_celula:DATA
040212,20141209000000,Movime2.mdb:ComissoesPagas,scan_celula:DATA
040213,20141209000000,Movime2.mdb:ComissoesPagas,scan_celula:DATA
040214,20141209000000,Movime2.mdb:ComissoesPagas,scan_celula:DATA
040215,20141209000000,Movime2.mdb:ComissoesPagas,scan_celula:DATA
040216,20141209000000,Movime2.mdb:ComissoesPagas,scan_celula:DATA
040217,20141209000000,Movime2.mdb:ComissoesPagas,scan_celula:DATA
040248,04024813122014,Movime2.mdb:ComissoesPagas,scan_celula:PROV
040400,04040014012015,Movime2.mdb:ComissoesPagas,scan_celula:PROV
040438,20150120000000,Movime2.mdb:ComissoesPagas,scan_celula:DATA
040439,20150120000000,Movime2.mdb:ComissoesPagas,scan_celula:DATA
040440,20150120000000,Movime2.mdb:ComissoesPagas,scan_celula:DATA
040441,20150120000000,Movime2.mdb:ComissoesPagas,scan_celula:DATA
040442,20150120000000,Movime2.mdb:ComissoesPagas,scan_celula:DATA
040443,20150120000000,Movime2.mdb:ComissoesPagas,scan_celula:DATA
040444,20150120000000,Movime2.mdb:ComissoesPagas,scan_celula:DATA
040445,20150120000000,Movime2.mdb:ComissoesPagas,scan_celula:DATA
040446,20150120000000,Movime2.mdb:ComissoesPagas,scan_celula:DATA
040447,20150120000000,Movime2.mdb:ComissoesPagas,scan_celula:DATA
040448,20150120000000,Movime2.mdb:ComissoesPagas,scan_celula:DATA
040450,20150120000000,Movime2.mdb:ComissoesPagas,scan_celula:DATA
040454,04045421012015,Movime2.mdb:ComissoesPagas,scan_celula:PROV
040706,34299999237060,Movime2.mdb:ComissoesPagas,scan_celula:VLCM
040707,17149999618530,Movime2.mdb:ComissoesPagas,scan_celula:VLCM
040729,34299999237060,Movime2.mdb:ComissoesPagas,scan_celula:VLCM
040781,17149999618530,Movime2.mdb:ComissoesPagas,scan_celula:VLCM
040836,17149999618530,Movime2.mdb:ComissoesPagas,scan_celula:VLCM
040899,34299999237060,Movime2.mdb:ComissoesPagas,scan_celula:VLCM
040945,04094509042015,Movime2.mdb:ComissoesPagas,scan_celula:PROV
040955,17149999618530,Movime2.mdb:ComissoesPagas,scan_celula:VLCM
040956,34299999237060,Movime2.mdb:ComissoesPagas,scan_celula:VLCM
041050,17149999618530,Movime2.mdb:ComissoesPagas,scan_celula:VLCM
041053,51200000762939,Movime2.mdb:ComissoesPagas,scan_celula:VLCM
041058,34299999237060,Movime2.mdb:ComissoesPagas,scan_celula:VLCM
041063,20150427000000,Movime2.mdb:ComissoesPagas,scan_celula:DATA
041064,20150427000000,Movime2.mdb:ComissoesPagas,scan_celula:DATA
041065,20150427000000,Movime2.mdb:ComissoesPagas,scan_celula:DATA
041066,20150427000000,Movime2.mdb:ComissoesPagas,scan_celula:DATA
041119,51200000762939,Movime2.mdb:ComissoesPagas,scan_celula:VLCM
041123,20150508000000,Movime2.mdb:ComissoesPagas,scan_celula:DATA
041124,20150508000000,Movime2.mdb:ComissoesPagas,scan_celula:DATA
041125,20150508000000,Movime2.mdb:ComissoesPagas,scan_celula:DATA
041126,20150508000000,Movime2.mdb:ComissoesPagas,scan_celula:DATA
041127,20150508000000,Movime2.mdb:ComissoesPagas,scan_celula:DATA
041128,20150508000000,Movime2.mdb:ComissoesPagas,scan_celula:DATA
041130,20150508000000,Movime2.mdb:ComissoesPagas,scan_celula:DATA
041131,20150508000000,Movime2.mdb:ComissoesPagas,scan_celula:DATA
041132,20150508000000,Movime2.mdb:ComissoesPagas,scan_celula:DATA
041133,20150508000000,Movime2.mdb:ComissoesPagas,scan_celula:DATA
041134,20150508000000,Movime2.mdb:ComissoesPagas,scan_celula:DATA
041135,20150508000000,Movime2.mdb:ComissoesPagas,scan_celula:DATA
041136,20150508000000,Movime2.mdb:ComissoesPagas,scan_celula:DATA
041141,34299999237060,Movime2.mdb:ComissoesPagas,scan_celula:VLCM
041223,34299999237060,Movime2.mdb:ComissoesPagas,scan_celula:VLCM
041238,34299999237060,Movime2.mdb:ComissoesPagas,scan_celula:VLCM
041240,17149999618530,Movime2.mdb:ComissoesPagas,scan_celula:VLCM
041259,34299999237060,Movime2.mdb:ComissoesPagas,scan_celula:VLCM
041262,04126227052015,Movime2.mdb:ComissoesPagas,scan_celula:PROV
041267,34299999237060,Movime2.mdb:ComissoesPagas,scan_celula:VLCM
041280,04128030052015,Movime2.mdb:ComissoesPagas,scan_celula:PROV
041282,34299999237060,Movime2.mdb:ComissoesPagas,scan_celula:VLCM
05014490,01449007062005,Movime2.mdb:Fretes,scan_celula:OBSG
05014499,20050609000000,Movime2.mdb:Fretes,scan_celula:DATA
05014500,20050609000000,Movime2.mdb:Fretes,scan_celula:DATA
05014501,20050609000000,Movime2.mdb:Fretes,scan_celula:DATA
05014502,20050609000000,Movime2.mdb:Fretes,scan_celula:DATA
05014503,20050609000000,Movime2.mdb:Fretes,scan_celula:DATA
05014504,20050609000000,Movime2.mdb:Fretes,scan_celula:DATA
05014505,20050609000000,Movime2.mdb:Fretes,scan_celula:DATA
05014506,20050609000000,Movime2.mdb:Fretes,scan_celula:DATA
05014507,20050609000000,Movime2.mdb:Fretes,scan_celula:DATA
05014514,01451411062005,Movime2.mdb:Fretes,scan_celula:OBSG
05014591,01459123062005,Movime2.mdb:Fretes,scan_celula:OBSG
05014661,01466105072005,Movime2.mdb:Fretes,scan_celula:OBSG
05014719,01471914072005,Movime2.mdb:Fretes,scan_celula:OBSG
05014744,01474418072005,Movime2.mdb:Fretes,scan_celula:OBSG
05014798,01479825072005,Movime2.mdb:Fretes,scan_celula:OBSG
05014804,20050727000000,Movime2.mdb:Fretes,scan_celula:DATA
05014805,20050727000000,Movime2.mdb:Fretes,scan_celula:DATA
05014806,20050727000000,Movime2.mdb:Fretes,scan_celula:DATA
05014807,20050727000000,Movime2.mdb:Fretes,scan_celula:DATA
05014808,20050727000000,Movime2.mdb:Fretes,scan_celula:DATA
05014810,20050727000000,Movime2.mdb:Fretes,scan_celula:DATA
05014811,20050727000000,Movime2.mdb:Fretes,scan_celula:DATA
05014831,01483130072005,Movime2.mdb:Fretes,scan_celula:OBSG
05014852,01485204082005,Movime2.mdb:Fretes,scan_celula:OBSG
05014872,20050808000000,Movime2.mdb:Fretes,scan_celula:DATA
05014873,20050808000000,Movime2.mdb:Fretes,scan_celula:DATA
05014874,20050808000000,Movime2.mdb:Fretes,scan_celula:DATA
05014875,20050808000000,Movime2.mdb:Fretes,scan_celula:DATA
05014876,20050808000000,Movime2.mdb:Fretes,scan_celula:DATA
05014877,20050808000000,Movime2.mdb:Fretes,scan_celula:DATA
05014878,20050808000000,Movime2.mdb:Fretes,scan_celula:DATA
05014879,20050808000000,Movime2.mdb:Fretes,scan_celula:DATA
05014880,20050808000000,Movime2.mdb:Fretes,scan_celula:DATA
05014935,01493517082005,Movime2.mdb:Fretes,scan_celula:OBSG
05014980,01498023082005,Movime2.mdb:Fretes,scan_celula:OBSG
05014982,20050824000000,Movime2.mdb:Fretes,scan_celula:DATA
05014983,20050824000000,Movime2.mdb:Fretes,scan_celula:DATA
05014984,20050824000000,Movime2.mdb:Fretes,scan_celula:DATA
05014985,20050824000000,Movime2.mdb:Fretes,scan_celula:DATA
05015043,01504302092005,Movime2.mdb:Fretes,scan_celula:OBSG
05015054,20050905000000,Movime2.mdb:Fretes,scan_celula:DATA
05015055,20050905000000,Movime2.mdb:Fretes,scan_celula:DATA
05015056,20050905000000,Movime2.mdb:Fretes,scan_celula:DATA
05015057,20050905000000,Movime2.mdb:Fretes,scan_celula:DATA
05015058,20050905000000,Movime2.mdb:Fretes,scan_celula:DATA
05015102,01510216092005,Movime2.mdb:Fretes,scan_celula:OBSG
05015156,01515623092005,Movime2.mdb:Fretes,scan_celula:OBSG
05015262,01526210102005,Movime2.mdb:Fretes,scan_celula:OBSG
05015357,01535728102005,Movime2.mdb:Fretes,scan_celula:OBSG
05015396,01539605112005,Movime2.mdb:Fretes,scan_celula:OBSG
05015443,01544314112005,Movime2.mdb:Fretes,scan_celula:OBSG
05015479,01547918112005,Movime2.mdb:Fretes,scan_celula:OBSG
05015514,01551422112005,Movime2.mdb:Fretes,scan_celula:OBSG
05015530,06461538672447,Movime2.mdb:Fretes,scan_celula:UNIT
05015556,20051128000000,Movime2.mdb:Fretes,scan_celula:DATA
05015557,20051128000000,Movime2.mdb:Fretes,scan_celula:DATA
05015558,20051128000000,Movime2.mdb:Fretes,scan_celula:DATA
05015559,20051128000000,Movime2.mdb:Fretes,scan_celula:DATA
05015560,20051128000000,Movime2.mdb:Fretes,scan_celula:DATA
05015608,01560803122005,Movime2.mdb:Fretes,scan_celula:OBSG
05015633,01563307122005,Movime2.mdb:Fretes,scan_celula:OBSG
05015637,20051209000000,Movime2.mdb:Fretes,scan_celula:DATA
05015638,20051209000000,Movime2.mdb:Fretes,scan_celula:DATA
05015685,01568515122005,Movime2.mdb:Fretes,scan_celula:OBSG
05015707,01570720122005,Movime2.mdb:Fretes,scan_celula:OBSG
06015789,01578902012006,Movime2.mdb:Fretes,scan_celula:OBSG
06015831,01583107012006,Movime2.mdb:Fretes,scan_celula:OBSG
06015899,01589918012006,Movime2.mdb:Fretes,scan_celula:OBSG
06015909,20060120000000,Movime2.mdb:Fretes,scan_celula:DATA
06015910,20060120000000,Movime2.mdb:Fretes,scan_celula:DATA
06015911,20060120000000,Movime2.mdb:Fretes,scan_celula:DATA
06015912,20060120000000,Movime2.mdb:Fretes,scan_celula:DATA
06015913,20060120000000,Movime2.mdb:Fretes,scan_celula:DATA
06015980,20060201000000,Movime2.mdb:Fretes,scan_celula:DATA
06015981,20060201000000,Movime2.mdb:Fretes,scan_celula:DATA
06015982,20060201000000,Movime2.mdb:Fretes,scan_celula:DATA
06015983,20060201000000,Movime2.mdb:Fretes,scan_celula:DATA
06015984,20060201000000,Movime2.mdb:Fretes,scan_celula:DATA
06015985,20060201000000,Movime2.mdb:Fretes,scan_celula:DATA
06015986,20060201000000,Movime2.mdb:Fretes,scan_celula:DATA
06016009,01600906022006,Movime2.mdb:Fretes,scan_celula:OBSG
06016036,01603609022006,Movime2.mdb:Fretes,scan_celula:OBSG
06016039,20060210000000,Movime2.mdb:Fretes,scan_celula:DATA
06016040,20060210000000,Movime2.mdb:Fretes,scan_celula:DATA
06016041,20060210000000,Movime2.mdb:Fretes,scan_celula:DATA
06016042,20060210000000,Movime2.mdb:Fretes,scan_celula:DATA
06016043,20060210000000,Movime2.mdb:Fretes,scan_celula:DATA
06016044,20060210000000,Movime2.mdb:Fretes,scan_celula:DATA
06016045,20060210000000,Movime2.mdb:Fretes,scan_celula:DATA
06016046,20060210000000,Movime2.mdb:Fretes,scan_celula:DATA
06016047,20060210000000,Movime2.mdb:Fretes,scan_celula:DATA
06016052,01605213022006,Movime2.mdb:Fretes,scan_celula:OBSG
06016068,06628571152687,Movime2.mdb:Fretes,scan_celula:UNIT
06016084,01608420022006,Movime2.mdb:Fretes,scan_celula:OBSG
06016139,01613904032006,Movime2.mdb:Fretes,scan_celula:OBSG
06016164,01616408032006,Movime2.mdb:Fretes,scan_celula:OBSG
06016211,01621117032006,Movime2.mdb:Fretes,scan_celula:OBSG
06016308,01630803042006,Movime2.mdb:Fretes,scan_celula:OBSG
06016351,01635110042006,Movime2.mdb:Fretes,scan_celula:OBSG
06016385,01638515042006,Movime2.mdb:Fretes,scan_celula:OBSG
06016407,01640720042006,Movime2.mdb:Fretes,scan_celula:OBSG
06016502,01650206052006,Movime2.mdb:Fretes,scan_celula:OBSG
06016529,01652910052006,Movime2.mdb:Fretes,scan_celula:OBSG
06016565,20060517000000,Movime2.mdb:Fretes,scan_celula:DATA
06016566,20060517000000,Movime2.mdb:Fretes,scan_celula:DATA
06016567,20060517000000,Movime2.mdb:Fretes,scan_celula:DATA
06016568,01656818052006,Movime2.mdb:Fretes,scan_celula:OBSG
06016720,01672008062006,Movime2.mdb:Fretes,scan_celula:OBSG
06016806,01680626062006,Movime2.mdb:Fretes,scan_celula:OBSG
06016833,01683329062006,Movime2.mdb:Fretes,scan_celula:OBSG
06016872,01687206072006,Movime2.mdb:Fretes,scan_celula:OBSG
06016899,01689910072006,Movime2.mdb:Fretes,scan_celula:OBSG
06016955,01695519072006,Movime2.mdb:Fretes,scan_celula:OBSG
06016973,01697322072006,Movime2.mdb:Fretes,scan_celula:OBSG
06016974,06719999909400,Movime2.mdb:Fretes,scan_celula:UNIT
06016989,20060725000000,Movime2.mdb:Fretes,scan_celula:DATA
06016990,20060725000000,Movime2.mdb:Fretes,scan_celula:DATA
06016991,20060725000000,Movime2.mdb:Fretes,scan_celula:DATA
06016992,20060725000000,Movime2.mdb:Fretes,scan_celula:DATA
06016993,20060725000000,Movime2.mdb:Fretes,scan_celula:DATA
06016994,20060725000000,Movime2.mdb:Fretes,scan_celula:DATA
06016995,20060725000000,Movime2.mdb:Fretes,scan_celula:DATA
06016996,20060725000000,Movime2.mdb:Fretes,scan_celula:DATA
06016997,20060725000000,Movime2.mdb:Fretes,scan_celula:DATA
06016998,20060725000000,Movime2.mdb:Fretes,scan_celula:DATA
06017266,01726608092006,Movime2.mdb:Fretes,scan_celula:OBSG
06017315,01731516092006,Movime2.mdb:Fretes,scan_celula:OBSG
06017330,25920001220703,Movime2.mdb:Fretes,scan_celula:TOTA
06017392,01739228092006,Movime2.mdb:Fretes,scan_celula:OBSG
06017421,01742103102006,Movime2.mdb:Fretes,scan_celula:OBSG
06017485,01748516102006,Movime2.mdb:Fretes,scan_celula:OBSG
06017520,01752020102006,Movime2.mdb:Fretes,scan_celula:OBSG
06017626,01762606112006,Movime2.mdb:Fretes,scan_celula:OBSG
06017678,01767814112006,Movime2.mdb:Fretes,scan_celula:OBSG
06017727,01772722112006,Movime2.mdb:Fretes,scan_celula:OBSG
06017829,20061207000000,Movime2.mdb:Fretes,scan_celula:DATA
06017830,20061207000000,Movime2.mdb:Fretes,scan_celula:DATA
06017831,20061207000000,Movime2.mdb:Fretes,scan_celula:DATA
06017832,20061207000000,Movime2.mdb:Fretes,scan_celula:DATA
06017833,20061207000000,Movime2.mdb:Fretes,scan_celula:DATA
06017834,20061207000000,Movime2.mdb:Fretes,scan_celula:DATA
06017835,20061207000000,Movime2.mdb:Fretes,scan_celula:DATA
06017836,20061207000000,Movime2.mdb:Fretes,scan_celula:DATA
06017837,20061207000000,Movime2.mdb:Fretes,scan_celula:DATA
06017844,01784408122006,Movime2.mdb:Fretes,scan_celula:OBSG
06017860,01786012122006,Movime2.mdb:Fretes,scan_celula:OBSG
0653,79348207000101,BdGeral.mdb:Veiculos,scan_celula:PCNP
07017944,20070102000000,Movime2.mdb:Fretes,scan_celula:DATA
07017945,20070102000000,Movime2.mdb:Fretes,scan_celula:DATA
07017946,20070102000000,Movime2.mdb:Fretes,scan_celula:DATA
07017947,20070102000000,Movime2.mdb:Fretes,scan_celula:DATA
07017948,20070102000000,Movime2.mdb:Fretes,scan_celula:DATA
07017949,20070102000000,Movime2.mdb:Fretes,scan_celula:DATA
07017950,20070102000000,Movime2.mdb:Fretes,scan_celula:DATA
07017951,20070102000000,Movime2.mdb:Fretes,scan_celula:DATA
07017952,20070102000000,Movime2.mdb:Fretes,scan_celula:DATA
07017953,20070102000000,Movime2.mdb:Fretes,scan_celula:DATA
07017954,20070102000000,Movime2.mdb:Fretes,scan_celula:DATA
07017955,20070102000000,Movime2.mdb:Fretes,scan_celula:DATA
07017956,20070102000000,Movime2.mdb:Fretes,scan_celula:DATA
07017970,25920001220703,Movime2.mdb:Fretes,scan_celula:TOTA
07018021,01802113012007,Movime2.mdb:Fretes,scan_celula:OBSG
07018089,01808924012007,Movime2.mdb:Fretes,scan_celula:OBSG
07018110,20070129000000,Movime2.mdb:Fretes,scan_celula:DATA
07018111,20070129000000,Movime2.mdb:Fretes,scan_celula:DATA
07018112,20070129000000,Movime2.mdb:Fretes,scan_celula:DATA
07018113,20070129000000,Movime2.mdb:Fretes,scan_celula:DATA
07018114,20070129000000,Movime2.mdb:Fretes,scan_celula:DATA
07018115,20070129000000,Movime2.mdb:Fretes,scan_celula:DATA
07018116,20070129000000,Movime2.mdb:Fretes,scan_celula:DATA
07018117,20070129000000,Movime2.mdb:Fretes,scan_celula:DATA
07018118,20070129000000,Movime2.mdb:Fretes,scan_celula:DATA
07018119,20070129000000,Movime2.mdb:Fretes,scan_celula:DATA
07018120,20070129000000,Movime2.mdb:Fretes,scan_celula:DATA
07018121,20070129000000,Movime2.mdb:Fretes,scan_celula:DATA
07018145,01814502022007,Movime2.mdb:Fretes,scan_celula:OBSG
07018197,01819710022007,Movime2.mdb:Fretes,scan_celula:OBSG
07018228,01822815022007,Movime2.mdb:Fretes,scan_celula:OBSG
07018253,01825319022007,Movime2.mdb:Fretes,scan_celula:OBSG
07018271,01827122022007,Movime2.mdb:Fretes,scan_celula:OBSG
07018314,01831401032007,Movime2.mdb:Fretes,scan_celula:OBSG
07018348,01834806032007,Movime2.mdb:Fretes,scan_celula:OBSG
07018391,01839113032007,Movime2.mdb:Fretes,scan_celula:OBSG
07018464,04550000131130,Movime2.mdb:Fretes,scan_celula:UNIT
07018474,01847426032007,Movime2.mdb:Fretes,scan_celula:OBSG
07018480,20070328000000,Movime2.mdb:Fretes,scan_celula:DATA
07018481,20070328000000,Movime2.mdb:Fretes,scan_celula:DATA
07018482,20070328000000,Movime2.mdb:Fretes,scan_celula:DATA
07018483,20070328000000,Movime2.mdb:Fretes,scan_celula:DATA
07018484,20070328000000,Movime2.mdb:Fretes,scan_celula:DATA
07018485,20070328000000,Movime2.mdb:Fretes,scan_celula:DATA
07018486,20070328000000,Movime2.mdb:Fretes,scan_celula:DATA
07018487,20070328000000,Movime2.mdb:Fretes,scan_celula:DATA
07018488,20070328000000,Movime2.mdb:Fretes,scan_celula:DATA
07018489,20070328000000,Movime2.mdb:Fretes,scan_celula:DATA
07018490,20070328000000,Movime2.mdb:Fretes,scan_celula:DATA
07018491,20070328000000,Movime2.mdb:Fretes,scan_celula:DATA
07018492,20070328000000,Movime2.mdb:Fretes,scan_celula:DATA
07018493,20070328000000,Movime2.mdb:Fretes,scan_celula:DATA
07018494,20070328000000,Movime2.mdb:Fretes,scan_celula:DATA
07018495,20070328000000,Movime2.mdb:Fretes,scan_celula:DATA
07018552,20070409000000,Movime2.mdb:Fretes,scan_celula:DATA
07018553,20070409000000,Movime2.mdb:Fretes,scan_celula:DATA
07018554,20070409000000,Movime2.mdb:Fretes,scan_celula:DATA
07018555,20070409000000,Movime2.mdb:Fretes,scan_celula:DATA
07018556,20070409000000,Movime2.mdb:Fretes,scan_celula:DATA
07018557,20070409000000,Movime2.mdb:Fretes,scan_celula:DATA
07018558,20070409000000,Movime2.mdb:Fretes,scan_celula:DATA
07018559,20070409000000,Movime2.mdb:Fretes,scan_celula:DATA
07018596,01859616042007,Movime2.mdb:Fretes,scan_celula:OBSG
07018613,01861317042007,Movime2.mdb:Fretes,scan_celula:OBSG
07018615,20070418000000,Movime2.mdb:Fretes,scan_celula:DATA
07018616,20070418000000,Movime2.mdb:Fretes,scan_celula:DATA
07018631,01863120042007,Movime2.mdb:Fretes,scan_celula:OBSG
07018645,01864524042007,Movime2.mdb:Fretes,scan_celula:OBSG
07018701,01870102052007,Movime2.mdb:Fretes,scan_celula:OBSG
07018735,01873507052007,Movime2.mdb:Fretes,scan_celula:OBSG
07018928,01892805062007,Movime2.mdb:Fretes,scan_celula:OBSG
07018958,01895813062007,Movime2.mdb:Fretes,scan_celula:OBSG
07019029,01902920062007,Movime2.mdb:Fretes,scan_celula:OBSG
07019088,01908829062007,Movime2.mdb:Fretes,scan_celula:OBSG
07019201,20070714000000,Movime2.mdb:Fretes,scan_celula:DATA
07019202,20070714000000,Movime2.mdb:Fretes,scan_celula:DATA
07019204,20070714000000,Movime2.mdb:Fretes,scan_celula:DATA
07019205,20070714000000,Movime2.mdb:Fretes,scan_celula:DATA
07019206,20070714000000,Movime2.mdb:Fretes,scan_celula:DATA
07019212,06461538672447,Movime2.mdb:Fretes,scan_celula:UNIT
07019240,01924019072007,Movime2.mdb:Fretes,scan_celula:OBSG
07019316,01931631072007,Movime2.mdb:Fretes,scan_celula:OBSG
07019408,01940813082007,Movime2.mdb:Fretes,scan_celula:OBSG
07019504,01950425082007,Movime2.mdb:Fretes,scan_celula:OBSG
07019567,01956701092007,Movime2.mdb:Fretes,scan_celula:OBSG
07019594,01959404092007,Movime2.mdb:Fretes,scan_celula:OBSG
07019611,01961105092007,Movime2.mdb:Fretes,scan_celula:OBSG
07019666,20070913000000,Movime2.mdb:Fretes,scan_celula:DATA
07019667,20070913000000,Movime2.mdb:Fretes,scan_celula:DATA
07019668,20070913000000,Movime2.mdb:Fretes,scan_celula:DATA
07019669,20070913000000,Movime2.mdb:Fretes,scan_celula:DATA
07019670,20070913000000,Movime2.mdb:Fretes,scan_celula:DATA
07019671,20070913000000,Movime2.mdb:Fretes,scan_celula:DATA
07019672,20070913000000,Movime2.mdb:Fretes,scan_celula:DATA
07019673,20070913000000,Movime2.mdb:Fretes,scan_celula:DATA
07019674,20070913000000,Movime2.mdb:Fretes,scan_celula:DATA
07019675,20070913000000,Movime2.mdb:Fretes,scan_celula:DATA
07019676,20070913000000,Movime2.mdb:Fretes,scan_celula:DATA
07019699,01969917092007,Movime2.mdb:Fretes,scan_celula:OBSG
07019734,01973421092007,Movime2.mdb:Fretes,scan_celula:OBSG
07019737,20070922000000,Movime2.mdb:Fretes,scan_celula:DATA
07019738,20070922000000,Movime2.mdb:Fretes,scan_celula:DATA
07019739,20070922000000,Movime2.mdb:Fretes,scan_celula:DATA
07019740,20070922000000,Movime2.mdb:Fretes,scan_celula:DATA
07019741,20070922000000,Movime2.mdb:Fretes,scan_celula:DATA
07019760,03391304314136,Movime2.mdb:Fretes,scan_celula:UNIT
07019797,01979728092007,Movime2.mdb:Fretes,scan_celula:OBSG
07019848,01984803102007,Movime2.mdb:Fretes,scan_celula:OBSG
07019871,01987108102007,Movime2.mdb:Fretes,scan_celula:OBSG
07019944,01994415102007,Movime2.mdb:Fretes,scan_celula:OBSG
07019953,20071018000000,Movime2.mdb:Fretes,scan_celula:DATA
07019954,20071018000000,Movime2.mdb:Fretes,scan_celula:DATA
07019955,20071018000000,Movime2.mdb:Fretes,scan_celula:DATA
07019956,20071018000000,Movime2.mdb:Fretes,scan_celula:DATA
07019957,20071018000000,Movime2.mdb:Fretes,scan_celula:DATA
07019958,20071018000000,Movime2.mdb:Fretes,scan_celula:DATA
07019960,20071018000000,Movime2.mdb:Fretes,scan_celula:DATA
07019961,20071018000000,Movime2.mdb:Fretes,scan_celula:DATA
07019962,20071018000000,Movime2.mdb:Fretes,scan_celula:DATA
07019963,20071018000000,Movime2.mdb:Fretes,scan_celula:DATA
07019996,01999623102007,Movime2.mdb:Fretes,scan_celula:OBSG
07020010,02001024102007,Movime2.mdb:Fretes,scan_celula:OBSG
07020019,02001925102007,Movime2.mdb:Fretes,scan_celula:OBSG
07020030,20071027000000,Movime2.mdb:Fretes,scan_celula:DATA
07020031,20071027000000,Movime2.mdb:Fretes,scan_celula:DATA
07020032,20071027000000,Movime2.mdb:Fretes,scan_celula:DATA
07020033,20071027000000,Movime2.mdb:Fretes,scan_celula:DATA
07020034,20071027000000,Movime2.mdb:Fretes,scan_celula:DATA
07020035,20071027000000,Movime2.mdb:Fretes,scan_celula:DATA
07020036,20071027000000,Movime2.mdb:Fretes,scan_celula:DATA
07020037,20071027000000,Movime2.mdb:Fretes,scan_celula:DATA
07020038,20071027000000,Movime2.mdb:Fretes,scan_celula:DATA
07020039,20071027000000,Movime2.mdb:Fretes,scan_celula:DATA
07020040,20071027000000,Movime2.mdb:Fretes,scan_celula:DATA
07020041,20071027000000,Movime2.mdb:Fretes,scan_celula:DATA
07020042,20071027000000,Movime2.mdb:Fretes,scan_celula:DATA
07020043,20071027000000,Movime2.mdb:Fretes,scan_celula:DATA
07020044,20071027000000,Movime2.mdb:Fretes,scan_celula:DATA
07020064,02006431102007,Movime2.mdb:Fretes,scan_celula:OBSG
07020071,02007101112007,Movime2.mdb:Fretes,scan_celula:OBSG
07020102,02010206112007,Movime2.mdb:Fretes,scan_celula:OBSG
07020108,20071108000000,Movime2.mdb:Fretes,scan_celula:DATA
07020109,20071108000000,Movime2.mdb:Fretes,scan_celula:DATA
07020110,20071108000000,Movime2.mdb:Fretes,scan_celula:DATA
07020111,20071108000000,Movime2.mdb:Fretes,scan_celula:DATA
07020112,20071108000000,Movime2.mdb:Fretes,scan_celula:DATA
07020113,20071108000000,Movime2.mdb:Fretes,scan_celula:DATA
07020114,20071108000000,Movime2.mdb:Fretes,scan_celula:DATA
07020115,20071108000000,Movime2.mdb:Fretes,scan_celula:DATA
07020116,20071108000000,Movime2.mdb:Fretes,scan_celula:DATA
07020117,20071108000000,Movime2.mdb:Fretes,scan_celula:DATA
07020118,20071108000000,Movime2.mdb:Fretes,scan_celula:DATA
07020119,20071108000000,Movime2.mdb:Fretes,scan_celula:DATA
07020120,20071108000000,Movime2.mdb:Fretes,scan_celula:DATA
07020122,20071108000000,Movime2.mdb:Fretes,scan_celula:DATA
07020123,20071108000000,Movime2.mdb:Fretes,scan_celula:DATA
07020124,20071108000000,Movime2.mdb:Fretes,scan_celula:DATA
07020125,20071108000000,Movime2.mdb:Fretes,scan_celula:DATA
07020127,20071108000000,Movime2.mdb:Fretes,scan_celula:DATA
07020128,20071108000000,Movime2.mdb:Fretes,scan_celula:DATA
07020156,02015613112007,Movime2.mdb:Fretes,scan_celula:OBSG
07020207,02020719112007,Movime2.mdb:Fretes,scan_celula:OBSG
07020225,02022522112007,Movime2.mdb:Fretes,scan_celula:OBSG
07020250,02025026112007,Movime2.mdb:Fretes,scan_celula:OBSG
07020288,02028829112007,Movime2.mdb:Fretes,scan_celula:OBSG
07020319,02031903122007,Movime2.mdb:Fretes,scan_celula:OBSG
07020384,02038410122007,Movime2.mdb:Fretes,scan_celula:OBSG
07020437,02043715122007,Movime2.mdb:Fretes,scan_celula:OBSG
07020464,02046418122007,Movime2.mdb:Fretes,scan_celula:OBSG
07020501,20071226000000,Movime2.mdb:Fretes,scan_celula:DATA
07020502,20071226000000,Movime2.mdb:Fretes,scan_celula:DATA
07020503,20071226000000,Movime2.mdb:Fretes,scan_celula:DATA
07020504,20071226000000,Movime2.mdb:Fretes,scan_celula:DATA
07020505,20071226000000,Movime2.mdb:Fretes,scan_celula:DATA
07020506,20071226000000,Movime2.mdb:Fretes,scan_celula:DATA
07020507,20071226000000,Movime2.mdb:Fretes,scan_celula:DATA
07020508,20071226000000,Movime2.mdb:Fretes,scan_celula:DATA
07020509,20071226000000,Movime2.mdb:Fretes,scan_celula:DATA
07020510,20071226000000,Movime2.mdb:Fretes,scan_celula:DATA
0801200,82074082076082,BdGeral.mdb:Tabelas,scan_celula:OBSI
08020530,02053002012008,Movime2.mdb:Fretes,scan_celula:OBSG
08020615,02061514012008,Movime2.mdb:Fretes,scan_celula:OBSG
08020669,02066921012008,Movime2.mdb:Fretes,scan_celula:OBSG
08020870,02087014022008,Movime2.mdb:Fretes,scan_celula:OBSG
08020879,02087915022008,Movime2.mdb:Fretes,scan_celula:OBSG
08020941,02094122022008,Movime2.mdb:Fretes,scan_celula:OBSG
08020975,02097527022008,Movime2.mdb:Fretes,scan_celula:OBSG
08020993,20080229000000,Movime2.mdb:Fretes,scan_celula:DATA
08020994,20080229000000,Movime2.mdb:Fretes,scan_celula:DATA
08020995,20080229000000,Movime2.mdb:Fretes,scan_celula:DATA
08020996,20080229000000,Movime2.mdb:Fretes,scan_celula:DATA
08021004,02100401032008,Movime2.mdb:Fretes,scan_celula:OBSG
08021031,02103104032008,Movime2.mdb:Fretes,scan_celula:OBSG
08021136,02113617032008,Movime2.mdb:Fretes,scan_celula:OBSG
08021154,02115420032008,Movime2.mdb:Fretes,scan_celula:OBSG
08021184,20080326000000,Movime2.mdb:Fretes,scan_celula:DATA
08021185,20080326000000,Movime2.mdb:Fretes,scan_celula:DATA
08021186,20080326000000,Movime2.mdb:Fretes,scan_celula:DATA
08021187,20080326000000,Movime2.mdb:Fretes,scan_celula:DATA
08021188,20080326000000,Movime2.mdb:Fretes,scan_celula:DATA
08021189,20080326000000,Movime2.mdb:Fretes,scan_celula:DATA
08021190,20080326000000,Movime2.mdb:Fretes,scan_celula:DATA
08021191,20080326000000,Movime2.mdb:Fretes,scan_celula:DATA
08021192,20080326000000,Movime2.mdb:Fretes,scan_celula:DATA
08021193,20080326000000,Movime2.mdb:Fretes,scan_celula:DATA
08021194,20080326000000,Movime2.mdb:Fretes,scan_celula:DATA
08021287,20080407000000,Movime2.mdb:Fretes,scan_celula:DATA
08021288,20080407000000,Movime2.mdb:Fretes,scan_celula:DATA
08021289,20080407000000,Movime2.mdb:Fretes,scan_celula:DATA
08021290,20080407000000,Movime2.mdb:Fretes,scan_celula:DATA
08021291,20080407000000,Movime2.mdb:Fretes,scan_celula:DATA
08021292,20080407000000,Movime2.mdb:Fretes,scan_celula:DATA
08021293,20080407000000,Movime2.mdb:Fretes,scan_celula:DATA
08021294,20080407000000,Movime2.mdb:Fretes,scan_celula:DATA
08021295,20080407000000,Movime2.mdb:Fretes,scan_celula:DATA
08021296,20080407000000,Movime2.mdb:Fretes,scan_celula:DATA
08021298,20080407000000,Movime2.mdb:Fretes,scan_celula:DATA
08021299,20080407000000,Movime2.mdb:Fretes,scan_celula:DATA
08021300,20080407000000,Movime2.mdb:Fretes,scan_celula:DATA
08021301,20080407000000,Movime2.mdb:Fretes,scan_celula:DATA
08021302,20080407000000,Movime2.mdb:Fretes,scan_celula:DATA
08021317,02131710042008,Movime2.mdb:Fretes,scan_celula:OBSG
08021413,02141322042008,Movime2.mdb:Fretes,scan_celula:OBSG
08021415,25920001220703,Movime2.mdb:Fretes,scan_celula:TOTA
08021440,02144025042008,Movime2.mdb:Fretes,scan_celula:OBSG
08021442,09016393423080,Movime2.mdb:Fretes,scan_celula:UNIT
08021449,02144926042008,Movime2.mdb:Fretes,scan_celula:OBSG
08021476,02147629042008,Movime2.mdb:Fretes,scan_celula:OBSG
08021532,02153207052008,Movime2.mdb:Fretes,scan_celula:OBSG
08021603,02160315052008,Movime2.mdb:Fretes,scan_celula:OBSG
08021728,02172830052008,Movime2.mdb:Fretes,scan_celula:OBSG
08021762,02176203062008,Movime2.mdb:Fretes,scan_celula:OBSG
08021805,20080606000000,Movime2.mdb:Fretes,scan_celula:DATA
08021806,20080606000000,Movime2.mdb:Fretes,scan_celula:DATA
08021882,02188214062008,Movime2.mdb:Fretes,scan_celula:OBSG
08021951,02195123062008,Movime2.mdb:Fretes,scan_celula:OBSG
08021989,02198926062008,Movime2.mdb:Fretes,scan_celula:OBSG
08022002,02200228062008,Movime2.mdb:Fretes,scan_celula:OBSG
08022022,02202230062008,Movime2.mdb:Fretes,scan_celula:OBSG
08022090,02209008072008,Movime2.mdb:Fretes,scan_celula:OBSG
08022161,02216116072008,Movime2.mdb:Fretes,scan_celula:OBSG
08022199,02219919072008,Movime2.mdb:Fretes,scan_celula:OBSG
08022234,02223423072008,Movime2.mdb:Fretes,scan_celula:OBSG
08022327,02232731072008,Movime2.mdb:Fretes,scan_celula:OBSG
08022361,02236104082008,Movime2.mdb:Fretes,scan_celula:OBSG
08022414,02241409082008,Movime2.mdb:Fretes,scan_celula:OBSG
08022448,20080814000000,Movime2.mdb:Fretes,scan_celula:DATA
08022452,20080814000000,Movime2.mdb:Fretes,scan_celula:DATA
08022453,20080814000000,Movime2.mdb:Fretes,scan_celula:DATA
08022455,20080814000000,Movime2.mdb:Fretes,scan_celula:DATA
08022468,02246816082008,Movime2.mdb:Fretes,scan_celula:OBSG
08022495,02249519082008,Movime2.mdb:Fretes,scan_celula:OBSG
08022530,02253023082008,Movime2.mdb:Fretes,scan_celula:OBSG
08022564,02256428082008,Movime2.mdb:Fretes,scan_celula:OBSG
08022695,20080911000000,Movime2.mdb:Fretes,scan_celula:DATA
08022696,20080911000000,Movime2.mdb:Fretes,scan_celula:DATA
08022697,20080911000000,Movime2.mdb:Fretes,scan_celula:DATA
08022698,20080911000000,Movime2.mdb:Fretes,scan_celula:DATA
08022699,20080911000000,Movime2.mdb:Fretes,scan_celula:DATA
08022700,20080911000000,Movime2.mdb:Fretes,scan_celula:DATA
08022701,20080911000000,Movime2.mdb:Fretes,scan_celula:DATA
08022880,02288030092008,Movime2.mdb:Fretes,scan_celula:OBSG
08022896,02289601102008,Movime2.mdb:Fretes,scan_celula:OBSG
08022949,02294906102008,Movime2.mdb:Fretes,scan_celula:OBSG
08022995,09016393423080,Movime2.mdb:Fretes,scan_celula:UNIT
08023018,02301814102008,Movime2.mdb:Fretes,scan_celula:OBSG
08023039,20081016000000,Movime2.mdb:Fretes,scan_celula:DATA
08023041,20081016000000,Movime2.mdb:Fretes,scan_celula:DATA
08023042,20081016000000,Movime2.mdb:Fretes,scan_celula:DATA
08023043,20081016000000,Movime2.mdb:Fretes,scan_celula:DATA
08023044,20081016000000,Movime2.mdb:Fretes,scan_celula:DATA
08023045,20081016000000,Movime2.mdb:Fretes,scan_celula:DATA
08023046,20081016000000,Movime2.mdb:Fretes,scan_celula:DATA
08023047,20081016000000,Movime2.mdb:Fretes,scan_celula:DATA
08023048,20081016000000,Movime2.mdb:Fretes,scan_celula:DATA
08023050,20081016000000,Movime2.mdb:Fretes,scan_celula:DATA
08023051,20081016000000,Movime2.mdb:Fretes,scan_celula:DATA
08023052,20081016000000,Movime2.mdb:Fretes,scan_celula:DATA
08023065,02306518102008,Movime2.mdb:Fretes,scan_celula:OBSG
08023100,02310022102008,Movime2.mdb:Fretes,scan_celula:OBSG
08023138,02313825102008,Movime2.mdb:Fretes,scan_celula:OBSG
08023216,02321603112008,Movime2.mdb:Fretes,scan_celula:OBSG
08023243,02324306112008,Movime2.mdb:Fretes,scan_celula:OBSG
08023314,02331414112008,Movime2.mdb:Fretes,scan_celula:OBSG
08023348,02334819112008,Movime2.mdb:Fretes,scan_celula:OBSG
08023368,02336821112008,Movime2.mdb:Fretes,scan_celula:OBSG
08023593,02359313122008,Movime2.mdb:Fretes,scan_celula:OBSG
08023597,20081215000000,Movime2.mdb:Fretes,scan_celula:DATA
08023598,20081215000000,Movime2.mdb:Fretes,scan_celula:DATA
08023599,20081215000000,Movime2.mdb:Fretes,scan_celula:DATA
08023600,20081215000000,Movime2.mdb:Fretes,scan_celula:DATA
08023601,20081215000000,Movime2.mdb:Fretes,scan_celula:DATA
08023602,20081215000000,Movime2.mdb:Fretes,scan_celula:DATA
08023603,20081215000000,Movime2.mdb:Fretes,scan_celula:DATA
08023604,20081215000000,Movime2.mdb:Fretes,scan_celula:DATA
08023605,20081215000000,Movime2.mdb:Fretes,scan_celula:DATA
08023606,20081215000000,Movime2.mdb:Fretes,scan_celula:DATA
08023607,20081215000000,Movime2.mdb:Fretes,scan_celula:DATA
08023608,20081215000000,Movime2.mdb:Fretes,scan_celula:DATA
08023609,20081215000000,Movime2.mdb:Fretes,scan_celula:DATA
08023644,02364419122008,Movime2.mdb:Fretes,scan_celula:OBSG
08023692,02369230122008,Movime2.mdb:Fretes,scan_celula:OBSG
09023726,02372606012009,Movime2.mdb:Fretes,scan_celula:OBSG
09023849,08878504633903,Movime2.mdb:Fretes,scan_celula:UNIT
09023915,02391526012009,Movime2.mdb:Fretes,scan_celula:OBSG
09023978,02397802022009,Movime2.mdb:Fretes,scan_celula:OBSG
09024029,02402907022009,Movime2.mdb:Fretes,scan_celula:OBSG
09024047,02404710022009,Movime2.mdb:Fretes,scan_celula:OBSG
09024128,20090218000000,Movime2.mdb:Fretes,scan_celula:DATA
09024129,20090218000000,Movime2.mdb:Fretes,scan_celula:DATA
09024130,20090218000000,Movime2.mdb:Fretes,scan_celula:DATA
09024132,20090218000000,Movime2.mdb:Fretes,scan_celula:DATA
09024133,20090218000000,Movime2.mdb:Fretes,scan_celula:DATA
09024134,20090218000000,Movime2.mdb:Fretes,scan_celula:DATA
09024135,20090218000000,Movime2.mdb:Fretes,scan_celula:DATA
09024136,20090218000000,Movime2.mdb:Fretes,scan_celula:DATA
09024137,20090218000000,Movime2.mdb:Fretes,scan_celula:DATA
09024202,20090227000000,Movime2.mdb:Fretes,scan_celula:DATA
09024203,20090227000000,Movime2.mdb:Fretes,scan_celula:DATA
09024204,20090227000000,Movime2.mdb:Fretes,scan_celula:DATA
09024205,20090227000000,Movime2.mdb:Fretes,scan_celula:DATA
09024206,20090227000000,Movime2.mdb:Fretes,scan_celula:DATA
09024235,02423504032009,Movime2.mdb:Fretes,scan_celula:OBSG
09024382,02438218032009,Movime2.mdb:Fretes,scan_celula:OBSG
09024426,02442623032009,Movime2.mdb:Fretes,scan_celula:OBSG
09024453,02445326032009,Movime2.mdb:Fretes,scan_celula:OBSG
09024580,02458007042009,Movime2.mdb:Fretes,scan_celula:OBSG
09024814,02481405052009,Movime2.mdb:Fretes,scan_celula:OBSG
09024843,20090507000000,Movime2.mdb:Fretes,scan_celula:DATA
09024844,20090507000000,Movime2.mdb:Fretes,scan_celula:DATA
09024845,20090507000000,Movime2.mdb:Fretes,scan_celula:DATA
09024846,20090507000000,Movime2.mdb:Fretes,scan_celula:DATA
09024847,20090507000000,Movime2.mdb:Fretes,scan_celula:DATA
09024848,20090507000000,Movime2.mdb:Fretes,scan_celula:DATA
09024849,20090507000000,Movime2.mdb:Fretes,scan_celula:DATA
09024850,20090507000000,Movime2.mdb:Fretes,scan_celula:DATA
09024851,20090507000000,Movime2.mdb:Fretes,scan_celula:DATA
09024852,20090507000000,Movime2.mdb:Fretes,scan_celula:DATA
09024855,20090507000000,Movime2.mdb:Fretes,scan_celula:DATA
09024863,02486308052009,Movime2.mdb:Fretes,scan_celula:OBSG
09024881,02488111052009,Movime2.mdb:Fretes,scan_celula:OBSG
09024934,02493416052009,Movime2.mdb:Fretes,scan_celula:OBSG
09024961,02496119052009,Movime2.mdb:Fretes,scan_celula:OBSG
09025003,20090523000000,Movime2.mdb:Fretes,scan_celula:DATA
09025004,20090523000000,Movime2.mdb:Fretes,scan_celula:DATA
09025005,02500523052009,Movime2.mdb:Fretes,scan_celula:OBSG
09025006,20090523000000,Movime2.mdb:Fretes,scan_celula:DATA
09025007,20090523000000,Movime2.mdb:Fretes,scan_celula:DATA
09025008,20090523000000,Movime2.mdb:Fretes,scan_celula:DATA
09025009,20090523000000,Movime2.mdb:Fretes,scan_celula:DATA
09025030,02503027052009,Movime2.mdb:Fretes,scan_celula:OBSG
09025093,02509303062009,Movime2.mdb:Fretes,scan_celula:OBSG
09025107,20090604000000,Movime2.mdb:Fretes,scan_celula:DATA
09025108,20090604000000,Movime2.mdb:Fretes,scan_celula:DATA
09025109,20090604000000,Movime2.mdb:Fretes,scan_celula:DATA
09025110,02511004062009,Movime2.mdb:Fretes,scan_celula:OBSG
09025111,20090604000000,Movime2.mdb:Fretes,scan_celula:DATA
09025112,20090604000000,Movime2.mdb:Fretes,scan_celula:DATA
09025113,20090604000000,Movime2.mdb:Fretes,scan_celula:DATA
09025114,20090604000000,Movime2.mdb:Fretes,scan_celula:DATA
09025115,20090604000000,Movime2.mdb:Fretes,scan_celula:DATA
09025116,20090604000000,Movime2.mdb:Fretes,scan_celula:DATA
09025117,20090604000000,Movime2.mdb:Fretes,scan_celula:DATA
09025118,20090604000000,Movime2.mdb:Fretes,scan_celula:DATA
09025119,20090604000000,Movime2.mdb:Fretes,scan_celula:DATA
09025120,20090604000000,Movime2.mdb:Fretes,scan_celula:DATA
09025121,20090604000000,Movime2.mdb:Fretes,scan_celula:DATA
09025122,20090604000000,Movime2.mdb:Fretes,scan_celula:DATA
09025123,20090604000000,Movime2.mdb:Fretes,scan_celula:DATA
09025124,20090604000000,Movime2.mdb:Fretes,scan_celula:DATA
09025215,02521517062009,Movime2.mdb:Fretes,scan_celula:OBSG
09025269,02526924062009,Movime2.mdb:Fretes,scan_celula:OBSG
09025311,02531129062009,Movime2.mdb:Fretes,scan_celula:OBSG
09025327,02532701072009,Movime2.mdb:Fretes,scan_celula:OBSG
09025423,02542313072009,Movime2.mdb:Fretes,scan_celula:OBSG
09025503,20090722000000,Movime2.mdb:Fretes,scan_celula:DATA
09025504,20090722000000,Movime2.mdb:Fretes,scan_celula:DATA
09025505,20090722000000,Movime2.mdb:Fretes,scan_celula:DATA
09025506,20090722000000,Movime2.mdb:Fretes,scan_celula:DATA
09025507,20090722000000,Movime2.mdb:Fretes,scan_celula:DATA
09025508,20090722000000,Movime2.mdb:Fretes,scan_celula:DATA
09025509,20090722000000,Movime2.mdb:Fretes,scan_celula:DATA
09025510,20090722000000,Movime2.mdb:Fretes,scan_celula:DATA
09025511,20090722000000,Movime2.mdb:Fretes,scan_celula:DATA
09025512,20090722000000,Movime2.mdb:Fretes,scan_celula:DATA
09025577,02557729072009,Movime2.mdb:Fretes,scan_celula:OBSG
09025586,20090731000000,Movime2.mdb:Fretes,scan_celula:DATA
09025600,20090803000000,Movime2.mdb:Fretes,scan_celula:DATA
09025601,20090803000000,Movime2.mdb:Fretes,scan_celula:DATA
09025602,20090803000000,Movime2.mdb:Fretes,scan_celula:DATA
09025603,20090803000000,Movime2.mdb:Fretes,scan_celula:DATA
09025608,02560803082009,Movime2.mdb:Fretes,scan_celula:OBSG
09025609,20090803000000,Movime2.mdb:Fretes,scan_celula:DATA
09025610,20090803000000,Movime2.mdb:Fretes,scan_celula:DATA
09025611,20090803000000,Movime2.mdb:Fretes,scan_celula:DATA
09025692,20090812000000,Movime2.mdb:Fretes,scan_celula:DATA
09025693,20090812000000,Movime2.mdb:Fretes,scan_celula:DATA
09025694,20090812000000,Movime2.mdb:Fretes,scan_celula:DATA
09025695,20090812000000,Movime2.mdb:Fretes,scan_celula:DATA
09025696,20090812000000,Movime2.mdb:Fretes,scan_celula:DATA
09025697,20090812000000,Movime2.mdb:Fretes,scan_celula:DATA
09025698,20090812000000,Movime2.mdb:Fretes,scan_celula:DATA
09025699,20090812000000,Movime2.mdb:Fretes,scan_celula:DATA
09025700,20090812000000,Movime2.mdb:Fretes,scan_celula:DATA
09025701,20090812000000,Movime2.mdb:Fretes,scan_celula:DATA
09025728,02572814082009,Movime2.mdb:Fretes,scan_celula:OBSG
09025753,02575318082009,Movime2.mdb:Fretes,scan_celula:OBSG
09025826,02582625082009,Movime2.mdb:Fretes,scan_celula:OBSG
09025873,02587329082009,Movime2.mdb:Fretes,scan_celula:OBSG
09025893,02589331082009,Movime2.mdb:Fretes,scan_celula:OBSG
09025906,02590602092009,Movime2.mdb:Fretes,scan_celula:OBSG
09026120,02612025092009,Movime2.mdb:Fretes,scan_celula:OBSG
09026156,02615629092009,Movime2.mdb:Fretes,scan_celula:OBSG
09026169,20090930000000,Movime2.mdb:Fretes,scan_celula:DATA
09026325,02632516102009,Movime2.mdb:Fretes,scan_celula:OBSG
09026352,02635219102009,Movime2.mdb:Fretes,scan_celula:OBSG
09026441,02644130102009,Movime2.mdb:Fretes,scan_celula:OBSG
09026555,02655512112009,Movime2.mdb:Fretes,scan_celula:OBSG
09026596,20091116000000,Movime2.mdb:Fretes,scan_celula:DATA
09026597,20091116000000,Movime2.mdb:Fretes,scan_celula:DATA
09026598,20091116000000,Movime2.mdb:Fretes,scan_celula:DATA
09026599,20091116000000,Movime2.mdb:Fretes,scan_celula:DATA
09026600,20091116000000,Movime2.mdb:Fretes,scan_celula:DATA
09026601,20091116000000,Movime2.mdb:Fretes,scan_celula:DATA
09026602,20091116000000,Movime2.mdb:Fretes,scan_celula:DATA
09026603,20091116000000,Movime2.mdb:Fretes,scan_celula:DATA
09026604,20091116000000,Movime2.mdb:Fretes,scan_celula:DATA
09026605,20091116000000,Movime2.mdb:Fretes,scan_celula:DATA
09026606,20091116000000,Movime2.mdb:Fretes,scan_celula:DATA
09026607,20091116000000,Movime2.mdb:Fretes,scan_celula:DATA
09026748,02674830112009,Movime2.mdb:Fretes,scan_celula:OBSG
09026808,02680805122009,Movime2.mdb:Fretes,scan_celula:OBSG
10000015,20100504000000,Movime2.mdb:Carregamento,scan_celula:DATA
10000016,20100504000000,Movime2.mdb:Carregamento,scan_celula:DATA
10000017,20100504000000,Movime2.mdb:Carregamento,scan_celula:DATA
10000018,20100504000000,Movime2.mdb:Carregamento,scan_celula:DATA
10000019,20100504000000,Movime2.mdb:Carregamento,scan_celula:DATA
10000020,20100504000000,Movime2.mdb:Carregamento,scan_celula:DATA
10000021,20100504000000,Movime2.mdb:Carregamento,scan_celula:DATA
10000106,20100520000000,Movime2.mdb:Carregamento,scan_celula:DATA
10000107,20100520000000,Movime2.mdb:Carregamento,scan_celula:DATA
10000108,20100520000000,Movime2.mdb:Carregamento,scan_celula:DATA
10000150,20100601000000,Movime2.mdb:Carregamento,scan_celula:DATA
10000151,20100601000000,Movime2.mdb:Carregamento,scan_celula:DATA
10000152,20100601000000,Movime2.mdb:Carregamento,scan_celula:DATA
10000153,20100601000000,Movime2.mdb:Carregamento,scan_celula:DATA
10000154,20100601000000,Movime2.mdb:Carregamento,scan_celula:DATA
10000714,20101210000000,Movime2.mdb:Carregamento,scan_celula:DATA
10000715,20101210000000,Movime2.mdb:Carregamento,scan_celula:DATA
10001409,04343999922275,Movime2.mdb:SegurosItens,scan_celula:VLRS
10001412,04343999922275,Movime2.mdb:SegurosItens,scan_celula:VLRS
10001416,34274001121520,Movime2.mdb:SegurosItens,scan_celula:VLRS
10001419,34274001121520,Movime2.mdb:SegurosItens,scan_celula:VLRS
10001429,34274001121520,Movime2.mdb:SegurosItens,scan_celula:VLRS
10001435,25053999423980,Movime2.mdb:SegurosItens,scan_celula:VLRS
10001440,20100215000000,Movime2.mdb:Seguros,scan_celula:DATA
10001443,34274001121520,Movime2.mdb:SegurosItens,scan_celula:VLRS
10001447,20100224000000,Movime2.mdb:Seguros,scan_celula:DATA
10001455,20100305000000,Movime2.mdb:Seguros,scan_celula:DATA
10001462,34274001121520,Movime2.mdb:SegurosItens,scan_celula:VLRS
10001472,28612000942230,Movime2.mdb:SegurosItens,scan_celula:VLRS
10001476,18680000305175,Movime2.mdb:SegurosItens,scan_celula:VLRS
10001479,34274001121520,Movime2.mdb:SegurosItens,scan_celula:VLRS
10001482,13526999950408,Movime2.mdb:SegurosItens,scan_celula:VLRS
10001488,34274001121520,Movime2.mdb:SegurosItens,scan_celula:VLRS
10001495,20100423000000,Movime2.mdb:Seguros,scan_celula:DATA
10004652,20100215000000,Movime2.mdb:ChequesItens,scan_celula:DATL
10004671,20100215000000,Movime2.mdb:ChequesItens,scan_celula:DATL
10004678,20100215000000,Movime2.mdb:ChequesItens,scan_celula:DATL
10004680,20100215000000,Movime2.mdb:ChequesItens,scan_celula:DATL
10004686,20100305000000,Movime2.mdb:Cheques,scan_celula:DATA
10004692,20100224000000,Movime2.mdb:Cheques,scan_celula:DATA
10004693,20100215000000,Movime2.mdb:ChequesItens,scan_celula:DATL
10004698,20100305000000,Movime2.mdb:ChequesItens,scan_celula:DATL
10004699,20100305000000,Movime2.mdb:ChequesItens,scan_celula:DATL
10004702,20100215000000,Movime2.mdb:Cheques,scan_celula:DATA
10004712,20100305000000,Movime2.mdb:ChequesItens,scan_celula:DATL
10004714,20100305000000,Movime2.mdb:Cheques,scan_celula:DATA
10004715,20100224000000,Movime2.mdb:Cheques,scan_celula:DATA
10004720,20100305000000,Movime2.mdb:ChequesItens,scan_celula:DATL
10004731,20100423000000,Movime2.mdb:ChequesItens,scan_celula:DATL
10004747,20100423000000,Movime2.mdb:Cheques,scan_celula:DATA
10004755,20219000244140,Movime2.mdb:ChequesItens,scan_celula:VALO
10004777,20100520000000,Movime2.mdb:ChequesItens,scan_celula:DATL
10004788,20100504000000,Movime2.mdb:Cheques,scan_celula:DATA
10004796,20100601000000,Movime2.mdb:ChequesItens,scan_celula:DATL
10004804,20100520000000,Movime2.mdb:Cheques,scan_celula:DATA
10004818,20100601000000,Movime2.mdb:Cheques,scan_celula:DATA
10004960,20101210000000,Movime2.mdb:ChequesItens,scan_celula:DATA
10004990,20101210000000,Movime2.mdb:ChequesItens,scan_celula:DATA
10004991,20101210000000,Movime2.mdb:ChequesItens,scan_celula:DATA
10004999,20101210000000,Movime2.mdb:ChequesItens,scan_celula:DATA
10027029,02702904012010,Movime2.mdb:Fretes,scan_celula:OBSG
10027159,21021014011015,Movime2.mdb:Ordens,scan_celula:LIBE
10027162,02716214012010,Movime2.mdb:Fretes,scan_celula:OBSG
10027269,02726926012010,Movime2.mdb:Fretes,scan_celula:OBSG
10027349,02734903022010,Movime2.mdb:Fretes,scan_celula:OBSG
10027353,02735304022010,Movime2.mdb:Fretes,scan_celula:OBSG
10027424,02742412022010,Movime2.mdb:Fretes,scan_celula:OBSG
10027428,41500000953674,Movime2.mdb:OrdensItens,scan_celula:UNIT
10027434,20100215000000,Movime2.mdb:Ordens,scan_celula:DATA
10027435,20100215000000,Movime2.mdb:Ordens,scan_celula:DATA
10027436,20100215000000,Movime2.mdb:Fretes,scan_celula:DATA
10027437,20100215000000,Movime2.mdb:Fretes,scan_celula:DATA
10027438,20100215000000,Movime2.mdb:Fretes,scan_celula:DATA
10027439,20100215000000,Movime2.mdb:Fretes,scan_celula:DATA
10027440,20100215000000,Movime2.mdb:Fretes,scan_celula:DATA
10027441,20100215000000,Movime2.mdb:Fretes,scan_celula:DATA
10027442,20100215000000,Movime2.mdb:Fretes,scan_celula:DATA
10027443,20100215000000,Movime2.mdb:Ordens,scan_celula:DATA
10027444,20100215000000,Movime2.mdb:Ordens,scan_celula:DATA
10027445,20100215000000,Movime2.mdb:Ordens,scan_celula:DATA
10027446,20100215000000,Movime2.mdb:Ordens,scan_celula:DATA
10027447,20100215000000,Movime2.mdb:Ordens,scan_celula:DATA
10027448,20100215000000,Movime2.mdb:Ordens,scan_celula:DATA
10027449,20100215000000,Movime2.mdb:Fretes,scan_celula:DATA
10027499,02749922022010,Movime2.mdb:Fretes,scan_celula:OBSG
10027516,02751623022010,Movime2.mdb:Fretes,scan_celula:OBSG
10027520,20100224000000,Movime2.mdb:Ordens,scan_celula:DATA
10027521,20100224000000,Movime2.mdb:Ordens,scan_celula:DATA
10027522,20100224000000,Movime2.mdb:Fretes,scan_celula:DATA
10027523,20100224000000,Movime2.mdb:Fretes,scan_celula:DATA
10027524,20100224000000,Movime2.mdb:Fretes,scan_celula:DATA
10027525,20100224000000,Movime2.mdb:Fretes,scan_celula:DATA
10027526,20100224000000,Movime2.mdb:Fretes,scan_celula:DATA
10027527,20100224000000,Movime2.mdb:Fretes,scan_celula:DATA
10027612,20100305000000,Movime2.mdb:Ordens,scan_celula:DATA
10027613,20100305000000,Movime2.mdb:Ordens,scan_celula:DATA
10027614,20100305000000,Movime2.mdb:Ordens,scan_celula:DATA
10027615,20100305000000,Movime2.mdb:Fretes,scan_celula:DATA
10027616,20100305000000,Movime2.mdb:Ordens,scan_celula:DATA
10027617,20100305000000,Movime2.mdb:Fretes,scan_celula:DATA
10027618,20100305000000,Movime2.mdb:Fretes,scan_celula:DATA
10027619,20100305000000,Movime2.mdb:Fretes,scan_celula:DATA
10027620,20100305000000,Movime2.mdb:Fretes,scan_celula:DATA
10027621,20100305000000,Movime2.mdb:Fretes,scan_celula:DATA
10027622,20100305000000,Movime2.mdb:Fretes,scan_celula:DATA
10027623,20100305000000,Movime2.mdb:Fretes,scan_celula:DATA
10027841,21021027031010,Movime2.mdb:Ordens,scan_celula:LIBE
10027848,02784827032010,Movime2.mdb:Fretes,scan_celula:OBSG
10027866,02786630032010,Movime2.mdb:Fretes,scan_celula:OBSG
10027958,02795812042010,Movime2.mdb:Fretes,scan_celula:OBSG
10028022,02802216042010,Movime2.mdb:Fretes,scan_celula:OBSG
10028055,02805520042010,Movime2.mdb:Fretes,scan_celula:OBSG
10028073,20100423000000,Movime2.mdb:Ordens,scan_celula:DATA
10028074,20100423000000,Movime2.mdb:Ordens,scan_celula:DATA
10028075,20100423000000,Movime2.mdb:Ordens,scan_celula:DATA
10028076,02807623042010,Movime2.mdb:Fretes,scan_celula:OBSG
10028077,20100423000000,Movime2.mdb:Fretes,scan_celula:DATA
10028078,20100423000000,Movime2.mdb:Fretes,scan_celula:DATA
10028079,20100423000000,Movime2.mdb:Fretes,scan_celula:DATA
10028080,20100423000000,Movime2.mdb:Fretes,scan_celula:DATA
10028081,20100423000000,Movime2.mdb:Fretes,scan_celula:DATA
10028082,20100423000000,Movime2.mdb:Ordens,scan_celula:DATA
10028083,20100423000000,Movime2.mdb:Ordens,scan_celula:DATA
10028085,20100423000000,Movime2.mdb:Fretes,scan_celula:DATA
10028086,20100423000000,Movime2.mdb:Fretes,scan_celula:DATA
10028087,20100423000000,Movime2.mdb:Fretes,scan_celula:DATA
10028088,20100423000000,Movime2.mdb:Ordens,scan_celula:DATA
10028089,20100423000000,Movime2.mdb:Fretes,scan_celula:DATA
10028090,20100423000000,Movime2.mdb:Ordens,scan_celula:DATA
10028176,20100504000000,Movime2.mdb:Ordens,scan_celula:DATA
10028177,20100504000000,Movime2.mdb:Ordens,scan_celula:DATA
10028178,20100504000000,Movime2.mdb:Ordens,scan_celula:DATA
10028179,20100504000000,Movime2.mdb:Ordens,scan_celula:DATA
10028180,20100504000000,Movime2.mdb:Ordens,scan_celula:DATA
10028181,20100504000000,Movime2.mdb:Ordens,scan_celula:DATA
10028182,20100504000000,Movime2.mdb:Ordens,scan_celula:DATA
10028183,20100504000000,Movime2.mdb:Ordens,scan_celula:DATA
10028184,20100504000000,Movime2.mdb:Ordens,scan_celula:DATA
10028185,20100504000000,Movime2.mdb:Ordens,scan_celula:DATA
10028186,20100504000000,Movime2.mdb:Ordens,scan_celula:DATA
10028187,20100504000000,Movime2.mdb:Ordens,scan_celula:DATA
10028339,20100520000000,Movime2.mdb:Ordens,scan_celula:DATA
10028340,20100520000000,Movime2.mdb:Ordens,scan_celula:DATA
10028341,20100520000000,Movime2.mdb:Ordens,scan_celula:DATA
10028342,20100520000000,Movime2.mdb:Ordens,scan_celula:DATA
10028343,20100520000000,Movime2.mdb:Ordens,scan_celula:DATA
10028344,20100520000000,Movime2.mdb:Ordens,scan_celula:DATA
10028345,20100520000000,Movime2.mdb:Ordens,scan_celula:DATA
10028346,20100520000000,Movime2.mdb:Ordens,scan_celula:DATA
10028348,20100520000000,Movime2.mdb:Ordens,scan_celula:DATA
10028349,20100520000000,Movime2.mdb:Ordens,scan_celula:DATA
10028350,20100520000000,Movime2.mdb:Ordens,scan_celula:DATA
10028351,20100520000000,Movime2.mdb:Ordens,scan_celula:DATA
10028453,20100601000000,Movime2.mdb:Ordens,scan_celula:DATA
10028454,20100601000000,Movime2.mdb:Ordens,scan_celula:DATA
10028455,20100601000000,Movime2.mdb:Ordens,scan_celula:DATA
10028456,20100601000000,Movime2.mdb:Ordens,scan_celula:DATA
10028457,20100601000000,Movime2.mdb:Ordens,scan_celula:DATA
10028458,20100601000000,Movime2.mdb:Ordens,scan_celula:DATA
10028459,20100601000000,Movime2.mdb:Ordens,scan_celula:DATA
10028460,20100601000000,Movime2.mdb:Ordens,scan_celula:DATA
10029969,20101113000000,Movime2.mdb:Ordens,scan_celula:DATA
10029970,20101113000000,Movime2.mdb:Ordens,scan_celula:DATA
10029971,20101113000000,Movime2.mdb:Ordens,scan_celula:DATA
10029972,20101113000000,Movime2.mdb:Ordens,scan_celula:DATA
10029973,20101113000000,Movime2.mdb:Ordens,scan_celula:DATA
10029974,20101113000000,Movime2.mdb:Ordens,scan_celula:DATA
10029975,20101113000000,Movime2.mdb:Ordens,scan_celula:DATA
10029976,20101113000000,Movime2.mdb:Ordens,scan_celula:DATA
10029977,20101113000000,Movime2.mdb:Ordens,scan_celula:DATA
10030188,20101210000000,Movime2.mdb:Ordens,scan_celula:DATA
104,20050808000000,BdGeral.mdb:CarteirasItens,scan_celula:DATA
11001126,20110331000000,Movime2.mdb:Carregamento,scan_celula:DATA
11001127,20110331000000,Movime2.mdb:Carregamento,scan_celula:DATA
11001128,20110331000000,Movime2.mdb:Carregamento,scan_celula:DATA
11001129,20110331000000,Movime2.mdb:Carregamento,scan_celula:DATA
11001175,20110412000000,Movime2.mdb:Carregamento,scan_celula:DATA
11001176,20110412000000,Movime2.mdb:Carregamento,scan_celula:DATA
11001177,20110412000000,Movime2.mdb:Carregamento,scan_celula:DATA
11001178,20110412000000,Movime2.mdb:Carregamento,scan_celula:DATA
11001179,20110412000000,Movime2.mdb:Carregamento,scan_celula:DATA
11001180,20110412000000,Movime2.mdb:Carregamento,scan_celula:DATA
11001258,20110502000000,Movime2.mdb:Carregamento,scan_celula:DATA
11001259,20110502000000,Movime2.mdb:Carregamento,scan_celula:DATA
11001260,20110502000000,Movime2.mdb:Carregamento,scan_celula:DATA
11001261,20110502000000,Movime2.mdb:Carregamento,scan_celula:DATA
11001262,20110502000000,Movime2.mdb:Carregamento,scan_celula:DATA
11001461,20110620000000,Movime2.mdb:Carregamento,scan_celula:DATA
11001462,20110620000000,Movime2.mdb:Carregamento,scan_celula:DATA
11001463,20110620000000,Movime2.mdb:Carregamento,scan_celula:DATA
11001496,20110701000000,Movime2.mdb:Carregamento,scan_celula:DATA
11001497,20110701000000,Movime2.mdb:Carregamento,scan_celula:DATA
11001498,20110701000000,Movime2.mdb:Carregamento,scan_celula:DATA
11001499,20110701000000,Movime2.mdb:Carregamento,scan_celula:DATA
11001500,20110701000000,Movime2.mdb:Carregamento,scan_celula:DATA
11001598,20110728000000,Movime2.mdb:Carregamento,scan_celula:DATA
11001599,20110728000000,Movime2.mdb:Carregamento,scan_celula:DATA
11001600,20110728000000,Movime2.mdb:Carregamento,scan_celula:DATA
11001601,20110728000000,Movime2.mdb:Carregamento,scan_celula:DATA
11001602,20110728000000,Movime2.mdb:Carregamento,scan_celula:DATA
11001603,20110728000000,Movime2.mdb:Carregamento,scan_celula:DATA
11001604,20110728000000,Movime2.mdb:Carregamento,scan_celula:DATA
11001605,20110728000000,Movime2.mdb:Carregamento,scan_celula:DATA
11001606,20110728000000,Movime2.mdb:Carregamento,scan_celula:DATA
11001650,20110809000000,Movime2.mdb:Carregamento,scan_celula:DATA
11001651,20110809000000,Movime2.mdb:Carregamento,scan_celula:DATA
11001652,20110809000000,Movime2.mdb:Carregamento,scan_celula:DATA
11001653,20110809000000,Movime2.mdb:Carregamento,scan_celula:DATA
11001776,20110927000000,Movime2.mdb:Carregamento,scan_celula:DATA
11001777,20110927000000,Movime2.mdb:Carregamento,scan_celula:DATA
11001778,20110927000000,Movime2.mdb:Carregamento,scan_celula:DATA
11001779,20110927000000,Movime2.mdb:Carregamento,scan_celula:DATA
11001780,20110927000000,Movime2.mdb:Carregamento,scan_celula:DATA
11001781,20110927000000,Movime2.mdb:Carregamento,scan_celula:DATA
11001878,20111021000000,Movime2.mdb:Carregamento,scan_celula:DATA
11001879,20111021000000,Movime2.mdb:Carregamento,scan_celula:DATA
11001880,20111021000000,Movime2.mdb:Carregamento,scan_celula:DATA
11001881,20111021000000,Movime2.mdb:Carregamento,scan_celula:DATA
11001882,20111021000000,Movime2.mdb:Carregamento,scan_celula:DATA
11001883,20111021000000,Movime2.mdb:Carregamento,scan_celula:DATA
11001884,20111021000000,Movime2.mdb:Carregamento,scan_celula:DATA
11001946,20111111000000,Movime2.mdb:Carregamento,scan_celula:DATA
11001947,20111111000000,Movime2.mdb:Carregamento,scan_celula:DATA
11001948,20111111000000,Movime2.mdb:Carregamento,scan_celula:DATA
11005100,20110502000000,Movime2.mdb:ChequesItens,scan_celula:DATA
11005108,20110502000000,Movime2.mdb:Cheques,scan_celula:DATA
11005109,20110502000000,Movime2.mdb:Cheques,scan_celula:DATA
11005111,20110502000000,Movime2.mdb:ChequesItens,scan_celula:DATA
11005113,20110502000000,Movime2.mdb:ChequesItens,scan_celula:DATA
11005116,20110620000000,Movime2.mdb:ChequesItens,scan_celula:DATA
11005128,20110701000000,Movime2.mdb:ChequesItens,scan_celula:DATA
11005131,20110701000000,Movime2.mdb:ChequesItens,scan_celula:DATA
11005148,20110927000000,Movime2.mdb:ChequesItens,scan_celula:DATA
11005153,20110620000000,Movime2.mdb:Cheques,scan_celula:DATA
11005159,20110701000000,Movime2.mdb:Cheques,scan_celula:DATA
11005160,20110701000000,Movime2.mdb:Cheques,scan_celula:DATA
11005161,20110701000000,Movime2.mdb:Cheques,scan_celula:DATA
11005162,20110701000000,Movime2.mdb:Cheques,scan_celula:DATA
11005163,20110701000000,Movime2.mdb:Cheques,scan_celula:DATA
11005164,20110701000000,Movime2.mdb:Cheques,scan_celula:DATA
11005165,20110701000000,Movime2.mdb:Cheques,scan_celula:DATA
11005185,20110728000000,Movime2.mdb:ChequesItens,scan_celula:BAIX
11005187,20110728000000,Movime2.mdb:Cheques,scan_celula:DATA
11005232,20110927000000,Movime2.mdb:ChequesItens,scan_celula:DATA
11005234,20110927000000,Movime2.mdb:Cheques,scan_celula:DATA
11005246,20111030000000,Movime2.mdb:ChequesItens,scan_celula:DATA
11005260,20111021000000,Movime2.mdb:Cheques,scan_celula:DATA
11005285,20111111000000,Movime2.mdb:Cheques,scan_celula:DATA
11005286,20111111000000,Movime2.mdb:Cheques,scan_celula:DATA
11005287,20111111000000,Movime2.mdb:Cheques,scan_celula:DATA
11005288,20111111000000,Movime2.mdb:Cheques,scan_celula:DATA
11005289,20111111000000,Movime2.mdb:Cheques,scan_celula:DATA
11005290,20111111000000,Movime2.mdb:Cheques,scan_celula:DATA
11005305,20120105000000,Movime2.mdb:ChequesItens,scan_celula:DATA
11030849,20110331000000,Movime2.mdb:Ordens,scan_celula:DATA
11030850,20110331000000,Movime2.mdb:Ordens,scan_celula:DATA
11030851,20110331000000,Movime2.mdb:Ordens,scan_celula:DATA
11030852,20110331000000,Movime2.mdb:Ordens,scan_celula:DATA
11030853,20110331000000,Movime2.mdb:Ordens,scan_celula:DATA
11030854,20110331000000,Movime2.mdb:Ordens,scan_celula:DATA
11030855,20110331000000,Movime2.mdb:Ordens,scan_celula:DATA
11030928,20110412000000,Movime2.mdb:Ordens,scan_celula:DATA
11030929,20110412000000,Movime2.mdb:Ordens,scan_celula:DATA
11030930,20110412000000,Movime2.mdb:Ordens,scan_celula:DATA
11030931,20110412000000,Movime2.mdb:Ordens,scan_celula:DATA
11030932,20110412000000,Movime2.mdb:Ordens,scan_celula:DATA
11030933,20110412000000,Movime2.mdb:Ordens,scan_celula:DATA
11030934,20110412000000,Movime2.mdb:Ordens,scan_celula:DATA
11030935,20110412000000,Movime2.mdb:Ordens,scan_celula:DATA
11030936,20110412000000,Movime2.mdb:Ordens,scan_celula:DATA
11030937,20110412000000,Movime2.mdb:Ordens,scan_celula:DATA
11031047,20110502000000,Movime2.mdb:Ordens,scan_celula:DATA
11031048,20110502000000,Movime2.mdb:Ordens,scan_celula:DATA
11031049,20110502000000,Movime2.mdb:Ordens,scan_celula:DATA
11031050,20110502000000,Movime2.mdb:Ordens,scan_celula:DATA
11031051,20110502000000,Movime2.mdb:Ordens,scan_celula:DATA
11031052,20110502000000,Movime2.mdb:Ordens,scan_celula:DATA
11031053,20110502000000,Movime2.mdb:Ordens,scan_celula:DATA
11031054,20110502000000,Movime2.mdb:Ordens,scan_celula:DATA
11031055,20110502000000,Movime2.mdb:Ordens,scan_celula:DATA
11031056,20110502000000,Movime2.mdb:Ordens,scan_celula:DATA
11031382,20110620000000,Movime2.mdb:Ordens,scan_celula:DATA
11031383,20110620000000,Movime2.mdb:Ordens,scan_celula:DATA
11031384,20110620000000,Movime2.mdb:Ordens,scan_celula:DATA
11031385,20110620000000,Movime2.mdb:Ordens,scan_celula:DATA
11031386,20110620000000,Movime2.mdb:Ordens,scan_celula:DATA
11031387,20110620000000,Movime2.mdb:Ordens,scan_celula:DATA
11031388,20110620000000,Movime2.mdb:Ordens,scan_celula:DATA
11031389,20110620000000,Movime2.mdb:Ordens,scan_celula:DATA
11031456,20110701000000,Movime2.mdb:Ordens,scan_celula:DATA
11031457,20110701000000,Movime2.mdb:Ordens,scan_celula:DATA
11031458,20110701000000,Movime2.mdb:Ordens,scan_celula:DATA
11031459,20110701000000,Movime2.mdb:Ordens,scan_celula:DATA
11031460,20110701000000,Movime2.mdb:Ordens,scan_celula:DATA
11031461,20110701000000,Movime2.mdb:Ordens,scan_celula:DATA
11031462,20110701000000,Movime2.mdb:Ordens,scan_celula:DATA
11031463,20110701000000,Movime2.mdb:Ordens,scan_celula:DATA
11031649,20110728000000,Movime2.mdb:Ordens,scan_celula:DATA
11031650,20110728000000,Movime2.mdb:Ordens,scan_celula:DATA
11031651,20110728000000,Movime2.mdb:Ordens,scan_celula:DATA
11031652,20110728000000,Movime2.mdb:Ordens,scan_celula:DATA
11031653,20110728000000,Movime2.mdb:Ordens,scan_celula:DATA
11031654,20110728000000,Movime2.mdb:Ordens,scan_celula:DATA
11031655,20110728000000,Movime2.mdb:Ordens,scan_celula:DATA
11031656,20110728000000,Movime2.mdb:Ordens,scan_celula:DATA
11031657,20110728000000,Movime2.mdb:Ordens,scan_celula:DATA
11031658,20110728000000,Movime2.mdb:Ordens,scan_celula:DATA
11031659,20110728000000,Movime2.mdb:Ordens,scan_celula:DATA
11031717,20110809000000,Movime2.mdb:Ordens,scan_celula:DATA
11031718,20110809000000,Movime2.mdb:Ordens,scan_celula:DATA
11031719,20110809000000,Movime2.mdb:Ordens,scan_celula:DATA
11031720,20110809000000,Movime2.mdb:Ordens,scan_celula:DATA
11031721,20110809000000,Movime2.mdb:Ordens,scan_celula:DATA
11031722,20110809000000,Movime2.mdb:Ordens,scan_celula:DATA
11031723,20110809000000,Movime2.mdb:Ordens,scan_celula:DATA
11031724,20110809000000,Movime2.mdb:Ordens,scan_celula:DATA
11032086,20110927000000,Movime2.mdb:Ordens,scan_celula:DATA
11032087,20110927000000,Movime2.mdb:Ordens,scan_celula:DATA
11032088,20110927000000,Movime2.mdb:Ordens,scan_celula:DATA
11032089,20110927000000,Movime2.mdb:Ordens,scan_celula:DATA
11032090,20110927000000,Movime2.mdb:Ordens,scan_celula:DATA
11032091,20110927000000,Movime2.mdb:Ordens,scan_celula:DATA
11032092,20110927000000,Movime2.mdb:Ordens,scan_celula:DATA
11032093,20110927000000,Movime2.mdb:Ordens,scan_celula:DATA
11032094,20110927000000,Movime2.mdb:Ordens,scan_celula:DATA
11032095,20110927000000,Movime2.mdb:Ordens,scan_celula:DATA
11032096,20110927000000,Movime2.mdb:Ordens,scan_celula:DATA
11032097,20110927000000,Movime2.mdb:Ordens,scan_celula:DATA
11032098,20110927000000,Movime2.mdb:Ordens,scan_celula:DATA
11032099,20110927000000,Movime2.mdb:Ordens,scan_celula:DATA
11032100,20110927000000,Movime2.mdb:Ordens,scan_celula:DATA
11032101,20110927000000,Movime2.mdb:Ordens,scan_celula:DATA
11032102,20110927000000,Movime2.mdb:Ordens,scan_celula:DATA
11032103,20110927000000,Movime2.mdb:Ordens,scan_celula:DATA
11032274,20111021000000,Movime2.mdb:Ordens,scan_celula:DATA
11032275,20111021000000,Movime2.mdb:Ordens,scan_celula:DATA
11032276,20111021000000,Movime2.mdb:Ordens,scan_celula:DATA
11032277,20111021000000,Movime2.mdb:Ordens,scan_celula:DATA
11032278,20111021000000,Movime2.mdb:Ordens,scan_celula:DATA
11032279,20111021000000,Movime2.mdb:Ordens,scan_celula:DATA
11032280,20111021000000,Movime2.mdb:Ordens,scan_celula:DATA
11032434,20111111000000,Movime2.mdb:Ordens,scan_celula:DATA
11032435,20111111000000,Movime2.mdb:Ordens,scan_celula:DATA
11032436,20111111000000,Movime2.mdb:Ordens,scan_celula:DATA
11032437,20111111000000,Movime2.mdb:Ordens,scan_celula:DATA
11032438,20111111000000,Movime2.mdb:Ordens,scan_celula:DATA
11032439,20111111000000,Movime2.mdb:Ordens,scan_celula:DATA
11032440,20111111000000,Movime2.mdb:Ordens,scan_celula:DATA
11032441,20111111000000,Movime2.mdb:Ordens,scan_celula:DATA
11032442,20111111000000,Movime2.mdb:Ordens,scan_celula:DATA
11032443,20111111000000,Movime2.mdb:Ordens,scan_celula:DATA
12002049,20120105000000,Movime2.mdb:Carregamento,scan_celula:DATA
12002050,20120105000000,Movime2.mdb:Carregamento,scan_celula:DATA
12002051,20120105000000,Movime2.mdb:Carregamento,scan_celula:DATA
12002052,20120105000000,Movime2.mdb:Carregamento,scan_celula:DATA
12002053,20120105000000,Movime2.mdb:Carregamento,scan_celula:DATA
12002054,20120105000000,Movime2.mdb:Carregamento,scan_celula:DATA
12002449,20120313000000,Movime2.mdb:Carregamento,scan_celula:DATA
12002450,20120313000000,Movime2.mdb:Carregamento,scan_celula:DATA
12002451,20120313000000,Movime2.mdb:Carregamento,scan_celula:DATA
12002452,20120313000000,Movime2.mdb:Carregamento,scan_celula:DATA
12002453,20120313000000,Movime2.mdb:Carregamento,scan_celula:DATA
12002454,20120313000000,Movime2.mdb:Carregamento,scan_celula:DATA
12002455,20120313000000,Movime2.mdb:Carregamento,scan_celula:DATA
12002456,20120313000000,Movime2.mdb:Carregamento,scan_celula:DATA
12002457,20120313000000,Movime2.mdb:Carregamento,scan_celula:DATA
12002623,20120410000000,Movime2.mdb:Carregamento,scan_celula:DATA
12002624,20120410000000,Movime2.mdb:Carregamento,scan_celula:DATA
12002625,20120410000000,Movime2.mdb:Carregamento,scan_celula:DATA
12002626,20120410000000,Movime2.mdb:Carregamento,scan_celula:DATA
12002627,20120410000000,Movime2.mdb:Carregamento,scan_celula:DATA
12002628,20120410000000,Movime2.mdb:Carregamento,scan_celula:DATA
12002629,20120410000000,Movime2.mdb:Carregamento,scan_celula:DATA
12002630,20120410000000,Movime2.mdb:Carregamento,scan_celula:DATA
12002631,20120410000000,Movime2.mdb:Carregamento,scan_celula:DATA
12003174,20120629000000,Movime2.mdb:Carregamento,scan_celula:DATA
12003175,20120629000000,Movime2.mdb:Carregamento,scan_celula:DATA
12003176,20120629000000,Movime2.mdb:Carregamento,scan_celula:DATA
12003177,20120629000000,Movime2.mdb:Carregamento,scan_celula:DATA
12003178,20120629000000,Movime2.mdb:Carregamento,scan_celula:DATA
12003179,20120629000000,Movime2.mdb:Carregamento,scan_celula:DATA
12003180,20120629000000,Movime2.mdb:Carregamento,scan_celula:DATA
12003181,20120629000000,Movime2.mdb:Carregamento,scan_celula:DATA
12003182,20120629000000,Movime2.mdb:Carregamento,scan_celula:DATA
12003183,20120629000000,Movime2.mdb:Carregamento,scan_celula:DATA
12003184,20120629000000,Movime2.mdb:Carregamento,scan_celula:DATA
12003185,20120629000000,Movime2.mdb:Carregamento,scan_celula:DATA
12003186,20120629000000,Movime2.mdb:Carregamento,scan_celula:DATA
12003187,20120629000000,Movime2.mdb:Carregamento,scan_celula:DATA
12003188,20120629000000,Movime2.mdb:Carregamento,scan_celula:DATA
12003189,20120629000000,Movime2.mdb:Carregamento,scan_celula:DATA
12003639,20120828000000,Movime2.mdb:Carregamento,scan_celula:DATA
12003640,20120828000000,Movime2.mdb:Carregamento,scan_celula:DATA
12003641,20120828000000,Movime2.mdb:Carregamento,scan_celula:DATA
12003642,20120828000000,Movime2.mdb:Carregamento,scan_celula:DATA
12003643,20120828000000,Movime2.mdb:Carregamento,scan_celula:DATA
12003644,20120828000000,Movime2.mdb:Carregamento,scan_celula:DATA
12003645,20120828000000,Movime2.mdb:Carregamento,scan_celula:DATA
12003646,20120828000000,Movime2.mdb:Carregamento,scan_celula:DATA
12003647,20120828000000,Movime2.mdb:Carregamento,scan_celula:DATA
12003648,20120828000000,Movime2.mdb:Carregamento,scan_celula:DATA
12003649,20120828000000,Movime2.mdb:Carregamento,scan_celula:DATA
12003839,20120925000000,Movime2.mdb:Carregamento,scan_celula:DATA
12003840,20120925000000,Movime2.mdb:Carregamento,scan_celula:DATA
12003841,20120925000000,Movime2.mdb:Carregamento,scan_celula:DATA
12003842,20120925000000,Movime2.mdb:Carregamento,scan_celula:DATA
12003843,20120925000000,Movime2.mdb:Carregamento,scan_celula:DATA
12003844,20120925000000,Movime2.mdb:Carregamento,scan_celula:DATA
12003845,20120925000000,Movime2.mdb:Carregamento,scan_celula:DATA
12003846,20120925000000,Movime2.mdb:Carregamento,scan_celula:DATA
12003847,20120925000000,Movime2.mdb:Carregamento,scan_celula:DATA
12003884,20121003000000,Movime2.mdb:Carregamento,scan_celula:DATA
12003885,20121003000000,Movime2.mdb:Carregamento,scan_celula:DATA
12003886,20121003000000,Movime2.mdb:Carregamento,scan_celula:DATA
12003887,20121003000000,Movime2.mdb:Carregamento,scan_celula:DATA
12003888,20121003000000,Movime2.mdb:Carregamento,scan_celula:DATA
12003889,20121003000000,Movime2.mdb:Carregamento,scan_celula:DATA
12003890,20121003000000,Movime2.mdb:Carregamento,scan_celula:DATA
12005331,20120105000000,Movime2.mdb:ChequesItens,scan_celula:DATA
12005333,20120105000000,Movime2.mdb:Cheques,scan_celula:DATA
12005335,20120114000000,Movime2.mdb:ChequesItens,scan_celula:DATA
12005343,20120114000000,Movime2.mdb:Cheques,scan_celula:DATA
12005357,20120410000000,Movime2.mdb:ChequesItens,scan_celula:DATA
12005381,42538000488281,Movime2.mdb:ChequesItens,scan_celula:VALO
12005383,20120313000000,Movime2.mdb:ChequesItens,scan_celula:DATA
12005384,20120410000000,Movime2.mdb:ChequesItens,scan_celula:DATA
12005387,20120313000000,Movime2.mdb:Cheques,scan_celula:DATA
12005414,20120410000000,Movime2.mdb:ChequesItens,scan_celula:DATA
12005461,20120925000000,Movime2.mdb:ChequesItens,scan_celula:DATA
12005479,20120629000000,Movime2.mdb:Cheques,scan_celula:DATA
12005480,20120629000000,Movime2.mdb:Cheques,scan_celula:DATA
12005481,20120629000000,Movime2.mdb:Cheques,scan_celula:DATA
12005530,20120909000000,Movime2.mdb:ChequesItens,scan_celula:DATA
12005542,20120828000000,Movime2.mdb:Cheques,scan_celula:DATA
12005546,20121003000000,Movime2.mdb:ChequesItens,scan_celula:DATA
12005565,20120925000000,Movime2.mdb:ChequesItens,scan_celula:DATA
12005568,20120925000000,Movime2.mdb:Cheques,scan_celula:DATA
12005576,20121003000000,Movime2.mdb:ChequesItens,scan_celula:DATA
12005579,20121003000000,Movime2.mdb:Cheques,scan_celula:DATA
12005633,20121229000000,Movime2.mdb:ChequesItens,scan_celula:DATA
12005651,20121229000000,Movime2.mdb:ChequesItens,scan_celula:DATA
12032832,20120105000000,Movime2.mdb:Ordens,scan_celula:DATA
12032833,20120105000000,Movime2.mdb:Ordens,scan_celula:DATA
12032834,20120105000000,Movime2.mdb:Ordens,scan_celula:DATA
12032835,20120105000000,Movime2.mdb:Ordens,scan_celula:DATA
12032836,20120105000000,Movime2.mdb:Ordens,scan_celula:DATA
12032837,20120105000000,Movime2.mdb:Ordens,scan_celula:DATA
12032919,20120114000000,Movime2.mdb:Ordens,scan_celula:DATA
12032920,20120114000000,Movime2.mdb:Ordens,scan_celula:DATA
12033359,20120313000000,Movime2.mdb:Ordens,scan_celula:DATA
12033360,20120313000000,Movime2.mdb:Ordens,scan_celula:DATA
12033361,20120313000000,Movime2.mdb:Ordens,scan_celula:DATA
12033362,20120313000000,Movime2.mdb:Ordens,scan_celula:DATA
12033363,20120313000000,Movime2.mdb:Ordens,scan_celula:DATA
12033364,20120313000000,Movime2.mdb:Ordens,scan_celula:DATA
12033556,20120410000000,Movime2.mdb:Ordens,scan_celula:DATA
12033557,20120410000000,Movime2.mdb:Ordens,scan_celula:DATA
12033558,20120410000000,Movime2.mdb:Ordens,scan_celula:DATA
12033559,20120410000000,Movime2.mdb:Ordens,scan_celula:DATA
12033560,20120410000000,Movime2.mdb:Ordens,scan_celula:DATA
12033561,20120410000000,Movime2.mdb:Ordens,scan_celula:DATA
12033562,20120410000000,Movime2.mdb:Ordens,scan_celula:DATA
12033563,20120410000000,Movime2.mdb:Ordens,scan_celula:DATA
12033564,20120410000000,Movime2.mdb:Ordens,scan_celula:DATA
12033565,20120410000000,Movime2.mdb:Ordens,scan_celula:DATA
12033566,20120410000000,Movime2.mdb:Ordens,scan_celula:DATA
12034119,20120629000000,Movime2.mdb:Ordens,scan_celula:DATA
12034120,20120629000000,Movime2.mdb:Ordens,scan_celula:DATA
12034121,20120629000000,Movime2.mdb:Ordens,scan_celula:DATA
12034122,20120629000000,Movime2.mdb:Ordens,scan_celula:DATA
12034123,20120629000000,Movime2.mdb:Ordens,scan_celula:DATA
12034124,20120629000000,Movime2.mdb:Ordens,scan_celula:DATA
12034125,20120629000000,Movime2.mdb:Ordens,scan_celula:DATA
12034126,20120629000000,Movime2.mdb:Ordens,scan_celula:DATA
12034127,20120629000000,Movime2.mdb:Ordens,scan_celula:DATA
12034128,20120629000000,Movime2.mdb:Ordens,scan_celula:DATA
12034433,20120909000000,Movime2.mdb:Ordens,scan_celula:VEC1
12034434,20120909000000,Movime2.mdb:Ordens,scan_celula:VEC1
12034435,20120909000000,Movime2.mdb:Ordens,scan_celula:VEC1
12034550,20120828000000,Movime2.mdb:Ordens,scan_celula:DATA
12034551,20120828000000,Movime2.mdb:Ordens,scan_celula:DATA
12034552,20120828000000,Movime2.mdb:Ordens,scan_celula:DATA
12034553,20120828000000,Movime2.mdb:Ordens,scan_celula:DATA
12034554,20120828000000,Movime2.mdb:Ordens,scan_celula:DATA
12034555,20120828000000,Movime2.mdb:Ordens,scan_celula:DATA
12034556,20120828000000,Movime2.mdb:Ordens,scan_celula:DATA
12034557,20120828000000,Movime2.mdb:Ordens,scan_celula:DATA
12034558,20120828000000,Movime2.mdb:Ordens,scan_celula:DATA
12034559,20120828000000,Movime2.mdb:Ordens,scan_celula:DATA
12034560,20120828000000,Movime2.mdb:Ordens,scan_celula:DATA
12034595,20121003000000,Movime2.mdb:Ordens,scan_celula:VEC1
12034596,20121003000000,Movime2.mdb:Ordens,scan_celula:VEC1
12034597,20121003000000,Movime2.mdb:Ordens,scan_celula:VEC1
12034598,20121003000000,Movime2.mdb:Ordens,scan_celula:VEC1
12034599,20121003000000,Movime2.mdb:Ordens,scan_celula:VEC1
12034600,20121003000000,Movime2.mdb:Ordens,scan_celula:VEC1
12034601,20121003000000,Movime2.mdb:Ordens,scan_celula:VEC1
12034602,20121003000000,Movime2.mdb:Ordens,scan_celula:VEC1
12034603,20121003000000,Movime2.mdb:Ordens,scan_celula:VEC1
12034604,20121003000000,Movime2.mdb:Ordens,scan_celula:VEC1
12034605,20121003000000,Movime2.mdb:Ordens,scan_celula:VEC1
12034767,20120925000000,Movime2.mdb:Ordens,scan_celula:DATA
12034768,20120925000000,Movime2.mdb:Ordens,scan_celula:DATA
12034769,20120925000000,Movime2.mdb:Ordens,scan_celula:DATA
12034770,20120925000000,Movime2.mdb:Ordens,scan_celula:DATA
12034771,20120925000000,Movime2.mdb:Ordens,scan_celula:DATA
12034772,20120925000000,Movime2.mdb:Ordens,scan_celula:DATA
12034773,20120925000000,Movime2.mdb:Ordens,scan_celula:DATA
12034774,20120925000000,Movime2.mdb:Ordens,scan_celula:DATA
12034775,20120925000000,Movime2.mdb:Ordens,scan_celula:DATA
12034776,20120925000000,Movime2.mdb:Ordens,scan_celula:DATA
12034777,20120925000000,Movime2.mdb:Ordens,scan_celula:DATA
12034778,20120925000000,Movime2.mdb:Ordens,scan_celula:DATA
12034826,20121003000000,Movime2.mdb:Ordens,scan_celula:DATA
12034827,20121003000000,Movime2.mdb:Ordens,scan_celula:DATA
12034828,20121003000000,Movime2.mdb:Ordens,scan_celula:DATA
12034829,20121003000000,Movime2.mdb:Ordens,scan_celula:DATA
12034830,20121003000000,Movime2.mdb:Ordens,scan_celula:DATA
12034831,20121003000000,Movime2.mdb:Ordens,scan_celula:DATA
12034832,20121003000000,Movime2.mdb:Ordens,scan_celula:DATA
12034833,20121003000000,Movime2.mdb:Ordens,scan_celula:DATA
12034834,20121003000000,Movime2.mdb:Ordens,scan_celula:DATA
12034835,20121003000000,Movime2.mdb:Ordens,scan_celula:DATA
12034836,20121003000000,Movime2.mdb:Ordens,scan_celula:DATA
12034837,20121003000000,Movime2.mdb:Ordens,scan_celula:DATA
12034838,20121003000000,Movime2.mdb:Ordens,scan_celula:DATA
12034982,29868000488281,Movime2.mdb:Ordens,scan_celula:TOTA
12035240,20121229000000,Movime2.mdb:Ordens,scan_celula:VEC1
12035241,20121229000000,Movime2.mdb:Ordens,scan_celula:VEC1
12035242,20121229000000,Movime2.mdb:Ordens,scan_celula:VEC1
12035243,20121229000000,Movime2.mdb:Ordens,scan_celula:VEC1
12035244,20121229000000,Movime2.mdb:Ordens,scan_celula:VEC1
12035245,20121229000000,Movime2.mdb:Ordens,scan_celula:VEC1
12035246,20121229000000,Movime2.mdb:Ordens,scan_celula:VEC1
12035247,20121229000000,Movime2.mdb:Ordens,scan_celula:VEC1
12035248,20121229000000,Movime2.mdb:Ordens,scan_celula:VEC1
12035249,20121229000000,Movime2.mdb:Ordens,scan_celula:VEC1
12035250,20121229000000,Movime2.mdb:Ordens,scan_celula:VEC1
12035251,20121229000000,Movime2.mdb:Ordens,scan_celula:VEC1
12035252,20121229000000,Movime2.mdb:Ordens,scan_celula:VEC1
12035278,20130103000000,Movime2.mdb:Ordens,scan_celula:VEC1
12035279,20130103000000,Movime2.mdb:Ordens,scan_celula:VEC1
12035280,20130103000000,Movime2.mdb:Ordens,scan_celula:VEC1
12035281,20130103000000,Movime2.mdb:Ordens,scan_celula:VEC1
12035282,20130103000000,Movime2.mdb:Ordens,scan_celula:VEC1
12035283,20130103000000,Movime2.mdb:Ordens,scan_celula:VEC1
12035284,20130103000000,Movime2.mdb:Ordens,scan_celula:VEC1
12035285,20130103000000,Movime2.mdb:Ordens,scan_celula:VEC1
12035286,20130103000000,Movime2.mdb:Ordens,scan_celula:VEC1
12035287,20130103000000,Movime2.mdb:Ordens,scan_celula:VEC1
12035288,20130103000000,Movime2.mdb:Ordens,scan_celula:VEC1
12035289,20130103000000,Movime2.mdb:Ordens,scan_celula:VEC1
13000004,20130103000000,Movime2.mdb:MovFretes,scan_celula:DATA
13000005,20130103000000,Movime2.mdb:MovFretes,scan_celula:DATA
13000093,20130221000000,Movime2.mdb:MovFretes,scan_celula:DATA
13000110,20130302000000,Movime2.mdb:MovFretes,scan_celula:DATA
13000119,20130311000000,Movime2.mdb:MovFretes,scan_celula:DATA
13000210,20130510000000,Movime2.mdb:MovFretes,scan_celula:DATA
13000273,20130618000000,Movime2.mdb:MovFretes,scan_celula:DATA
13000358,20130817000000,Movime2.mdb:MovFretes,scan_celula:DATA
13000366,20130826000000,Movime2.mdb:MovFretes,scan_celula:DATA
13000367,20130826000000,Movime2.mdb:MovFretes,scan_celula:DATA
13000368,20130826000000,Movime2.mdb:MovFretes,scan_celula:DATA
13000369,20130826000000,Movime2.mdb:MovFretes,scan_celula:DATA
13000427,20131001000000,Movime2.mdb:MovFretes,scan_celula:DATA
13000428,20131001000000,Movime2.mdb:MovFretes,scan_celula:DATA
13004338,20130103000000,Movime2.mdb:Carregamento,scan_celula:DATA
13004339,20130103000000,Movime2.mdb:Carregamento,scan_celula:DATA
13004340,20130103000000,Movime2.mdb:Carregamento,scan_celula:DATA
13004341,20130103000000,Movime2.mdb:Carregamento,scan_celula:DATA
13004342,20130103000000,Movime2.mdb:Carregamento,scan_celula:DATA
13004343,20130103000000,Movime2.mdb:Carregamento,scan_celula:DATA
13004656,20130221000000,Movime2.mdb:Carregamento,scan_celula:DATA
13004657,20130221000000,Movime2.mdb:Carregamento,scan_celula:DATA
13004658,20130221000000,Movime2.mdb:Carregamento,scan_celula:DATA
13004659,20130221000000,Movime2.mdb:Carregamento,scan_celula:DATA
13004660,20130221000000,Movime2.mdb:Carregamento,scan_celula:DATA
13004661,20130221000000,Movime2.mdb:Carregamento,scan_celula:DATA
13004662,20130221000000,Movime2.mdb:Carregamento,scan_celula:DATA
13004663,20130221000000,Movime2.mdb:Carregamento,scan_celula:DATA
13004719,20130302000000,Movime2.mdb:Carregamento,scan_celula:DATA
13004773,20130311000000,Movime2.mdb:Carregamento,scan_celula:DATA
13004774,20130311000000,Movime2.mdb:Carregamento,scan_celula:DATA
13004775,20130311000000,Movime2.mdb:Carregamento,scan_celula:DATA
13004776,20130311000000,Movime2.mdb:Carregamento,scan_celula:DATA
13004777,20130311000000,Movime2.mdb:Carregamento,scan_celula:DATA
13004778,20130311000000,Movime2.mdb:Carregamento,scan_celula:DATA
13004779,20130311000000,Movime2.mdb:Carregamento,scan_celula:DATA
13004780,20130311000000,Movime2.mdb:Carregamento,scan_celula:DATA
13004781,20130311000000,Movime2.mdb:Carregamento,scan_celula:DATA
13004782,20130311000000,Movime2.mdb:Carregamento,scan_celula:DATA
13005199,20130510000000,Movime2.mdb:Carregamento,scan_celula:DATA
13005200,20130510000000,Movime2.mdb:Carregamento,scan_celula:DATA
13005201,20130510000000,Movime2.mdb:Carregamento,scan_celula:DATA
13005202,20130510000000,Movime2.mdb:Carregamento,scan_celula:DATA
13005203,20130510000000,Movime2.mdb:Carregamento,scan_celula:DATA
13005204,20130510000000,Movime2.mdb:Carregamento,scan_celula:DATA
13005205,20130510000000,Movime2.mdb:Carregamento,scan_celula:DATA
13005206,20130510000000,Movime2.mdb:Carregamento,scan_celula:DATA
13005207,20130510000000,Movime2.mdb:Carregamento,scan_celula:DATA
13005208,20130510000000,Movime2.mdb:Carregamento,scan_celula:DATA
13005430,20130618000000,Movime2.mdb:Carregamento,scan_celula:DATA
13005431,20130618000000,Movime2.mdb:Carregamento,scan_celula:DATA
13005432,20130618000000,Movime2.mdb:Carregamento,scan_celula:DATA
13005433,20130618000000,Movime2.mdb:Carregamento,scan_celula:DATA
13005434,20130618000000,Movime2.mdb:Carregamento,scan_celula:DATA
13005435,20130618000000,Movime2.mdb:Carregamento,scan_celula:DATA
13005436,20130618000000,Movime2.mdb:Carregamento,scan_celula:DATA
13005437,20130618000000,Movime2.mdb:Carregamento,scan_celula:DATA
13005438,20130618000000,Movime2.mdb:Carregamento,scan_celula:DATA
13005689,20130302000000,Movime2.mdb:ChequesItens,scan_celula:DATA
13005700,20130510000000,Movime2.mdb:ChequesItens,scan_celula:DATA
13005706,20130221000000,Movime2.mdb:Cheques,scan_celula:DATA
13005717,20130302000000,Movime2.mdb:Cheques,scan_celula:DATA
13005718,20130302000000,Movime2.mdb:Cheques,scan_celula:DATA
13005721,20130311000000,Movime2.mdb:Cheques,scan_celula:DATA
13005742,20130510000000,Movime2.mdb:ChequesItens,scan_celula:DATA
13005750,20130510000000,Movime2.mdb:ChequesItens,scan_celula:DATA
13005758,20130510000000,Movime2.mdb:ChequesItens,scan_celula:DATA
13005794,20130618000000,Movime2.mdb:Cheques,scan_celula:DATA
13005795,20130618000000,Movime2.mdb:Cheques,scan_celula:DATA
13005796,20130618000000,Movime2.mdb:Cheques,scan_celula:DATA
13005851,20130817000000,Movime2.mdb:Cheques,scan_celula:DATA
13005852,20130817000000,Movime2.mdb:Cheques,scan_celula:DATA
13005857,20130826000000,Movime2.mdb:Cheques,scan_celula:DATA
13005858,20130826000000,Movime2.mdb:Cheques,scan_celula:DATA
13005859,20130826000000,Movime2.mdb:Cheques,scan_celula:DATA
13005878,16616000366210,Movime2.mdb:ChequesItens,scan_celula:VALO
13005900,20130817000000,Movime2.mdb:Carregamento,scan_celula:DATA
13005901,20130817000000,Movime2.mdb:Carregamento,scan_celula:DATA
13005902,20130817000000,Movime2.mdb:Carregamento,scan_celula:DATA
13005903,20130817000000,Movime2.mdb:Carregamento,scan_celula:DATA
13005904,20130817000000,Movime2.mdb:Carregamento,scan_celula:DATA
13005905,20130817000000,Movime2.mdb:Carregamento,scan_celula:DATA
13005906,20130817000000,Movime2.mdb:Carregamento,scan_celula:DATA
13005907,20130817000000,Movime2.mdb:Carregamento,scan_celula:DATA
13005971,20130826000000,Movime2.mdb:Carregamento,scan_celula:DATA
13005972,20130826000000,Movime2.mdb:Carregamento,scan_celula:DATA
13005973,20130826000000,Movime2.mdb:Carregamento,scan_celula:DATA
13005974,20130826000000,Movime2.mdb:Carregamento,scan_celula:DATA
13005975,20130826000000,Movime2.mdb:Carregamento,scan_celula:DATA
13005976,20130826000000,Movime2.mdb:Carregamento,scan_celula:DATA
13005977,20130826000000,Movime2.mdb:Carregamento,scan_celula:DATA
13005978,20130826000000,Movime2.mdb:Carregamento,scan_celula:DATA
13005979,20130826000000,Movime2.mdb:Carregamento,scan_celula:DATA
13005980,20130826000000,Movime2.mdb:Carregamento,scan_celula:DATA
13005981,20130826000000,Movime2.mdb:Carregamento,scan_celula:DATA
13005982,20130826000000,Movime2.mdb:Carregamento,scan_celula:DATA
13006276,20131001000000,Movime2.mdb:Carregamento,scan_celula:DATA
13006277,20131001000000,Movime2.mdb:Carregamento,scan_celula:DATA
13006278,20131001000000,Movime2.mdb:Carregamento,scan_celula:DATA
13006279,20131001000000,Movime2.mdb:Carregamento,scan_celula:DATA
13006280,20131001000000,Movime2.mdb:Carregamento,scan_celula:DATA
13006281,20131001000000,Movime2.mdb:Carregamento,scan_celula:DATA
13035435,20130103000000,Movime2.mdb:Ordens,scan_celula:DATA
13035436,20130103000000,Movime2.mdb:Ordens,scan_celula:DATA
13035437,20130103000000,Movime2.mdb:Ordens,scan_celula:DATA
13035438,20130103000000,Movime2.mdb:Ordens,scan_celula:DATA
13035439,20130103000000,Movime2.mdb:Ordens,scan_celula:DATA
13035570,20130221000000,Movime2.mdb:Ordens,scan_celula:VEC1
13035571,20130221000000,Movime2.mdb:Ordens,scan_celula:VEC1
13035572,20130221000000,Movime2.mdb:Ordens,scan_celula:VEC1
13035573,20130221000000,Movime2.mdb:Ordens,scan_celula:VEC1
13035574,20130221000000,Movime2.mdb:Ordens,scan_celula:VEC1
13035575,20130221000000,Movime2.mdb:Ordens,scan_celula:VEC1
13035646,20130302000000,Movime2.mdb:Ordens,scan_celula:VEC1
13035647,20130302000000,Movime2.mdb:Ordens,scan_celula:VEC1
13035648,20130302000000,Movime2.mdb:Ordens,scan_celula:VEC1
13035649,20130302000000,Movime2.mdb:Ordens,scan_celula:VEC1
13035650,20130302000000,Movime2.mdb:Ordens,scan_celula:VEC1
13035651,20130302000000,Movime2.mdb:Ordens,scan_celula:VEC1
13035652,20130302000000,Movime2.mdb:Ordens,scan_celula:VEC1
13035653,20130302000000,Movime2.mdb:Ordens,scan_celula:VEC1
13035654,20130302000000,Movime2.mdb:Ordens,scan_celula:VEC1
13035655,20130302000000,Movime2.mdb:Ordens,scan_celula:VEC1
13035656,20130302000000,Movime2.mdb:Ordens,scan_celula:VEC1
13035657,20130302000000,Movime2.mdb:Ordens,scan_celula:VEC1
13035658,20130302000000,Movime2.mdb:Ordens,scan_celula:VEC1
13035659,20130302000000,Movime2.mdb:Ordens,scan_celula:VEC1
13035660,20130302000000,Movime2.mdb:Ordens,scan_celula:VEC1
13035720,20130311000000,Movime2.mdb:Ordens,scan_celula:VEC1
13035721,20130311000000,Movime2.mdb:Ordens,scan_celula:VEC1
13035722,20130311000000,Movime2.mdb:Ordens,scan_celula:VEC1
13035723,20130311000000,Movime2.mdb:Ordens,scan_celula:VEC1
13035724,20130311000000,Movime2.mdb:Ordens,scan_celula:VEC1
13035725,20130311000000,Movime2.mdb:Ordens,scan_celula:VEC1
13035726,20130311000000,Movime2.mdb:Ordens,scan_celula:VEC1
13035727,20130311000000,Movime2.mdb:Ordens,scan_celula:VEC1
13035782,20130221000000,Movime2.mdb:Ordens,scan_celula:DATA
13035783,20130221000000,Movime2.mdb:Ordens,scan_celula:DATA
13035784,20130221000000,Movime2.mdb:Ordens,scan_celula:DATA
13035785,20130221000000,Movime2.mdb:Ordens,scan_celula:DATA
13035786,20130221000000,Movime2.mdb:Ordens,scan_celula:DATA
13035787,20130221000000,Movime2.mdb:Ordens,scan_celula:DATA
13035788,20130221000000,Movime2.mdb:Ordens,scan_celula:DATA
13035789,20130221000000,Movime2.mdb:Ordens,scan_celula:DATA
13035790,20130221000000,Movime2.mdb:Ordens,scan_celula:DATA
13035791,20130221000000,Movime2.mdb:Ordens,scan_celula:DATA
13035792,20130221000000,Movime2.mdb:Ordens,scan_celula:DATA
13035855,20130302000000,Movime2.mdb:Ordens,scan_celula:DATA
13035856,20130302000000,Movime2.mdb:Ordens,scan_celula:DATA
13035857,20130302000000,Movime2.mdb:Ordens,scan_celula:DATA
13035858,20130302000000,Movime2.mdb:Ordens,scan_celula:DATA
13035859,20130302000000,Movime2.mdb:Ordens,scan_celula:DATA
13035860,20130302000000,Movime2.mdb:Ordens,scan_celula:DATA
13035861,20130302000000,Movime2.mdb:Ordens,scan_celula:DATA
13035862,20130302000000,Movime2.mdb:Ordens,scan_celula:DATA
13035916,20130311000000,Movime2.mdb:Ordens,scan_celula:DATA
13035917,20130311000000,Movime2.mdb:Ordens,scan_celula:DATA
13035918,20130311000000,Movime2.mdb:Ordens,scan_celula:DATA
13035919,20130311000000,Movime2.mdb:Ordens,scan_celula:DATA
13036093,20130510000000,Movime2.mdb:Ordens,scan_celula:VEC1
13036094,20130510000000,Movime2.mdb:Ordens,scan_celula:VEC1
13036095,20130510000000,Movime2.mdb:Ordens,scan_celula:VEC1
13036096,20130510000000,Movime2.mdb:Ordens,scan_celula:VEC1
13036097,20130510000000,Movime2.mdb:Ordens,scan_celula:VEC1
13036098,20130510000000,Movime2.mdb:Ordens,scan_celula:VEC1
13036328,20130510000000,Movime2.mdb:Ordens,scan_celula:DATA
13036329,20130510000000,Movime2.mdb:Ordens,scan_celula:DATA
13036330,20130510000000,Movime2.mdb:Ordens,scan_celula:DATA
13036331,20130510000000,Movime2.mdb:Ordens,scan_celula:DATA
13036332,20130510000000,Movime2.mdb:Ordens,scan_celula:DATA
13036333,20130510000000,Movime2.mdb:Ordens,scan_celula:DATA
13036334,20130510000000,Movime2.mdb:Ordens,scan_celula:DATA
13036335,20130510000000,Movime2.mdb:Ordens,scan_celula:DATA
13036336,20130510000000,Movime2.mdb:Ordens,scan_celula:DATA
13036337,20130510000000,Movime2.mdb:Ordens,scan_celula:DATA
13036338,20130510000000,Movime2.mdb:Ordens,scan_celula:DATA
13036592,20130618000000,Movime2.mdb:Ordens,scan_celula:DATA
13036593,20130618000000,Movime2.mdb:Ordens,scan_celula:DATA
13036594,20130618000000,Movime2.mdb:Ordens,scan_celula:DATA
13036595,20130618000000,Movime2.mdb:Ordens,scan_celula:DATA
13036596,20130618000000,Movime2.mdb:Ordens,scan_celula:DATA
13036597,20130618000000,Movime2.mdb:Ordens,scan_celula:DATA
13036598,20130618000000,Movime2.mdb:Ordens,scan_celula:DATA
13036599,20130618000000,Movime2.mdb:Ordens,scan_celula:DATA
13036600,20130618000000,Movime2.mdb:Ordens,scan_celula:DATA
13036601,20130618000000,Movime2.mdb:Ordens,scan_celula:DATA
13036602,20130618000000,Movime2.mdb:Ordens,scan_celula:DATA
13036780,20130817000000,Movime2.mdb:Ordens,scan_celula:VEC1
13036781,20130817000000,Movime2.mdb:Ordens,scan_celula:VEC1
13036782,20130817000000,Movime2.mdb:Ordens,scan_celula:VEC1
13036783,20130817000000,Movime2.mdb:Ordens,scan_celula:VEC1
13036784,20130817000000,Movime2.mdb:Ordens,scan_celula:VEC1
13036785,20130817000000,Movime2.mdb:Ordens,scan_celula:VEC1
13036786,20130817000000,Movime2.mdb:Ordens,scan_celula:VEC1
13036787,20130817000000,Movime2.mdb:Ordens,scan_celula:VEC1
13036788,20130817000000,Movime2.mdb:Ordens,scan_celula:VEC1
13036837,20130826000000,Movime2.mdb:Ordens,scan_celula:VEC1
13036838,20130826000000,Movime2.mdb:Ordens,scan_celula:VEC1
13036839,20130826000000,Movime2.mdb:Ordens,scan_celula:VEC1
13036840,20130826000000,Movime2.mdb:Ordens,scan_celula:VEC1
13036841,20130826000000,Movime2.mdb:Ordens,scan_celula:VEC1
13036842,20130826000000,Movime2.mdb:Ordens,scan_celula:VEC1
13036843,20130826000000,Movime2.mdb:Ordens,scan_celula:VEC1
13036844,20130826000000,Movime2.mdb:Ordens,scan_celula:VEC1
13036845,20130826000000,Movime2.mdb:Ordens,scan_celula:VEC1
13036921,20130907000000,Movime2.mdb:Ordens,scan_celula:VEC1
13036922,20130907000000,Movime2.mdb:Ordens,scan_celula:VEC1
13036923,20130907000000,Movime2.mdb:Ordens,scan_celula:VEC1
13036924,20130907000000,Movime2.mdb:Ordens,scan_celula:VEC1
13036925,20130907000000,Movime2.mdb:Ordens,scan_celula:VEC1
13036926,20130907000000,Movime2.mdb:Ordens,scan_celula:VEC1
13036996,20130817000000,Movime2.mdb:Ordens,scan_celula:DATA
13036997,20130817000000,Movime2.mdb:Ordens,scan_celula:DATA
13036998,20130817000000,Movime2.mdb:Ordens,scan_celula:DATA
13037062,20130826000000,Movime2.mdb:Ordens,scan_celula:DATA
13037063,20130826000000,Movime2.mdb:Ordens,scan_celula:DATA
13037064,20130826000000,Movime2.mdb:Ordens,scan_celula:DATA
13037065,20130826000000,Movime2.mdb:Ordens,scan_celula:DATA
13037066,20130826000000,Movime2.mdb:Ordens,scan_celula:DATA
13037067,20130826000000,Movime2.mdb:Ordens,scan_celula:DATA
13037068,20130826000000,Movime2.mdb:Ordens,scan_celula:DATA
13037069,20130826000000,Movime2.mdb:Ordens,scan_celula:DATA
13037070,20130826000000,Movime2.mdb:Ordens,scan_celula:DATA
13037071,20130826000000,Movime2.mdb:Ordens,scan_celula:DATA
13037072,20130826000000,Movime2.mdb:Ordens,scan_celula:DATA
13037320,20131001000000,Movime2.mdb:Ordens,scan_celula:DATA
13037321,20131001000000,Movime2.mdb:Ordens,scan_celula:DATA
13037322,20131001000000,Movime2.mdb:Ordens,scan_celula:DATA
13037323,20131001000000,Movime2.mdb:Ordens,scan_celula:DATA
13037324,20131001000000,Movime2.mdb:Ordens,scan_celula:DATA
13037325,20131001000000,Movime2.mdb:Ordens,scan_celula:DATA
13037326,20131001000000,Movime2.mdb:Ordens,scan_celula:DATA
13037327,20131001000000,Movime2.mdb:Ordens,scan_celula:DATA
13037328,20131001000000,Movime2.mdb:Ordens,scan_celula:DATA
13037720,20131227000000,Movime2.mdb:Ordens,scan_celula:VEC1
13037721,20131227000000,Movime2.mdb:Ordens,scan_celula:VEC1
13037722,20131227000000,Movime2.mdb:Ordens,scan_celula:VEC1
13037723,20131227000000,Movime2.mdb:Ordens,scan_celula:VEC1
13037724,20131227000000,Movime2.mdb:Ordens,scan_celula:VEC1
13037725,20131227000000,Movime2.mdb:Ordens,scan_celula:VEC1
13037726,20131227000000,Movime2.mdb:Ordens,scan_celula:VEC1
13037916,20140122000000,Movime2.mdb:Ordens,scan_celula:VEC1
13037917,20140122000000,Movime2.mdb:Ordens,scan_celula:VEC1
13037918,20140122000000,Movime2.mdb:Ordens,scan_celula:VEC1
13037919,20140122000000,Movime2.mdb:Ordens,scan_celula:VEC1
13037920,20140122000000,Movime2.mdb:Ordens,scan_celula:VEC1
14000618,20140203000000,Movime2.mdb:MovFretes,scan_celula:DATA
14000619,20140203000000,Movime2.mdb:MovFretes,scan_celula:DATA
14000620,20140203000000,Movime2.mdb:MovFretes,scan_celula:DATA
14000712,20140429000000,Movime2.mdb:MovFretes,scan_celula:DATA
14000731,20140519000000,Movime2.mdb:MovFretes,scan_celula:DATA
14000732,20140519000000,Movime2.mdb:MovFretes,scan_celula:DATA
14000733,20140519000000,Movime2.mdb:MovFretes,scan_celula:DATA
14000734,20140519000000,Movime2.mdb:MovFretes,scan_celula:DATA
14000735,20140519000000,Movime2.mdb:MovFretes,scan_celula:DATA
14000824,20140718000000,Movime2.mdb:MovFretes,scan_celula:DATA
14000825,20140718000000,Movime2.mdb:MovFretes,scan_celula:DATA
14000826,20140718000000,Movime2.mdb:MovFretes,scan_celula:DATA
14000827,20140718000000,Movime2.mdb:MovFretes,scan_celula:DATA
14001046,20141119000000,Movime2.mdb:MovFretes,scan_celula:DATA
14001060,20141128000000,Movime2.mdb:MovFretes,scan_celula:DATA
14001061,20141128000000,Movime2.mdb:MovFretes,scan_celula:DATA
14001062,20141128000000,Movime2.mdb:MovFretes,scan_celula:DATA
14001063,20141128000000,Movime2.mdb:MovFretes,scan_celula:DATA
14001084,20141209000000,Movime2.mdb:MovFretes,scan_celula:DATA
14001085,20141209000000,Movime2.mdb:MovFretes,scan_celula:DATA
14001086,20141209000000,Movime2.mdb:MovFretes,scan_celula:DATA
14005996,20140122000000,Movime2.mdb:ChequesItens,scan_celula:DATA
14006053,20140429000000,Movime2.mdb:Cheques,scan_celula:DATA
14006114,20140815000000,Movime2.mdb:ChequesItens,scan_celula:DATA
14006226,20141119000000,Movime2.mdb:Cheques,scan_celula:DATA
14006230,20141128000000,Movime2.mdb:Cheques,scan_celula:DATA
14006240,20141209000000,Movime2.mdb:Cheques,scan_celula:DATA
14007105,20140122000000,Movime2.mdb:Carregamento,scan_celula:DATA
14007106,20140122000000,Movime2.mdb:Carregamento,scan_celula:DATA
14007107,20140122000000,Movime2.mdb:Carregamento,scan_celula:DATA
14007108,20140122000000,Movime2.mdb:Carregamento,scan_celula:DATA
14007109,20140122000000,Movime2.mdb:Carregamento,scan_celula:DATA
14007110,20140122000000,Movime2.mdb:Carregamento,scan_celula:DATA
14007111,20140122000000,Movime2.mdb:Carregamento,scan_celula:DATA
14007112,20140122000000,Movime2.mdb:Carregamento,scan_celula:DATA
14007113,20140122000000,Movime2.mdb:Carregamento,scan_celula:DATA
14007189,20140203000000,Movime2.mdb:Carregamento,scan_celula:DATA
14007190,20140203000000,Movime2.mdb:Carregamento,scan_celula:DATA
14007191,20140203000000,Movime2.mdb:Carregamento,scan_celula:DATA
14007192,20140203000000,Movime2.mdb:Carregamento,scan_celula:DATA
14007193,20140203000000,Movime2.mdb:Carregamento,scan_celula:DATA
14007194,20140203000000,Movime2.mdb:Carregamento,scan_celula:DATA
14007195,20140203000000,Movime2.mdb:Carregamento,scan_celula:DATA
14007196,20140203000000,Movime2.mdb:Carregamento,scan_celula:DATA
14007596,20140429000000,Movime2.mdb:Carregamento,scan_celula:DATA
14007597,20140429000000,Movime2.mdb:Carregamento,scan_celula:DATA
14007598,20140429000000,Movime2.mdb:Carregamento,scan_celula:DATA
14007599,20140429000000,Movime2.mdb:Carregamento,scan_celula:DATA
14007600,20140429000000,Movime2.mdb:Carregamento,scan_celula:DATA
14007721,20140519000000,Movime2.mdb:Carregamento,scan_celula:DATA
14007722,20140519000000,Movime2.mdb:Carregamento,scan_celula:DATA
14007723,20140519000000,Movime2.mdb:Carregamento,scan_celula:DATA
14007724,20140519000000,Movime2.mdb:Carregamento,scan_celula:DATA
14007725,20140519000000,Movime2.mdb:Carregamento,scan_celula:DATA
14007726,20140519000000,Movime2.mdb:Carregamento,scan_celula:DATA
14007727,20140519000000,Movime2.mdb:Carregamento,scan_celula:DATA
14007728,20140519000000,Movime2.mdb:Carregamento,scan_celula:DATA
14008085,20140718000000,Movime2.mdb:Carregamento,scan_celula:DATA
14008086,20140718000000,Movime2.mdb:Carregamento,scan_celula:DATA
14008087,20140718000000,Movime2.mdb:Carregamento,scan_celula:DATA
14008088,20140718000000,Movime2.mdb:Carregamento,scan_celula:DATA
14008270,20140815000000,Movime2.mdb:Carregamento,scan_celula:DATA
14008271,20140815000000,Movime2.mdb:Carregamento,scan_celula:DATA
14008272,20140815000000,Movime2.mdb:Carregamento,scan_celula:DATA
14008273,20140815000000,Movime2.mdb:Carregamento,scan_celula:DATA
14008274,20140815000000,Movime2.mdb:Carregamento,scan_celula:DATA
14008275,20140815000000,Movime2.mdb:Carregamento,scan_celula:DATA
14008276,20140815000000,Movime2.mdb:Carregamento,scan_celula:DATA
14008277,20140815000000,Movime2.mdb:Carregamento,scan_celula:DATA
14008278,20140815000000,Movime2.mdb:Carregamento,scan_celula:DATA
14008881,20141119000000,Movime2.mdb:Carregamento,scan_celula:DATA
14008882,20141119000000,Movime2.mdb:Carregamento,scan_celula:DATA
14008883,20141119000000,Movime2.mdb:Carregamento,scan_celula:DATA
14008884,20141119000000,Movime2.mdb:Carregamento,scan_celula:DATA
14008885,20141119000000,Movime2.mdb:Carregamento,scan_celula:DATA
14008886,20141119000000,Movime2.mdb:Carregamento,scan_celula:DATA
14008887,20141119000000,Movime2.mdb:Carregamento,scan_celula:DATA
14008888,20141119000000,Movime2.mdb:Carregamento,scan_celula:DATA
14008889,20141119000000,Movime2.mdb:Carregamento,scan_celula:DATA
14008890,20141119000000,Movime2.mdb:Carregamento,scan_celula:DATA
14008891,20141119000000,Movime2.mdb:Carregamento,scan_celula:DATA
14008892,20141119000000,Movime2.mdb:Carregamento,scan_celula:DATA
14008893,20141119000000,Movime2.mdb:Carregamento,scan_celula:DATA
14008894,20141119000000,Movime2.mdb:Carregamento,scan_celula:DATA
14008895,20141119000000,Movime2.mdb:Carregamento,scan_celula:DATA
14008896,20141119000000,Movime2.mdb:Carregamento,scan_celula:DATA
14008897,20141119000000,Movime2.mdb:Carregamento,scan_celula:DATA
14008945,20141128000000,Movime2.mdb:Carregamento,scan_celula:DATA
14008946,20141128000000,Movime2.mdb:Carregamento,scan_celula:DATA
14008947,20141128000000,Movime2.mdb:Carregamento,scan_celula:DATA
14008948,20141128000000,Movime2.mdb:Carregamento,scan_celula:DATA
14008949,20141128000000,Movime2.mdb:Carregamento,scan_celula:DATA
14009023,20141209000000,Movime2.mdb:Carregamento,scan_celula:DATA
14009024,20141209000000,Movime2.mdb:Carregamento,scan_celula:DATA
14009025,20141209000000,Movime2.mdb:Carregamento,scan_celula:DATA
14009026,20141209000000,Movime2.mdb:Carregamento,scan_celula:DATA
14009027,20141209000000,Movime2.mdb:Carregamento,scan_celula:DATA
14009028,20141209000000,Movime2.mdb:Carregamento,scan_celula:DATA
14038041,20140122000000,Movime2.mdb:Ordens,scan_celula:DATA
14038042,20140122000000,Movime2.mdb:Ordens,scan_celula:DATA
14038043,20140122000000,Movime2.mdb:Ordens,scan_celula:DATA
14038044,20140122000000,Movime2.mdb:Ordens,scan_celula:DATA
14038045,20140122000000,Movime2.mdb:Ordens,scan_celula:DATA
14038046,20140122000000,Movime2.mdb:Ordens,scan_celula:DATA
14038047,20140122000000,Movime2.mdb:Ordens,scan_celula:DATA
14038048,20140122000000,Movime2.mdb:Ordens,scan_celula:DATA
14038049,20140122000000,Movime2.mdb:Ordens,scan_celula:DATA
14038050,20140122000000,Movime2.mdb:Ordens,scan_celula:DATA
14038127,20140203000000,Movime2.mdb:Ordens,scan_celula:DATA
14038128,20140203000000,Movime2.mdb:Ordens,scan_celula:DATA
14038129,20140203000000,Movime2.mdb:Ordens,scan_celula:DATA
14038130,20140203000000,Movime2.mdb:Ordens,scan_celula:DATA
14038131,20140203000000,Movime2.mdb:Ordens,scan_celula:DATA
14038132,20140203000000,Movime2.mdb:Ordens,scan_celula:DATA
14038133,20140203000000,Movime2.mdb:Ordens,scan_celula:DATA
14038134,20140203000000,Movime2.mdb:Ordens,scan_celula:DATA
14038135,20140203000000,Movime2.mdb:Ordens,scan_celula:DATA
14038136,20140203000000,Movime2.mdb:Ordens,scan_celula:DATA
14038672,20140429000000,Movime2.mdb:Ordens,scan_celula:DATA
14038673,20140429000000,Movime2.mdb:Ordens,scan_celula:DATA
14038674,20140429000000,Movime2.mdb:Ordens,scan_celula:DATA
14038675,20140429000000,Movime2.mdb:Ordens,scan_celula:DATA
14038676,20140429000000,Movime2.mdb:Ordens,scan_celula:DATA
14038677,20140429000000,Movime2.mdb:Ordens,scan_celula:DATA
14038678,20140429000000,Movime2.mdb:Ordens,scan_celula:DATA
14038679,20140429000000,Movime2.mdb:Ordens,scan_celula:DATA
14038798,20140519000000,Movime2.mdb:Ordens,scan_celula:DATA
14038799,20140519000000,Movime2.mdb:Ordens,scan_celula:DATA
14038800,20140519000000,Movime2.mdb:Ordens,scan_celula:DATA
14038801,20140519000000,Movime2.mdb:Ordens,scan_celula:DATA
14038802,20140519000000,Movime2.mdb:Ordens,scan_celula:DATA
14038803,20140519000000,Movime2.mdb:Ordens,scan_celula:DATA
14038804,20140519000000,Movime2.mdb:Ordens,scan_celula:DATA
14038805,20140519000000,Movime2.mdb:Ordens,scan_celula:DATA
14038806,20140519000000,Movime2.mdb:Ordens,scan_celula:DATA
14038807,20140519000000,Movime2.mdb:Ordens,scan_celula:DATA
14038808,20140519000000,Movime2.mdb:Ordens,scan_celula:DATA
14038809,20140519000000,Movime2.mdb:Ordens,scan_celula:DATA
14038810,20140519000000,Movime2.mdb:Ordens,scan_celula:DATA
14039005,20140718000000,Movime2.mdb:Ordens,scan_celula:VEC1
14039006,20140718000000,Movime2.mdb:Ordens,scan_celula:VEC1
14039007,20140718000000,Movime2.mdb:Ordens,scan_celula:VEC1
15000008,20150120000000,Movime2.mdb:Cheques,scan_celula:DATA
15000024,20150120000000,Movime2.mdb:MovFretes,scan_celula:DATA
15000025,30013198852539,Movime2.mdb:VeiculosItens,scan_celula:QUAN
15000029,58870001220703,Movime2.mdb:VeiculosItens,scan_celula:QUAN
15000063,20151117000000,Movime2.mdb:Veiculos,scan_celula:DATL
15000064,20151117000000,Movime2.mdb:Veiculos,scan_celula:DATL
15000065,20151117000000,Movime2.mdb:Veiculos,scan_celula:DATL
15000066,20151117000000,Movime2.mdb:Veiculos,scan_celula:DATL
15000067,20151117000000,Movime2.mdb:Veiculos,scan_celula:DATL
15000068,20151117000000,Movime2.mdb:Veiculos,scan_celula:DATL
15000069,20151117000000,Movime2.mdb:Veiculos,scan_celula:DATL
15000070,20151117000000,Movime2.mdb:Veiculos,scan_celula:DATL
15000071,20151117000000,Movime2.mdb:Veiculos,scan_celula:DATA
15000072,20151117000000,Movime2.mdb:Veiculos,scan_celula:DATA
15000073,20151117000000,Movime2.mdb:Veiculos,scan_celula:DATA
15000074,20151117000000,Movime2.mdb:Veiculos,scan_celula:DATL
15000075,20150120000000,Movime2.mdb:Carregamento,scan_celula:DATA
15000076,20150120000000,Movime2.mdb:Carregamento,scan_celula:DATA
15000077,20150120000000,Movime2.mdb:Carregamento,scan_celula:DATA
15000078,20150120000000,Movime2.mdb:Carregamento,scan_celula:DATA
15000079,20150120000000,Movime2.mdb:Carregamento,scan_celula:DATA
15000080,20150120000000,Movime2.mdb:Carregamento,scan_celula:DATA
15000081,20150120000000,Movime2.mdb:Carregamento,scan_celula:DATA
15000082,20150120000000,Movime2.mdb:Carregamento,scan_celula:DATA
15000086,20151117000000,Movime2.mdb:Veiculos,scan_celula:DATA
15000090,20151117000000,Movime2.mdb:Veiculos,scan_celula:DATA
15000104,20150707000000,Movime2.mdb:Cheques,scan_celula:DATA
15000107,22627001953125,Movime2.mdb:Veiculos,scan_celula:TGER
15000110,24936799316406,Movime2.mdb:Veiculos,scan_celula:TDSP
15000117,40446301269531,Movime2.mdb:Veiculos,scan_celula:TGER
15000126,35650698242187,Movime2.mdb:Veiculos,scan_celula:TGER
15000131,51607099609375,Movime2.mdb:Veiculos,scan_celula:TREC
15000150,20150915000000,Movime2.mdb:ChequesItens,scan_celula:DATA
15000168,53159997558593,Movime2.mdb:VeiculosItens,scan_celula:UNIT
15000169,20150427000000,Movime2.mdb:MovFretes,scan_celula:DATA
15000178,10000299835205,Movime2.mdb:VeiculosItens,scan_celula:QUAN
15000188,20150508000000,Movime2.mdb:MovFretes,scan_celula:DATA
15000189,20150508000000,Movime2.mdb:MovFretes,scan_celula:DATA
15000190,20150508000000,Movime2.mdb:MovFretes,scan_celula:DATA
15000191,20150508000000,Movime2.mdb:MovFretes,scan_celula:DATA
15000192,20150508000000,Movime2.mdb:MovFretes,scan_celula:DATA
15000213,27790000438690,Movime2.mdb:VeiculosItens,scan_celula:UNIT
15000220,33802800292968,Movime2.mdb:Veiculos,scan_celula:TDSP
15000278,20150707000000,Movime2.mdb:MovFretes,scan_celula:DATA
15000279,20150707000000,Movime2.mdb:MovFretes,scan_celula:DATA
15000389,20150915000000,Movime2.mdb:MovFretes,scan_celula:DATA
15000496,20151117000000,Movime2.mdb:MovFretes,scan_celula:DATA
15000497,20151117000000,Movime2.mdb:MovFretes,scan_celula:DATA
15000498,20151117000000,Movime2.mdb:MovFretes,scan_celula:DATA
15000499,20151117000000,Movime2.mdb:MovFretes,scan_celula:DATA
15000581,20150427000000,Movime2.mdb:Carregamento,scan_celula:EMIS
15000582,20150427000000,Movime2.mdb:Carregamento,scan_celula:DATA
15000583,20150427000000,Movime2.mdb:Carregamento,scan_celula:DATA
15000584,20150427000000,Movime2.mdb:Carregamento,scan_celula:DATA
15000585,20150427000000,Movime2.mdb:Carregamento,scan_celula:DATA
15000586,20150427000000,Movime2.mdb:Carregamento,scan_celula:DATA
15000587,20150427000000,Movime2.mdb:Carregamento,scan_celula:DATA
15000648,20150508000000,Movime2.mdb:Carregamento,scan_celula:DATA
15000649,20150508000000,Movime2.mdb:Carregamento,scan_celula:DATA
15000650,20150508000000,Movime2.mdb:Carregamento,scan_celula:DATA
15000651,20150508000000,Movime2.mdb:Carregamento,scan_celula:DATA
15000652,20150508000000,Movime2.mdb:Carregamento,scan_celula:DATA
15000653,20150508000000,Movime2.mdb:Carregamento,scan_celula:DATA
15000654,20150508000000,Movime2.mdb:Carregamento,scan_celula:DATA
15000655,20150508000000,Movime2.mdb:Carregamento,scan_celula:DATA
15000656,20150508000000,Movime2.mdb:Carregamento,scan_celula:DATA
15000657,20150508000000,Movime2.mdb:Carregamento,scan_celula:DATA
15000658,20150508000000,Movime2.mdb:Carregamento,scan_celula:DATA
15000924,20150626000000,Movime2.mdb:Carregamento,scan_celula:DATA
15000925,20150626000000,Movime2.mdb:Carregamento,scan_celula:DATA
15000926,20150626000000,Movime2.mdb:Carregamento,scan_celula:DATA
15000927,20150626000000,Movime2.mdb:Carregamento,scan_celula:DATA
15001006,20150707000000,Movime2.mdb:Carregamento,scan_celula:DATA
15001007,20150707000000,Movime2.mdb:Carregamento,scan_celula:DATA
15001008,20150707000000,Movime2.mdb:Carregamento,scan_celula:DATA
15001009,20150707000000,Movime2.mdb:Carregamento,scan_celula:DATA
15001010,20150707000000,Movime2.mdb:Carregamento,scan_celula:DATA
15001011,20150707000000,Movime2.mdb:Carregamento,scan_celula:DATA
15001012,20150707000000,Movime2.mdb:Carregamento,scan_celula:DATA
15001013,20150707000000,Movime2.mdb:Carregamento,scan_celula:DATA
15001014,20150707000000,Movime2.mdb:Carregamento,scan_celula:DATA
15001015,20150707000000,Movime2.mdb:Carregamento,scan_celula:DATA
15001068,20150716000000,Movime2.mdb:Carregamento,scan_celula:DATA
15001069,20150716000000,Movime2.mdb:Carregamento,scan_celula:DATA
15001070,20150716000000,Movime2.mdb:Carregamento,scan_celula:DATA
15001071,20150716000000,Movime2.mdb:Carregamento,scan_celula:DATA
15001072,20150716000000,Movime2.mdb:Carregamento,scan_celula:DATA
15001073,20150716000000,Movime2.mdb:Carregamento,scan_celula:DATA
15001074,20150716000000,Movime2.mdb:Carregamento,scan_celula:DATA
15001424,20150915000000,Movime2.mdb:Carregamento,scan_celula:DATA
15001425,20150915000000,Movime2.mdb:Carregamento,scan_celula:DATA
15001811,20151117000000,Movime2.mdb:Carregamento,scan_celula:DATA
15001812,20151117000000,Movime2.mdb:Carregamento,scan_celula:DATA
15001813,20151117000000,Movime2.mdb:Carregamento,scan_celula:DATA
15001814,20151117000000,Movime2.mdb:Carregamento,scan_celula:DATA
15001815,20151117000000,Movime2.mdb:Carregamento,scan_celula:DATA
15001816,20151117000000,Movime2.mdb:Carregamento,scan_celula:DATA
15001817,20151117000000,Movime2.mdb:Carregamento,scan_celula:DATA
15001818,20151117000000,Movime2.mdb:Carregamento,scan_celula:DATA
15001819,20151117000000,Movime2.mdb:Carregamento,scan_celula:DATA
16000005,22673701171875,Movime2.mdb:Veiculos,scan_celula:TGER
16000010,19609799804687,Movime2.mdb:VeiculosItens,scan_celula:TOTA
16000044,60679998779296,Movime2.mdb:VeiculosItens,scan_celula:TOTA
16000048,20160409000000,Movime2.mdb:Cheques,scan_celula:DATA
16000057,27790000438690,Movime2.mdb:VeiculosItens,scan_celula:UNIT
16000069,68220001220703,Movime2.mdb:VeiculosItens,scan_celula:QUAN
16000073,68220001220703,Movime2.mdb:VeiculosItens,scan_celula:QUAN
16000079,20160527000000,Movime2.mdb:Cheques,scan_celula:DATA
16000091,58565002441406,Movime2.mdb:VeiculosItens,scan_celula:TOTA
16000092,31060200195312,Movime2.mdb:Veiculos,scan_celula:TGER
16000101,20161018000000,Movime2.mdb:ChequesItens,scan_celula:DATA
16000119,20160319000000,Movime2.mdb:MovFretes,scan_celula:DATA
16000120,20160319000000,Movime2.mdb:MovFretes,scan_celula:DATA
16000127,43344702148437,Movime2.mdb:Veiculos,scan_celula:TDSP
16000131,20160328000000,Movime2.mdb:MovFretes,scan_celula:DATA
16000132,20160328000000,Movime2.mdb:MovFretes,scan_celula:DATA
16000134,33603901367187,Movime2.mdb:Veiculos,scan_celula:TDSP
16000138,20160913000000,Movime2.mdb:Cheques,scan_celula:DATA
16000140,56112900390625,Movime2.mdb:Veiculos,scan_celula:TREC
16000145,20161009000000,Movime2.mdb:ChequesItens,scan_celula:DATA
16000147,20161018000000,Movime2.mdb:ChequesItens,scan_celula:DATA
16000183,20161217000000,Movime2.mdb:Cheques,scan_celula:DATA
16000193,61259997558593,Movime2.mdb:VeiculosItens,scan_celula:QUAN
16000211,76110498046875,Movime2.mdb:Veiculos,scan_celula:TREC
16000213,20484799804687,Movime2.mdb:Veiculos,scan_celula:TGER
16000218,20160527000000,Movime2.mdb:MovFretes,scan_celula:DATA
16000235,27790000438690,Movime2.mdb:VeiculosItens,scan_celula:UNIT
16000237,20160608000000,Movime2.mdb:MovFretes,scan_celula:DATA
16000238,20160608000000,Movime2.mdb:MovFretes,scan_celula:DATA
16000239,20160608000000,Movime2.mdb:MovFretes,scan_celula:DATA
16000249,20160319000000,Movime2.mdb:Veiculos,scan_celula:DATA
16000250,20160319000000,Movime2.mdb:Veiculos,scan_celula:DATA
16000251,20160319000000,Movime2.mdb:Veiculos,scan_celula:DATA
16000252,20160319000000,Movime2.mdb:Veiculos,scan_celula:DATA
16000253,20160319000000,Movime2.mdb:Veiculos,scan_celula:DATA
16000254,20160319000000,Movime2.mdb:Veiculos,scan_celula:DATA
16000255,20160319000000,Movime2.mdb:Veiculos,scan_celula:DATA
16000256,20160319000000,Movime2.mdb:Veiculos,scan_celula:DATA
16000260,20160624000000,Movime2.mdb:MovFretes,scan_celula:DATA
16000266,20160328000000,Movime2.mdb:Veiculos,scan_celula:DATL
16000267,20160328000000,Movime2.mdb:Veiculos,scan_celula:DATL
16000268,20160328000000,Movime2.mdb:Veiculos,scan_celula:DATL
16000269,20160328000000,Movime2.mdb:Veiculos,scan_celula:DATL
16000270,20160328000000,Movime2.mdb:Veiculos,scan_celula:DATL
16000271,20160705000000,Movime2.mdb:MovFretes,scan_celula:DATA
16000272,20160328000000,Movime2.mdb:Veiculos,scan_celula:DATL
16000273,20160328000000,Movime2.mdb:Veiculos,scan_celula:DATL
16000274,20160328000000,Movime2.mdb:Veiculos,scan_celula:DATL
16000275,20160328000000,Movime2.mdb:Veiculos,scan_celula:DATL
16000276,20160328000000,Movime2.mdb:Veiculos,scan_celula:DATL
16000277,20160328000000,Movime2.mdb:Veiculos,scan_celula:DATL
16000278,20160328000000,Movime2.mdb:Veiculos,scan_celula:DATL
16000279,20160328000000,Movime2.mdb:Veiculos,scan_celula:DATL
16000280,20160328000000,Movime2.mdb:Veiculos,scan_celula:DATL
16000281,20160328000000,Movime2.mdb:Veiculos,scan_celula:DATL
16000282,20160328000000,Movime2.mdb:Veiculos,scan_celula:DATL
16000283,20160328000000,Movime2.mdb:Veiculos,scan_celula:DATL
16000284,20160328000000,Movime2.mdb:Veiculos,scan_celula:DATL
16000292,39819599609375,Movime2.mdb:VeiculosItens,scan_celula:UNIT
16000325,20160409000000,Movime2.mdb:Veiculos,scan_celula:DATA
16000326,20160409000000,Movime2.mdb:Veiculos,scan_celula:DATA
16000327,20160409000000,Movime2.mdb:Veiculos,scan_celula:DATA
16000329,20160409000000,Movime2.mdb:Veiculos,scan_celula:DATA
16000351,20160823000000,Movime2.mdb:MovFretes,scan_celula:DATA
16000352,20160823000000,Movime2.mdb:MovFretes,scan_celula:DATA
16000359,65154998779296,Movime2.mdb:VeiculosItens,scan_celula:TOTA
16000370,27790000438690,Movime2.mdb:VeiculosItens,scan_celula:UNIT
16000378,20160913000000,Movime2.mdb:MovFretes,scan_celula:DATA
16000379,20160913000000,Movime2.mdb:MovFretes,scan_celula:DATA
16000380,20160913000000,Movime2.mdb:MovFretes,scan_celula:DATA
16000387,27790000438690,Movime2.mdb:VeiculosItens,scan_celula:UNIT
16000390,11408599853515,Movime2.mdb:VeiculosItens,scan_celula:TOTA
16000414,22609699707031,Movime2.mdb:VeiculosItens,scan_celula:UNIT
16000420,27790000438690,Movime2.mdb:VeiculosItens,scan_celula:UNIT
16000424,52753999023437,Movime2.mdb:VeiculosItens,scan_celula:UNIT
16000426,20161018000000,Movime2.mdb:MovFretes,scan_celula:DATA
16000429,27790000438690,Movime2.mdb:VeiculosItens,scan_celula:UNIT
16000449,27790000438690,Movime2.mdb:VeiculosItens,scan_celula:UNIT
16000450,20160319000000,Movime2.mdb:Carregamento,scan_celula:DATA
16000451,20160319000000,Movime2.mdb:Carregamento,scan_celula:DATA
16000452,20160319000000,Movime2.mdb:Carregamento,scan_celula:DATA
16000453,20160319000000,Movime2.mdb:Carregamento,scan_celula:DATA
16000454,20160319000000,Movime2.mdb:Carregamento,scan_celula:DATA
16000455,20160319000000,Movime2.mdb:Carregamento,scan_celula:DATA
16000468,27790000438690,Movime2.mdb:VeiculosItens,scan_celula:UNIT
16000471,68530999755859,Movime2.mdb:VeiculosItens,scan_celula:TOTA
16000480,20160328000000,Movime2.mdb:Carregamento,scan_celula:DATA
16000481,20160328000000,Movime2.mdb:Carregamento,scan_celula:DATA
16000482,20160328000000,Movime2.mdb:Carregamento,scan_celula:DATA
16000483,20160328000000,Movime2.mdb:Carregamento,scan_celula:DATA
16000484,20160328000000,Movime2.mdb:Carregamento,scan_celula:DATA
16000487,62370001220703,Movime2.mdb:VeiculosItens,scan_celula:QUAN
16000497,20160527000000,Movime2.mdb:Veiculos,scan_celula:DATL
16000498,20160527000000,Movime2.mdb:Veiculos,scan_celula:DATA
16000499,20160527000000,Movime2.mdb:Veiculos,scan_celula:DATL
16000500,20160527000000,Movime2.mdb:Veiculos,scan_celula:DATL
16000501,20160527000000,Movime2.mdb:Veiculos,scan_celula:DATL
16000502,20160527000000,Movime2.mdb:Veiculos,scan_celula:DATA
16000503,20160527000000,Movime2.mdb:Veiculos,scan_celula:DATA
16000504,20160527000000,Movime2.mdb:Veiculos,scan_celula:DATA
16000505,20160527000000,Movime2.mdb:Veiculos,scan_celula:DATA
16000507,20160527000000,Movime2.mdb:Veiculos,scan_celula:DATA
16000509,20160527000000,Movime2.mdb:Veiculos,scan_celula:DATA
16000517,18344499511718,Movime2.mdb:Veiculos,scan_celula:TGER
16000519,20161217000000,Movime2.mdb:MovFretes,scan_celula:DATA
16000540,20160608000000,Movime2.mdb:Veiculos,scan_celula:DATA
16000541,20160608000000,Movime2.mdb:Veiculos,scan_celula:DATA
16000550,51402001953125,Movime2.mdb:VeiculosItens,scan_celula:TOTA
16000583,20161018000000,Movime2.mdb:Veiculos,scan_celula:DATA
16000598,22923798828125,Movime2.mdb:Veiculos,scan_celula:TGER
16000600,20160624000000,Movime2.mdb:Veiculos,scan_celula:DATA
16000601,20160624000000,Movime2.mdb:Veiculos,scan_celula:DATA
16000602,20160624000000,Movime2.mdb:Veiculos,scan_celula:DATA
16000610,20160624000000,Movime2.mdb:Veiculos,scan_celula:DATA
16000627,20160624000000,Movime2.mdb:Veiculos,scan_celula:DATA
16000646,20160705000000,Movime2.mdb:Veiculos,scan_celula:DATL
16000647,20160705000000,Movime2.mdb:Veiculos,scan_celula:DATA
16000648,20160705000000,Movime2.mdb:Veiculos,scan_celula:DATA
16000649,20160705000000,Movime2.mdb:Veiculos,scan_celula:DATL
16000650,20160705000000,Movime2.mdb:Veiculos,scan_celula:DATA
16000651,20160705000000,Movime2.mdb:Veiculos,scan_celula:DATA
16000652,20160705000000,Movime2.mdb:Veiculos,scan_celula:DATA
16000653,20160705000000,Movime2.mdb:Veiculos,scan_celula:DATA
16000655,27101398925781,Movime2.mdb:VeiculosItens,scan_celula:UNIT
16000673,31066899414062,Movime2.mdb:Veiculos,scan_celula:TDSP
16000682,66970001220703,Movime2.mdb:VeiculosItens,scan_celula:QUAN
16000689,13303199462890,Movime2.mdb:Veiculos,scan_celula:TGER
16000695,33691398925781,Movime2.mdb:Veiculos,scan_celula:TDSP
16000697,38952800292968,Movime2.mdb:VeiculosItens,scan_celula:UNIT
16000715,35813701171875,Movime2.mdb:Veiculos,scan_celula:TDSP
16000728,51510600585937,Movime2.mdb:Veiculos,scan_celula:TREC
16000732,15557800292968,Movime2.mdb:Veiculos,scan_celula:TGER
16000735,32742299804687,Movime2.mdb:Veiculos,scan_celula:TDSP
16000789,53159997558593,Movime2.mdb:VeiculosItens,scan_celula:UNIT
16000790,81490002441406,Movime2.mdb:VeiculosItens,scan_celula:QUAN
16000792,31890100097656,Movime2.mdb:Veiculos,scan_celula:TDSP
16000822,34927299804687,Movime2.mdb:Veiculos,scan_celula:TGER
16000829,39520500488281,Movime2.mdb:Veiculos,scan_celula:TDSP
16000835,20160527000000,Movime2.mdb:Carregamento,scan_celula:DATA
16000836,20160527000000,Movime2.mdb:Carregamento,scan_celula:DATA
16000837,20160527000000,Movime2.mdb:Carregamento,scan_celula:DATA
16000838,20160527000000,Movime2.mdb:Carregamento,scan_celula:DATA
16000839,20160527000000,Movime2.mdb:Carregamento,scan_celula:DATA
16000840,20160527000000,Movime2.mdb:Carregamento,scan_celula:DATA
16000841,20160527000000,Movime2.mdb:Carregamento,scan_celula:DATA
16000842,20160527000000,Movime2.mdb:Carregamento,scan_celula:DATA
16000843,20160527000000,Movime2.mdb:Carregamento,scan_celula:DATA
16000854,20160823000000,Movime2.mdb:Veiculos,scan_celula:DATA
16000855,20160823000000,Movime2.mdb:Veiculos,scan_celula:DATA
16000856,20160823000000,Movime2.mdb:Veiculos,scan_celula:DATA
16000857,20160823000000,Movime2.mdb:Veiculos,scan_celula:DATA
16000858,20160823000000,Movime2.mdb:Veiculos,scan_celula:DATA
16000866,67640002441406,Movime2.mdb:VeiculosItens,scan_celula:QUAN
16000885,20160823000000,Movime2.mdb:Veiculos,scan_celula:DATA
16000889,20160608000000,Movime2.mdb:Carregamento,scan_celula:DATA
16000890,20160608000000,Movime2.mdb:Carregamento,scan_celula:DATA
16000891,20160608000000,Movime2.mdb:Carregamento,scan_celula:DATA
16000892,20160608000000,Movime2.mdb:Carregamento,scan_celula:DATA
16000893,20160608000000,Movime2.mdb:Carregamento,scan_celula:DATA
16000894,20160608000000,Movime2.mdb:Carregamento,scan_celula:DATA
16000897,40671298828125,Movime2.mdb:Veiculos,scan_celula:TREC
16000927,20160608000000,Movime2.mdb:Veiculos,scan_celula:DATA
16000933,26877199707031,Movime2.mdb:Veiculos,scan_celula:TGER
16000938,20160913000000,Movime2.mdb:Veiculos,scan_celula:DATL
16000939,20160913000000,Movime2.mdb:Veiculos,scan_celula:DATL
16000940,20160913000000,Movime2.mdb:Veiculos,scan_celula:DATL
16000941,20160913000000,Movime2.mdb:Veiculos,scan_celula:DATA
16000942,20160913000000,Movime2.mdb:Veiculos,scan_celula:DATA
16000943,20160913000000,Movime2.mdb:Veiculos,scan_celula:DATA
16000944,20160913000000,Movime2.mdb:Veiculos,scan_celula:DATA
16000945,20160913000000,Movime2.mdb:Veiculos,scan_celula:DATA
16000974,60679998779296,Movime2.mdb:VeiculosItens,scan_celula:QUAN
16000978,29821301269531,Movime2.mdb:Veiculos,scan_celula:TDSP
16001013,19636800537109,Movime2.mdb:VeiculosItens,scan_celula:TOTA
16001015,16895999755859,Movime2.mdb:VeiculosItens,scan_celula:UNIT
16001061,42727900390625,Movime2.mdb:Veiculos,scan_celula:TREC
16001086,20161018000000,Movime2.mdb:Veiculos,scan_celula:DATA
16001087,20161018000000,Movime2.mdb:Veiculos,scan_celula:DATA
16001088,20161018000000,Movime2.mdb:Veiculos,scan_celula:DATA
16001089,20161018000000,Movime2.mdb:Veiculos,scan_celula:DATA
16001093,21256201171875,Movime2.mdb:VeiculosItens,scan_celula:TOTA
16001100,11640600585937,Movime2.mdb:Veiculos,scan_celula:TGER
16001142,39071899414062,Movime2.mdb:VeiculosItens,scan_celula:UNIT
16001147,61422998046875,Movime2.mdb:VeiculosItens,scan_celula:TOTA
16001197,26400600585937,Movime2.mdb:Veiculos,scan_celula:TDSP
16001242,12619599609375,Movime2.mdb:VeiculosItens,scan_celula:UNIT
16001250,13801999511718,Movime2.mdb:VeiculosItens,scan_celula:QUAN
16001260,30947800292968,Movime2.mdb:Veiculos,scan_celula:TDSP
16001270,10000299835205,Movime2.mdb:VeiculosItens,scan_celula:QUAN
16001284,30470700683593,Movime2.mdb:Veiculos,scan_celula:TDSP
16001301,10241300048828,Movime2.mdb:VeiculosItens,scan_celula:UNIT
16001305,23882199707031,Movime2.mdb:Veiculos,scan_celula:TDSP
16001343,20161217000000,Movime2.mdb:Veiculos,scan_celula:DATA
16001346,20161217000000,Movime2.mdb:Veiculos,scan_celula:DATA
16001347,20161217000000,Movime2.mdb:Veiculos,scan_celula:DATA
16001348,20161217000000,Movime2.mdb:Veiculos,scan_celula:DATA
16001349,20161217000000,Movime2.mdb:Veiculos,scan_celula:DATA
16001350,20161217000000,Movime2.mdb:Veiculos,scan_celula:DATA
16001351,20161217000000,Movime2.mdb:Veiculos,scan_celula:DATA
16001352,20161217000000,Movime2.mdb:Veiculos,scan_celula:DATA
16001353,20161217000000,Movime2.mdb:Veiculos,scan_celula:DATA
16001357,18494300537109,Movime2.mdb:VeiculosItens,scan_celula:UNIT
17000043,52742999267578,Movime2.mdb:VeiculosItens,scan_celula:TOTA
17000052,20170525000000,Movime2.mdb:ChequesItens,scan_celula:DATA
17000053,38395200195312,Movime2.mdb:VeiculosItens,scan_celula:UNIT
17000056,20170525000000,Movime2.mdb:Cheques,scan_celula:DATA
17000058,18940999755859,Movime2.mdb:VeiculosItens,scan_celula:TOTA
17000071,20171007000000,Movime2.mdb:ChequesItens,scan_celula:DATA
17000082,20170902000000,Movime2.mdb:ChequesItens,scan_celula:DATA
17000085,20170821000000,Movime2.mdb:ChequesItens,scan_celula:DATA
17000092,41020001220703,Movime2.mdb:VeiculosItens,scan_celula:QUAN
17000101,20171007000000,Movime2.mdb:Cheques,scan_celula:DATA
17000102,20171007000000,Movime2.mdb:Cheques,scan_celula:DATA
17000108,32772600097656,Movime2.mdb:Veiculos,scan_celula:TDSP
17000112,52579998779296,Movime2.mdb:ChequesItens,scan_celula:VALO
17000117,20171125000000,Movime2.mdb:ChequesItens,scan_celula:DATA
17000118,48276196289062,Movime2.mdb:Veiculos,scan_celula:TGER
17000125,15405900878906,Movime2.mdb:Veiculos,scan_celula:TGER
17000132,84420001220703,Movime2.mdb:VeiculosItens,scan_celula:UNIT
17000133,27210600585937,Movime2.mdb:Veiculos,scan_celula:TDSP
17000141,84420001220703,Movime2.mdb:VeiculosItens,scan_celula:UNIT
17000142,20140203000000,Movime2.mdb:Veiculos,scan_celula:DATA
17000144,32647998046875,Movime2.mdb:Veiculos,scan_celula:TGER
17000158,84420001220703,Movime2.mdb:VeiculosItens,scan_celula:UNIT
17000171,84420001220703,Movime2.mdb:VeiculosItens,scan_celula:UNIT
17000188,84420001220703,Movime2.mdb:VeiculosItens,scan_celula:UNIT
17000200,53811298828125,Movime2.mdb:VeiculosItens,scan_celula:UNIT
17000209,20170516000000,Movime2.mdb:MovFretes,scan_celula:DATA
17000210,20170516000000,Movime2.mdb:MovFretes,scan_celula:DATA
17000212,10700500488281,Movime2.mdb:VeiculosItens,scan_celula:UNIT
17000219,35873400878906,Movime2.mdb:Veiculos,scan_celula:TGER
17000222,20170525000000,Movime2.mdb:MovFretes,scan_celula:DATA
17000232,84420001220703,Movime2.mdb:VeiculosItens,scan_celula:UNIT
17000236,20170606000000,Movime2.mdb:MovFretes,scan_celula:DATA
17000241,84420001220703,Movime2.mdb:VeiculosItens,scan_celula:UNIT
17000246,30498500976562,Movime2.mdb:Veiculos,scan_celula:TDSP
17000255,11039799804687,Movime2.mdb:VeiculosItens,scan_celula:TOTA
17000264,50391298828125,Movime2.mdb:Veiculos,scan_celula:TDSP
17000276,87265997314453,Movime2.mdb:VeiculosItens,scan_celula:TOTA
17000286,20170317000000,Movime2.mdb:Veiculos,scan_celula:DATA
17000287,20170317000000,Movime2.mdb:Veiculos,scan_celula:DATA
17000288,20170317000000,Movime2.mdb:Veiculos,scan_celula:DATA
17000289,20170317000000,Movime2.mdb:Veiculos,scan_celula:DATA
17000290,20170317000000,Movime2.mdb:Veiculos,scan_celula:DATA
17000291,20170317000000,Movime2.mdb:Veiculos,scan_celula:DATA
17000310,20170724000000,Movime2.mdb:MovFretes,scan_celula:DATA
17000311,20170724000000,Movime2.mdb:MovFretes,scan_celula:DATA
17000312,20170724000000,Movime2.mdb:MovFretes,scan_celula:DATA
17000331,20170805000000,Movime2.mdb:MovFretes,scan_celula:DATA
17000332,20170805000000,Movime2.mdb:MovFretes,scan_celula:DATA
17000337,52254799804687,Movime2.mdb:Veiculos,scan_celula:TREC
17000351,20170821000000,Movime2.mdb:MovFretes,scan_celula:DATA
17000352,20170821000000,Movime2.mdb:MovFretes,scan_celula:DATA
17000353,20170821000000,Movime2.mdb:MovFretes,scan_celula:DATA
17000354,20170821000000,Movime2.mdb:MovFretes,scan_celula:DATA
17000361,66970001220703,Movime2.mdb:VeiculosItens,scan_celula:QUAN
17000373,20170902000000,Movime2.mdb:MovFretes,scan_celula:DATA
17000430,20171007000000,Movime2.mdb:MovFretes,scan_celula:DATA
17000431,20171007000000,Movime2.mdb:MovFretes,scan_celula:DATA
17000432,20171007000000,Movime2.mdb:MovFretes,scan_celula:DATA
17000469,20170525000000,Movime2.mdb:Veiculos,scan_celula:DATA
17000495,39766999511718,Movime2.mdb:Veiculos,scan_celula:TDSP
17000497,20171125000000,Movime2.mdb:MovFretes,scan_celula:DATA
17000498,20171125000000,Movime2.mdb:MovFretes,scan_celula:DATA
17000509,20170516000000,Movime2.mdb:Veiculos,scan_celula:DATA
17000510,20170516000000,Movime2.mdb:Veiculos,scan_celula:DATA
17000511,20170516000000,Movime2.mdb:Veiculos,scan_celula:DATA
17000512,32742299804687,Movime2.mdb:Veiculos,scan_celula:TDSP
17000516,84420001220703,Movime2.mdb:VeiculosItens,scan_celula:UNIT
17000517,20171206000000,Movime2.mdb:MovFretes,scan_celula:DATA
17000518,20171206000000,Movime2.mdb:MovFretes,scan_celula:DATA
17000519,20171206000000,Movime2.mdb:MovFretes,scan_celula:DATA
17000520,20171206000000,Movime2.mdb:MovFretes,scan_celula:DATA
17000540,20170525000000,Movime2.mdb:Veiculos,scan_celula:DATA
17000541,20170525000000,Movime2.mdb:Veiculos,scan_celula:DATA
17000542,20170525000000,Movime2.mdb:Veiculos,scan_celula:DATA
17000543,20170525000000,Movime2.mdb:Veiculos,scan_celula:DATA
17000544,20171215000000,Movime2.mdb:MovFretes,scan_celula:DATA
17000545,20171215000000,Movime2.mdb:MovFretes,scan_celula:DATA
17000546,20171215000000,Movime2.mdb:MovFretes,scan_celula:DATA
17000547,20171215000000,Movime2.mdb:MovFretes,scan_celula:DATA
17000548,20171215000000,Movime2.mdb:MovFretes,scan_celula:DATA
17000579,84420001220703,Movime2.mdb:VeiculosItens,scan_celula:UNIT
17000590,84420001220703,Movime2.mdb:VeiculosItens,scan_celula:UNIT
17000607,42227797851562,Movime2.mdb:Veiculos,scan_celula:TDSP
17000638,57590498046875,Movime2.mdb:Veiculos,scan_celula:TREC
17000639,84420001220703,Movime2.mdb:VeiculosItens,scan_celula:UNIT
17000647,46318901367187,Movime2.mdb:VeiculosItens,scan_celula:UNIT
17000673,53116899414062,Movime2.mdb:Veiculos,scan_celula:TREC
17000679,84420001220703,Movime2.mdb:VeiculosItens,scan_celula:UNIT
17000777,20170724000000,Movime2.mdb:Veiculos,scan_celula:DATL
17000778,20170724000000,Movime2.mdb:Veiculos,scan_celula:DATL
17000779,20170724000000,Movime2.mdb:Veiculos,scan_celula:DATL
17000780,20170724000000,Movime2.mdb:Veiculos,scan_celula:DATL
17000781,20170724000000,Movime2.mdb:Veiculos,scan_celula:DATL
17000782,20170724000000,Movime2.mdb:Veiculos,scan_celula:DATL
17000783,20170724000000,Movime2.mdb:Veiculos,scan_celula:DATL
17000784,20170724000000,Movime2.mdb:Veiculos,scan_celula:DATL
17000785,20170724000000,Movime2.mdb:Veiculos,scan_celula:DATL
17000786,20170724000000,Movime2.mdb:Veiculos,scan_celula:DATA
17000787,20170724000000,Movime2.mdb:Veiculos,scan_celula:DATA
17000788,20170724000000,Movime2.mdb:Veiculos,scan_celula:DATA
17000789,20170724000000,Movime2.mdb:Veiculos,scan_celula:DATA
17000806,44787001953125,Movime2.mdb:Veiculos,scan_celula:TGER
17000820,83309997558593,Movime2.mdb:VeiculosItens,scan_celula:QUAN
17000839,32393701171875,Movime2.mdb:Veiculos,scan_celula:TGER
17000842,20170805000000,Movime2.mdb:Veiculos,scan_celula:DATA
17000843,20170805000000,Movime2.mdb:Veiculos,scan_celula:DATA
17000844,20170805000000,Movime2.mdb:Veiculos,scan_celula:DATA
17000845,20170805000000,Movime2.mdb:Veiculos,scan_celula:DATA
17000846,20170805000000,Movime2.mdb:Veiculos,scan_celula:DATA
17000847,20170805000000,Movime2.mdb:Veiculos,scan_celula:DATA
17000848,20170805000000,Movime2.mdb:Veiculos,scan_celula:DATA
17000849,20170805000000,Movime2.mdb:Veiculos,scan_celula:DATA
17000850,20170805000000,Movime2.mdb:Veiculos,scan_celula:DATA
17000867,35787199707031,Movime2.mdb:Veiculos,scan_celula:TDSP
17000884,73562001953125,Movime2.mdb:Veiculos,scan_celula:TREC
17000890,20170821000000,Movime2.mdb:Veiculos,scan_celula:DATL
17000891,20170821000000,Movime2.mdb:Veiculos,scan_celula:DATL
17000892,20170821000000,Movime2.mdb:Veiculos,scan_celula:DATL
17000893,20170821000000,Movime2.mdb:Veiculos,scan_celula:DATL
17000894,20170821000000,Movime2.mdb:Veiculos,scan_celula:DATL
17000895,20170821000000,Movime2.mdb:Veiculos,scan_celula:DATL
17000896,20170821000000,Movime2.mdb:Veiculos,scan_celula:DATL
17000897,20170821000000,Movime2.mdb:Veiculos,scan_celula:DATL
17000898,20170821000000,Movime2.mdb:Veiculos,scan_celula:DATL
17000899,20170821000000,Movime2.mdb:Veiculos,scan_celula:DATL
17000900,20170821000000,Movime2.mdb:Veiculos,scan_celula:DATL
17000901,20170821000000,Movime2.mdb:Veiculos,scan_celula:DATL
17000902,20170821000000,Movime2.mdb:Veiculos,scan_celula:DATL
17000903,20170821000000,Movime2.mdb:Veiculos,scan_celula:DATL
17000904,20170821000000,Movime2.mdb:Veiculos,scan_celula:DATL
17000905,20170821000000,Movime2.mdb:Veiculos,scan_celula:DATL
17000907,20170821000000,Movime2.mdb:Veiculos,scan_celula:DATA
17000941,58734997558593,Movime2.mdb:VeiculosItens,scan_celula:TOTA
17000957,20170902000000,Movime2.mdb:Veiculos,scan_celula:DATA
17000958,20170902000000,Movime2.mdb:Veiculos,scan_celula:DATA
17000959,20170902000000,Movime2.mdb:Veiculos,scan_celula:DATA
17000960,20170902000000,Movime2.mdb:Veiculos,scan_celula:DATA
17000961,20170902000000,Movime2.mdb:Veiculos,scan_celula:DATA
17000962,20170902000000,Movime2.mdb:Veiculos,scan_celula:DATA
17000963,21611499023437,Movime2.mdb:VeiculosItens,scan_celula:TOTA
17000990,11237399902343,Movime2.mdb:VeiculosItens,scan_celula:TOTA
17001012,29843901367187,Movime2.mdb:Veiculos,scan_celula:TDSP
17001037,35261101074218,Movime2.mdb:Veiculos,scan_celula:TGER
17001045,84420001220703,Movime2.mdb:VeiculosItens,scan_celula:UNIT
17001051,25752700195312,Movime2.mdb:Veiculos,scan_celula:TDSP
17001078,34821799316406,Movime2.mdb:VeiculosItens,scan_celula:UNIT
17001094,20171007000000,Movime2.mdb:Veiculos,scan_celula:DATA
17001095,20171007000000,Movime2.mdb:Veiculos,scan_celula:DATA
17001096,20171007000000,Movime2.mdb:Veiculos,scan_celula:DATA
17001107,20171007000000,Movime2.mdb:Veiculos,scan_celula:DATA
17001118,84420001220703,Movime2.mdb:VeiculosItens,scan_celula:QUAN
17001133,33691301269531,Movime2.mdb:Veiculos,scan_celula:TDSP
17001179,32471000976562,Movime2.mdb:Veiculos,scan_celula:TDSP
17001184,37825900878906,Movime2.mdb:Veiculos,scan_celula:TGER
17001201,20171007000000,Movime2.mdb:Veiculos,scan_celula:DATA
17001266,20171125000000,Movime2.mdb:Veiculos,scan_celula:DATA
17001267,20171125000000,Movime2.mdb:Veiculos,scan_celula:DATA
17001271,20171125000000,Movime2.mdb:Veiculos,scan_celula:DATA
17001272,20171125000000,Movime2.mdb:Veiculos,scan_celula:DATA
17001273,20171125000000,Movime2.mdb:Veiculos,scan_celula:DATA
17001274,20171125000000,Movime2.mdb:Veiculos,scan_celula:DATA
17001275,20171125000000,Movime2.mdb:Veiculos,scan_celula:DATA
17001276,20171125000000,Movime2.mdb:Veiculos,scan_celula:DATA
17001278,20171125000000,Movime2.mdb:Veiculos,scan_celula:DATA
17001279,20171125000000,Movime2.mdb:Veiculos,scan_celula:DATA
17001280,20171125000000,Movime2.mdb:Veiculos,scan_celula:DATA
17001287,12793299560546,Movime2.mdb:Veiculos,scan_celula:TGER
17001290,20171125000000,Movime2.mdb:Veiculos,scan_celula:DATA
17001306,60919702148437,Movime2.mdb:Veiculos,scan_celula:TDSP
17001310,20171206000000,Movime2.mdb:Veiculos,scan_celula:DATA
17001312,44901298828125,Movime2.mdb:Veiculos,scan_celula:TREC
17001314,20171206000000,Movime2.mdb:Veiculos,scan_celula:DATA
17001315,20171206000000,Movime2.mdb:Veiculos,scan_celula:DATA
17001316,20171206000000,Movime2.mdb:Veiculos,scan_celula:DATA
17001317,20171206000000,Movime2.mdb:Veiculos,scan_celula:DATA
17001318,20171206000000,Movime2.mdb:Veiculos,scan_celula:DATA
17001319,20171206000000,Movime2.mdb:Veiculos,scan_celula:DATA
17001347,46948603515625,Movime2.mdb:Veiculos,scan_celula:TREC
17001351,20171215000000,Movime2.mdb:Veiculos,scan_celula:DATA
17001352,20171215000000,Movime2.mdb:Veiculos,scan_celula:DATA
17001354,20171215000000,Movime2.mdb:Veiculos,scan_celula:DATA
17001355,20171215000000,Movime2.mdb:Veiculos,scan_celula:DATA
17001356,20171215000000,Movime2.mdb:Veiculos,scan_celula:DATA
17001357,20171215000000,Movime2.mdb:Veiculos,scan_celula:DATA
17001358,35426999511718,Movime2.mdb:Veiculos,scan_celula:TDSP
17001359,20171215000000,Movime2.mdb:Veiculos,scan_celula:DATA
17001374,20171215000000,Movime2.mdb:Veiculos,scan_celula:DATA
18000009,20180209000000,Movime2.mdb:Cheques,scan_celula:DATA
18000010,20180209000000,Movime2.mdb:Cheques,scan_celula:DATA
18000037,41880200195312,Movime2.mdb:Veiculos,scan_celula:TREC
18000038,20180514000000,Movime2.mdb:ChequesItens,scan_celula:DATA
18000043,20180417000000,Movime2.mdb:Cheques,scan_celula:DATA
18000053,20180514000000,Movime2.mdb:Cheques,scan_celula:DATA
18000056,20180722000000,Movime2.mdb:ChequesItens,scan_celula:DATA
18000069,36665500488281,Movime2.mdb:Veiculos,scan_celula:TDSP
18000081,20180713000000,Movime2.mdb:Cheques,scan_celula:DATA
18000096,20180803000000,Movime2.mdb:ChequesItens,scan_celula:DATA
18000098,20180803000000,Movime2.mdb:Cheques,scan_celula:DATA
18000116,31670999145507,Movime2.mdb:ChequesItens,scan_celula:VALO
18000120,20180209000000,Movime2.mdb:Veiculos,scan_celula:DATA
18000121,20180209000000,Movime2.mdb:Veiculos,scan_celula:DATA
18000122,20180209000000,Movime2.mdb:Veiculos,scan_celula:DATA
18000123,20180209000000,Movime2.mdb:Veiculos,scan_celula:DATA
18000124,20180209000000,Movime2.mdb:Veiculos,scan_celula:DATA
18000125,20180209000000,Movime2.mdb:Veiculos,scan_celula:DATA
18000130,38645698242187,Movime2.mdb:Veiculos,scan_celula:TGER
18000133,20181026000000,Movime2.mdb:ChequesItens,scan_celula:DATA
18000135,29105100097656,Movime2.mdb:Veiculos,scan_celula:TGER
18000197,97670001220703,Movime2.mdb:VeiculosItens,scan_celula:QUAN
18000214,36018999023437,Movime2.mdb:Veiculos,scan_celula:TDSP
18000215,61869501953125,Movime2.mdb:Veiculos,scan_celula:TREC
18000216,39673601074218,Movime2.mdb:Veiculos,scan_celula:TDSP
18000257,34540300292968,Movime2.mdb:VeiculosItens,scan_celula:UNIT
18000266,76630999755859,Movime2.mdb:VeiculosItens,scan_celula:TOTA
18000267,25300100097656,Movime2.mdb:Veiculos,scan_celula:TGER
18000297,62401103515625,Movime2.mdb:Veiculos,scan_celula:TREC
18000298,64656201171875,Movime2.mdb:Veiculos,scan_celula:TDSP
18000344,58870001220703,Movime2.mdb:VeiculosItens,scan_celula:QUAN
18000358,55748999023437,Movime2.mdb:VeiculosItens,scan_celula:UNIT
18000369,20180417000000,Movime2.mdb:Veiculos,scan_celula:DATL
18000370,20180417000000,Movime2.mdb:Veiculos,scan_celula:DATL
18000371,20180417000000,Movime2.mdb:Veiculos,scan_celula:DATL
18000372,20180417000000,Movime2.mdb:Veiculos,scan_celula:DATL
18000373,20180417000000,Movime2.mdb:Veiculos,scan_celula:DATL
18000374,20180417000000,Movime2.mdb:Veiculos,scan_celula:DATL
18000375,20180417000000,Movime2.mdb:Veiculos,scan_celula:DATL
18000376,20180417000000,Movime2.mdb:Veiculos,scan_celula:DATL
18000377,20180417000000,Movime2.mdb:Veiculos,scan_celula:DATL
18000378,20180417000000,Movime2.mdb:Veiculos,scan_celula:DATL
18000379,20180417000000,Movime2.mdb:Veiculos,scan_celula:DATL
18000380,20180417000000,Movime2.mdb:Veiculos,scan_celula:DATL
18000381,20180417000000,Movime2.mdb:Veiculos,scan_celula:DATL
18000382,20180417000000,Movime2.mdb:Veiculos,scan_celula:DATL
18000383,20180417000000,Movime2.mdb:Veiculos,scan_celula:DATL
18000384,20180417000000,Movime2.mdb:Veiculos,scan_celula:DATL
18000385,20180417000000,Movime2.mdb:Veiculos,scan_celula:DATL
18000386,20180417000000,Movime2.mdb:Veiculos,scan_celula:DATL
18000387,20180417000000,Movime2.mdb:Veiculos,scan_celula:DATL
18000388,20180417000000,Movime2.mdb:Veiculos,scan_celula:DATA
18000389,20180417000000,Movime2.mdb:Veiculos,scan_celula:DATA
18000390,20180417000000,Movime2.mdb:Veiculos,scan_celula:DATA
18000391,20180417000000,Movime2.mdb:Veiculos,scan_celula:DATA
18000392,20180417000000,Movime2.mdb:Veiculos,scan_celula:DATA
18000393,20180417000000,Movime2.mdb:Veiculos,scan_celula:DATL
18000394,20180417000000,Movime2.mdb:Veiculos,scan_celula:DATA
18000404,24672600097656,Movime2.mdb:Veiculos,scan_celula:TGER
18000416,55748999023437,Movime2.mdb:Veiculos,scan_celula:TREC
18000434,26798400878906,Movime2.mdb:Veiculos,scan_celula:TDSP
18000460,29904299316406,Movime2.mdb:Veiculos,scan_celula:TDSP
18000463,90829998779296,Movime2.mdb:VeiculosItens,scan_celula:QUAN
18000506,20180514000000,Movime2.mdb:Veiculos,scan_celula:DATA
18000510,20180514000000,Movime2.mdb:Veiculos,scan_celula:DATA
18000517,33381298828125,Movime2.mdb:Veiculos,scan_celula:TDSP
18000624,20180209000000,Movime2.mdb:MovFretes,scan_celula:DATA
18000625,20180209000000,Movime2.mdb:MovFretes,scan_celula:DATA
18000684,82419000244140,Movime2.mdb:VeiculosItens,scan_celula:TOTA
18000721,73951995849609,Movime2.mdb:Veiculos,scan_celula:TGER
18000732,41660000610351,Movime2.mdb:VeiculosItens,scan_celula:UNIT
18000742,20180417000000,Movime2.mdb:MovFretes,scan_celula:DATA
18000743,20180417000000,Movime2.mdb:MovFretes,scan_celula:DATA
18000745,20180713000000,Movime2.mdb:Veiculos,scan_celula:DATA
18000746,20180713000000,Movime2.mdb:Veiculos,scan_celula:DATA
18000747,20180713000000,Movime2.mdb:Veiculos,scan_celula:DATA
18000753,20180713000000,Movime2.mdb:Veiculos,scan_celula:DATA
18000754,20180713000000,Movime2.mdb:Veiculos,scan_celula:DATA
18000762,35898901367187,Movime2.mdb:Veiculos,scan_celula:TGER
18000786,20180514000000,Movime2.mdb:MovFretes,scan_celula:DATA
18000815,20180803000000,Movime2.mdb:Veiculos,scan_celula:DATA
18000816,20180803000000,Movime2.mdb:Veiculos,scan_celula:DATA
18000817,20180803000000,Movime2.mdb:Veiculos,scan_celula:DATA
18000819,20180803000000,Movime2.mdb:Veiculos,scan_celula:DATA
18000820,20180803000000,Movime2.mdb:Veiculos,scan_celula:DATA
18000822,30989999389648,Movime2.mdb:VeiculosItens,scan_celula:TOTA
18000825,20180803000000,Movime2.mdb:Veiculos,scan_celula:DATA
18000826,20180803000000,Movime2.mdb:Veiculos,scan_celula:DATA
18000919,20180713000000,Movime2.mdb:MovFretes,scan_celula:DATA
18000979,20180921000000,Movime2.mdb:Veiculos,scan_celula:DATL
18000980,20180921000000,Movime2.mdb:Veiculos,scan_celula:DATL
18000981,20180921000000,Movime2.mdb:Veiculos,scan_celula:DATL
18000982,20180921000000,Movime2.mdb:Veiculos,scan_celula:DATL
18000983,20180921000000,Movime2.mdb:Veiculos,scan_celula:DATL
18000984,20180921000000,Movime2.mdb:Veiculos,scan_celula:DATL
18000985,20180921000000,Movime2.mdb:Veiculos,scan_celula:DATL
18000986,20180921000000,Movime2.mdb:Veiculos,scan_celula:DATL
18000987,20180921000000,Movime2.mdb:Veiculos,scan_celula:DATL
18000988,20180921000000,Movime2.mdb:Veiculos,scan_celula:DATL
18000989,20180921000000,Movime2.mdb:Veiculos,scan_celula:DATA
18000990,20180921000000,Movime2.mdb:Veiculos,scan_celula:DATA
18000991,20180921000000,Movime2.mdb:Veiculos,scan_celula:DATL
18000992,20180921000000,Movime2.mdb:Veiculos,scan_celula:DATL
18000993,20180921000000,Movime2.mdb:Veiculos,scan_celula:DATA
18000994,20180921000000,Movime2.mdb:Veiculos,scan_celula:DATL
18000995,57892999267578,Movime2.mdb:VeiculosItens,scan_celula:TOTA
18000996,20180921000000,Movime2.mdb:Veiculos,scan_celula:DATA
18001019,24157199707031,Movime2.mdb:Veiculos,scan_celula:TGER
18001064,20180921000000,Movime2.mdb:MovFretes,scan_celula:DATA
18001065,20180921000000,Movime2.mdb:MovFretes,scan_celula:DATA
18001103,44412998046875,Movime2.mdb:Veiculos,scan_celula:TGER
18001107,41627999877929,Movime2.mdb:VeiculosItens,scan_celula:TOTA
18001121,20181026000000,Movime2.mdb:Veiculos,scan_celula:DATA
18001122,20181026000000,Movime2.mdb:Veiculos,scan_celula:DATA
18001123,20181026000000,Movime2.mdb:Veiculos,scan_celula:DATA
18001124,20181026000000,Movime2.mdb:Veiculos,scan_celula:DATA
18001125,20181026000000,Movime2.mdb:Veiculos,scan_celula:DATA
18001133,22374899902343,Movime2.mdb:Veiculos,scan_celula:TGER
18001139,20181026000000,Movime2.mdb:MovFretes,scan_celula:DATA
18001140,20181026000000,Movime2.mdb:MovFretes,scan_celula:DATA
18001141,20181026000000,Movime2.mdb:MovFretes,scan_celula:DATA
18001142,20181026000000,Movime2.mdb:MovFretes,scan_celula:DATA
18001143,20181026000000,Movime2.mdb:MovFretes,scan_celula:DATA
18001144,20181026000000,Movime2.mdb:MovFretes,scan_celula:DATA
18001149,52982900390625,Movime2.mdb:Veiculos,scan_celula:TREC
18001162,20181107000000,Movime2.mdb:Veiculos,scan_celula:DATA
18001163,20181107000000,Movime2.mdb:Veiculos,scan_celula:DATA
18001164,20181107000000,Movime2.mdb:MovFretes,scan_celula:DATA
18001165,20181107000000,Movime2.mdb:MovFretes,scan_celula:DATA
18001166,20181107000000,Movime2.mdb:Veiculos,scan_celula:DATA
18001167,20181107000000,Movime2.mdb:Veiculos,scan_celula:DATA
18001168,20181107000000,Movime2.mdb:Veiculos,scan_celula:DATA
18001172,37186298828125,Movime2.mdb:Veiculos,scan_celula:TDSP
18001207,37753400878906,Movime2.mdb:Veiculos,scan_celula:TDSP
18001212,20181123000000,Movime2.mdb:Veiculos,scan_celula:DATA
18001214,18949299316406,Movime2.mdb:Veiculos,scan_celula:TGER
18001215,20181204000000,Movime2.mdb:MovFretes,scan_celula:DATA
18001216,20181204000000,Movime2.mdb:MovFretes,scan_celula:DATA
18001217,20181204000000,Movime2.mdb:MovFretes,scan_celula:DATA
18001218,20181204000000,Movime2.mdb:MovFretes,scan_celula:DATA
18001219,20181204000000,Movime2.mdb:MovFretes,scan_celula:DATA
18001223,33674699707031,Movime2.mdb:Veiculos,scan_celula:TDSP
18001237,20181123000000,Movime2.mdb:Veiculos,scan_celula:DATA
18001251,20181204000000,Movime2.mdb:Veiculos,scan_celula:DATL
18001252,20181204000000,Movime2.mdb:Veiculos,scan_celula:DATL
18001253,20181204000000,Movime2.mdb:Veiculos,scan_celula:DATL
18001254,20181204000000,Movime2.mdb:Veiculos,scan_celula:DATL
18001255,20181204000000,Movime2.mdb:Veiculos,scan_celula:DATL
18001256,20181204000000,Movime2.mdb:Veiculos,scan_celula:DATL
18001257,20181204000000,Movime2.mdb:Veiculos,scan_celula:DATL
18001258,20181204000000,Movime2.mdb:Veiculos,scan_celula:DATL
18001259,20181204000000,Movime2.mdb:Veiculos,scan_celula:DATL
18001260,20181204000000,Movime2.mdb:Veiculos,scan_celula:DATL
18001261,20181204000000,Movime2.mdb:Veiculos,scan_celula:DATL
18001262,20181204000000,Movime2.mdb:Veiculos,scan_celula:DATL
18001263,20181204000000,Movime2.mdb:Veiculos,scan_celula:DATL
18001264,20181204000000,Movime2.mdb:Veiculos,scan_celula:DATL
18001265,20181204000000,Movime2.mdb:Veiculos,scan_celula:DATL
18001266,20181204000000,Movime2.mdb:Veiculos,scan_celula:DATL
18001267,20181204000000,Movime2.mdb:Veiculos,scan_celula:DATA
18001268,20181204000000,Movime2.mdb:Veiculos,scan_celula:DATA
18001269,20181204000000,Movime2.mdb:Veiculos,scan_celula:DATA
18001270,20181204000000,Movime2.mdb:Veiculos,scan_celula:DATA
18001271,20181204000000,Movime2.mdb:Veiculos,scan_celula:DATA
18001276,49827001953125,Movime2.mdb:Veiculos,scan_celula:TREC
18001288,23882199707031,Movime2.mdb:Veiculos,scan_celula:TGER
18001289,17776400146484,Movime2.mdb:VeiculosItens,scan_celula:TOTA
1897,79191706000138,BdGeral.mdb:Veiculos,scan_celula:PCNP
19000011,20190126000000,Movime2.mdb:Cheques,scan_celula:DATA
19000038,40988999023437,Movime2.mdb:Veiculos,scan_celula:TREC
19000039,20190325000000,Movime2.mdb:Cheques,scan_celula:DATA
19000040,20190325000000,Movime2.mdb:Cheques,scan_celula:DATA
19000041,20190325000000,Movime2.mdb:Cheques,scan_celula:DATA
19000042,20190325000000,Movime2.mdb:Cheques,scan_celula:DATA
19000045,20190415000000,Movime2.mdb:ChequesItens,scan_celula:DATA
19000046,19495100097656,Movime2.mdb:Veiculos,scan_celula:TGER
19000053,20190415000000,Movime2.mdb:ChequesItens,scan_celula:DATA
19000055,20190415000000,Movime2.mdb:Cheques,scan_celula:DATA
19000072,20190630000000,Movime2.mdb:ChequesItens,scan_celula:DATA
19000076,20190614000000,Movime2.mdb:Cheques,scan_celula:DATA
19000079,53690002441406,Movime2.mdb:VeiculosItens,scan_celula:UNIT
19000089,20190126000000,Movime2.mdb:Veiculos,scan_celula:DATA
19000090,20190910000000,Movime2.mdb:ChequesItens,scan_celula:DATA
19000092,20190126000000,Movime2.mdb:Veiculos,scan_celula:DATA
19000098,20190910000000,Movime2.mdb:ChequesItens,scan_celula:DATA
19000101,20190910000000,Movime2.mdb:ChequesItens,scan_celula:DATA
19000106,20191015000000,Movime2.mdb:ChequesItens,scan_celula:DATA
19000109,20190910000000,Movime2.mdb:ChequesItens,scan_celula:DATA
19000124,20191105000000,Movime2.mdb:Cheques,scan_celula:DATA
19000132,20190207000000,Movime2.mdb:Veiculos,scan_celula:DATA
19000133,20190207000000,Movime2.mdb:Veiculos,scan_celula:DATA
19000134,20190207000000,Movime2.mdb:Veiculos,scan_celula:DATA
19000135,20190207000000,Movime2.mdb:Veiculos,scan_celula:DATA
19000184,60576000976562,Movime2.mdb:VeiculosItens,scan_celula:TOTA
19000185,58568896484375,Movime2.mdb:Veiculos,scan_celula:TREC
19000229,22011101074218,Movime2.mdb:VeiculosItens,scan_celula:TOTA
19000274,20190325000000,Movime2.mdb:Veiculos,scan_celula:DATA
19000292,20190325000000,Movime2.mdb:Veiculos,scan_celula:DATA
19000293,20190325000000,Movime2.mdb:Veiculos,scan_celula:DATA
19000294,20190325000000,Movime2.mdb:Veiculos,scan_celula:DATA
19000296,20190325000000,Movime2.mdb:Veiculos,scan_celula:DATA
19000299,20190325000000,Movime2.mdb:Veiculos,scan_celula:DATA
19000306,89265002441406,Movime2.mdb:VeiculosItens,scan_celula:TOTA
19000307,52040002441406,Movime2.mdb:VeiculosItens,scan_celula:QUAN
19000338,45757700195312,Movime2.mdb:Veiculos,scan_celula:TREC
19000339,20190406000000,Movime2.mdb:Veiculos,scan_celula:DATA
19000340,20190406000000,Movime2.mdb:Veiculos,scan_celula:DATA
19000341,20190406000000,Movime2.mdb:Veiculos,scan_celula:DATA
19000342,20190406000000,Movime2.mdb:Veiculos,scan_celula:DATA
19000343,20190406000000,Movime2.mdb:Veiculos,scan_celula:DATA
19000344,20190406000000,Movime2.mdb:Veiculos,scan_celula:DATA
19000348,20190406000000,Movime2.mdb:Veiculos,scan_celula:DATA
19000349,20190406000000,Movime2.mdb:Veiculos,scan_celula:DATA
19000350,20190406000000,Movime2.mdb:Veiculos,scan_celula:DATA
19000356,16887099609375,Movime2.mdb:Veiculos,scan_celula:TGER
19000371,20190415000000,Movime2.mdb:Veiculos,scan_celula:DATA
19000435,52887001953125,Movime2.mdb:Veiculos,scan_celula:TREC
19001317,20190126000000,Movime2.mdb:MovFretes,scan_celula:DATA
19001318,20190126000000,Movime2.mdb:MovFretes,scan_celula:DATA
19001343,20190207000000,Movime2.mdb:MovFretes,scan_celula:DATA
19001344,20190207000000,Movime2.mdb:MovFretes,scan_celula:DATA
19001345,20190207000000,Movime2.mdb:MovFretes,scan_celula:DATA
19001346,20190207000000,Movime2.mdb:MovFretes,scan_celula:DATA
19001433,20190325000000,Movime2.mdb:MovFretes,scan_celula:DATA
19001434,20190325000000,Movime2.mdb:MovFretes,scan_celula:DATA
19001460,20190415000000,Movime2.mdb:MovFretes,scan_celula:DATA
19001461,20190415000000,Movime2.mdb:MovFretes,scan_celula:DATA
19001462,20190415000000,Movime2.mdb:MovFretes,scan_celula:DATA
19001463,20190415000000,Movime2.mdb:MovFretes,scan_celula:DATA
19001536,20190614000000,Movime2.mdb:MovFretes,scan_celula:DATA
19001537,20190614000000,Movime2.mdb:MovFretes,scan_celula:DATA
19001568,20190711000000,Movime2.mdb:MovFretes,scan_celula:DATA
19001569,20190711000000,Movime2.mdb:MovFretes,scan_celula:DATA
19001570,20190711000000,Movime2.mdb:MovFretes,scan_celula:DATA
19001571,20190711000000,Movime2.mdb:MovFretes,scan_celula:DATA
19001683,20190910000000,Movime2.mdb:MovFretes,scan_celula:DATA
19001684,20190910000000,Movime2.mdb:MovFretes,scan_celula:DATA
19001746,20191015000000,Movime2.mdb:MovFretes,scan_celula:DATA
19001747,20191015000000,Movime2.mdb:MovFretes,scan_celula:DATA
19001761,20191024000000,Movime2.mdb:MovFretes,scan_celula:DATA
19001762,20191024000000,Movime2.mdb:MovFretes,scan_celula:DATA
19001763,20191024000000,Movime2.mdb:MovFretes,scan_celula:DATA
19001764,20191024000000,Movime2.mdb:MovFretes,scan_celula:DATA
20000015,23449000549316,Movime2.mdb:ChequesItens,scan_celula:VALO
20000037,20200403000000,Movime2.mdb:Cheques,scan_celula:DATA
20000054,20200530000000,Movime2.mdb:ChequesItens,scan_celula:DATA
20000123,20210105000000,Movime2.mdb:ChequesItens,scan_celula:DATA
20001864,20200107000000,Movime2.mdb:MovFretes,scan_celula:DATA
20001865,20200107000000,Movime2.mdb:MovFretes,scan_celula:DATA
20001919,20200204000000,Movime2.mdb:MovFretes,scan_celula:DATA
20001920,20200204000000,Movime2.mdb:MovFretes,scan_celula:DATA
20001984,20200331000000,Movime2.mdb:MovFretes,scan_celula:DATA
20001985,20200331000000,Movime2.mdb:MovFretes,scan_celula:DATA
20002060,20200530000000,Movime2.mdb:MovFretes,scan_celula:DATA
20002232,20200918000000,Movime2.mdb:MovFretes,scan_celula:DATA
20002233,20200918000000,Movime2.mdb:MovFretes,scan_celula:DATA
20002280,20201021000000,Movime2.mdb:MovFretes,scan_celula:DATA
20002281,20201021000000,Movime2.mdb:MovFretes,scan_celula:DATA
20002282,20201021000000,Movime2.mdb:MovFretes,scan_celula:DATA
20002315,51200000762939,Movime2.mdb:MovFretesItens,scan_celula:TUNI
21000007,20210223000000,Movime2.mdb:ChequesItens,scan_celula:DATA
21000008,20210401000000,Movime2.mdb:ChequesItens,scan_celula:DATA
21000019,20210304000000,Movime2.mdb:Cheques,scan_celula:DATA
21000023,20210320000000,Movime2.mdb:ChequesItens,scan_celula:DATA
21000026,20210320000000,Movime2.mdb:Cheques,scan_celula:DATA
21000077,20211010000000,Movime2.mdb:ChequesItens,scan_celula:DATA
21000111,20220212000000,Movime2.mdb:ChequesItens,scan_celula:DATA
21002376,20210105000000,Movime2.mdb:MovFretes,scan_celula:DATA
21002377,20210105000000,Movime2.mdb:MovFretes,scan_celula:DATA
21002379,83199996948242,Movime2.mdb:MovFretesItens,scan_celula:TUNI
21002429,20210223000000,Movime2.mdb:MovFretes,scan_celula:DATA
21002430,20210223000000,Movime2.mdb:MovFretes,scan_celula:DATA
21002431,20210223000000,Movime2.mdb:MovFretes,scan_celula:DATA
21002432,20210223000000,Movime2.mdb:MovFretes,scan_celula:DATA
21002441,20210304000000,Movime2.mdb:MovFretes,scan_celula:DATA
21002465,20210401000000,Movime2.mdb:MovFretes,scan_celula:DATA
21002466,20210401000000,Movime2.mdb:MovFretes,scan_celula:DATA
21002660,20210819000000,Movime2.mdb:MovFretes,scan_celula:DATA
21002661,20210819000000,Movime2.mdb:MovFretes,scan_celula:DATA
21002662,20210819000000,Movime2.mdb:MovFretes,scan_celula:DATA
21002703,20210916000000,Movime2.mdb:MovFretes,scan_celula:DATA
21002704,20210916000000,Movime2.mdb:MovFretes,scan_celula:DATA
22000027,20220420000000,Movime2.mdb:ChequesItens,scan_celula:DATA
22000036,20220727000000,Movime2.mdb:ChequesItens,scan_celula:DATA
22000056,20220808000000,Movime2.mdb:Cheques,scan_celula:DATA
22000060,20220817000000,Movime2.mdb:Cheques,scan_celula:DATA
22000070,20221110000000,Movime2.mdb:ChequesItens,scan_celula:DATA
22000077,20221110000000,Movime2.mdb:ChequesItens,scan_celula:DATA
22000082,20221110000000,Movime2.mdb:Cheques,scan_celula:DATA
22000083,20221110000000,Movime2.mdb:Cheques,scan_celula:DATA
22002897,20220131000000,Movime2.mdb:MovFretes,scan_celula:DATA
22002898,20220131000000,Movime2.mdb:MovFretes,scan_celula:DATA
22002912,20220212000000,Movime2.mdb:MovFretes,scan_celula:DATA
22002913,20220212000000,Movime2.mdb:MovFretes,scan_celula:DATA
22002922,20220221000000,Movime2.mdb:MovFretes,scan_celula:DATA
22002990,20220420000000,Movime2.mdb:MovFretes,scan_celula:DATA
22002991,20220420000000,Movime2.mdb:MovFretes,scan_celula:DATA
22002992,20220420000000,Movime2.mdb:MovFretes,scan_celula:DATA
22003030,20220528000000,Movime2.mdb:MovFretes,scan_celula:DATA
22003031,20220528000000,Movime2.mdb:MovFretes,scan_celula:DATA
22003043,20220609000000,Movime2.mdb:MovFretes,scan_celula:DATA
22003101,20220727000000,Movime2.mdb:MovFretes,scan_celula:DATA
22003116,20220808000000,Movime2.mdb:MovFretes,scan_celula:DATA
22003125,20220817000000,Movime2.mdb:MovFretes,scan_celula:DATA
22003126,20220817000000,Movime2.mdb:MovFretes,scan_celula:DATA
22003214,20221110000000,Movime2.mdb:MovFretes,scan_celula:DATA
22003215,20221110000000,Movime2.mdb:MovFretes,scan_celula:DATA
23000013,20230113000000,Movime2.mdb:MovFretes,scan_celula:DATA
23000014,20230113000000,Movime2.mdb:MovFretes,scan_celula:DATA
23000015,20230113000000,Movime2.mdb:MovFretes,scan_celula:DATA
23000021,20230429000000,Movime2.mdb:ChequesItens,scan_celula:DATA
23000034,20230924000000,Movime2.mdb:ChequesItens,scan_celula:DATA
23000043,20230210000000,Movime2.mdb:MovFretes,scan_celula:DATA
23000110,20230429000000,Movime2.mdb:MovFretes,scan_celula:DATA
23000111,20230429000000,Movime2.mdb:MovFretes,scan_celula:DATA
23000112,20230429000000,Movime2.mdb:MovFretes,scan_celula:DATA
23000113,20230429000000,Movime2.mdb:MovFretes,scan_celula:DATA
23000114,20230429000000,Movime2.mdb:MovFretes,scan_celula:DATA
23000164,20230628000000,Movime2.mdb:MovFretes,scan_celula:DATA
24000003,20240310000000,Movime2.mdb:ChequesItens,scan_celula:DATA
24000006,20240111000000,Movime2.mdb:MovFretes,scan_celula:DATA
24000156,20240626000000,Movime2.mdb:MovFretes,scan_celula:DATA
24000157,20240626000000,Movime2.mdb:MovFretes,scan_celula:DATA
24000158,20240626000000,Movime2.mdb:MovFretes,scan_celula:DATA
24000236,20240906000000,Movime2.mdb:MovFretes,scan_celula:DATA
24000237,20240906000000,Movime2.mdb:MovFretes,scan_celula:DATA
24000302,20241108000000,Movime2.mdb:MovFretes,scan_celula:DATA
25000029,20250814000000,Movime2.mdb:ChequesItens,scan_celula:DATA
25000058,20250319000000,Movime2.mdb:MovFretes,scan_celula:DATA
25000258,20251127000000,Movime2.mdb:MovFretes,scan_celula:DATA
25000267,20251208000000,Movime2.mdb:MovFretes,scan_celula:DATA
25000268,20251208000000,Movime2.mdb:MovFretes,scan_celula:DATA
26000037,20260227000000,Movime2.mdb:MovFretes,scan_celula:DATA
2891,79348207000101,BdGeral.mdb:Veiculos,scan_celula:PCNP
3574,79348207000101,BdGeral.mdb:Veiculos,scan_celula:PCNP
3736,79348207000101,BdGeral.mdb:Veiculos,scan_celula:PCNP
82,20050808000000,BdGeral.mdb:CarteirasItens,scan_celula:DATA
9005,07502769000157,BdGeral.mdb:Veiculos,scan_celula:PCNP
9007,79191706000138,BdGeral.mdb:Veiculos,scan_celula:PCNP
9017,07502769000157,BdGeral.mdb:Veiculos,scan_celula:PCNP
9025,07502769000157,BdGeral.mdb:Veiculos,scan_celula:PCNP
9416,79348207000101,BdGeral.mdb:Veiculos,scan_celula:PCNP
999999,20110809000000,BdGeral.mdb:Tabelas,scan_celula:DATA
